replica,J7a_ueV,J7b_ueV,deltaJ7_ueV
1,0.34985226086963245,8.266815932542858,7.91696367167323
2,0.3073899039172294,8.255329011141848,7.94793910722462
3,0.41983173080029385,8.39266089214931,7.97282916134902
4,0.3590152892378495,8.267646461356138,7.90863117211829
5,0.29862961223104023,8.310621773342866,8.01199216111183
6,0.34231395921804453,8.345869873787924,8.00355591456988
7,0.2244678906084735,8.25213984758235,8.02767195697388
8,0.3083662909955626,8.269387056318944,7.96102076532338
9,0.3443821324941511,8.214111098821311,7.86972896632716
10,0.42732383400268464,8.240579192486518,7.81325535848383
11,0.37275649240195147,8.37053250163216,7.99777600923021
12,0.287756190916455,8.205400972640042,7.91764478172359
13,0.23461919514793636,8.188288598511836,7.9536694033639
14,0.31104714455429827,8.337666576580787,8.02661943202649
15,0.3092221632558051,8.311605955832453,8.00238379257665
16,0.3835714429197023,8.406420269463343,8.02284882654364
17,0.39372228945535737,8.302192843674721,7.90847055421936
18,0.34621415817723655,8.343409673213698,7.99719551503646
19,0.2557889956348819,8.177500526147307,7.92171153051243
20,0.3212518677328524,8.287871334006802,7.96661946627395
21,0.3910544859342056,8.375759881984985,7.98470539605078
22,0.30883799793422567,8.285305586739222,7.976467588805
23,0.3075692676192819,8.241596581895422,7.93402731427614
24,0.26077707044615783,8.270178631015543,8.00940156056939
25,0.2269025522900536,8.194383601641512,7.96748104935146
26,0.32733502648914037,8.350951697026465,8.02361667053733
27,0.39044188206147945,8.399199968583767,8.00875808652229
28,0.22543202017118721,8.261025216716115,8.03559319654493
29,0.2610625156905088,8.20073827401402,7.93967575832351
30,0.2111802623514913,8.178757538457214,7.96757727610572
31,0.2611935014039889,8.267986923473725,8.00679342206974
32,0.3130586145181454,8.262535151888995,7.94947653737085
33,0.3539803234007968,8.358811106318788,8.00483078291799
34,0.263327663406402,8.23834706124817,7.97501939784177
35,0.36215567127375586,8.275549085442497,7.91339341416874
36,0.3748903499045629,8.326966669877779,7.95207631997322
37,0.19137543850441557,8.28985227327235,8.09847683476793
38,0.46402794310152123,8.340597858490757,7.87656991538924
39,0.4306113130011683,8.2464181984519,7.81580688545073
40,0.4159069224555912,8.331815328764849,7.91590840630926
41,0.258907247590904,8.296344924134504,8.0374376765436
42,0.36015195489652596,8.349776885157723,7.9896249302612
43,0.26617989750351984,8.296085952500345,8.02990605499683
44,0.25151519168764297,8.233310574842626,7.98179538315498
45,0.20382043261379224,8.16401131860792,7.96019088599413
46,0.3558453781157098,8.401488449978006,8.0456430718623
47,0.41065410932368873,8.420844578465447,8.01019046914176
48,0.30856171719068487,8.353828760340031,8.04526704314935
49,0.27000355943893833,8.276669894673246,8.00666633523431
50,0.3043916944225341,8.283913520147545,7.97952182572501
51,0.3984523291147891,8.364387287525565,7.96593495841078
52,0.3807959476379011,8.327037252331568,7.94624130469367
53,0.4135668247761588,8.313333025119002,7.89976620034284
54,0.4464357716963546,8.30242313908895,7.85598736739259
55,0.3582036751963878,8.272651659333286,7.9144479841369
56,0.33654413685270285,8.277388596622414,7.94084445976971
57,0.26797390623405754,8.257532942210442,7.98955903597639
58,0.2647856313978164,8.226779228779979,7.96199359738216
59,0.3462298463199067,8.361047332672479,8.01481748635257
60,0.30980637064626426,8.268722584878768,7.9589162142325
61,0.3414513363836927,8.311221857445553,7.96977052106186
62,0.3426461453380526,8.246112335947863,7.90346619060981
63,0.3215064352643434,8.288560033756259,7.96705359849192
64,0.22826228832323492,8.2908985348286,8.06263624650536
65,0.4051340216315352,8.403832149142302,7.99869812751077
66,0.38630041911377627,8.42244683930123,8.03614642018745
67,0.32542126032233193,8.302892862098288,7.97747160177596
68,0.30691056726332533,8.264694304429145,7.95778373716582
69,0.32552545202290506,8.278802816625761,7.95327736460286
70,0.18564242605433093,8.104022544937527,7.9183801188832
71,0.27623534249310006,8.17825012332204,7.90201478082894
72,0.30346764942782817,8.325591271599759,8.02212362217193
73,0.342872182398558,8.347001432322406,8.00412924992385
74,0.33835019304986824,8.297074416824856,7.95872422377499
75,0.3719705642039341,8.318379325726971,7.94640876152304
76,0.3241388409225819,8.265363018850081,7.9412241779275
77,0.42585818249960905,8.391490061219585,7.96563187871998
78,0.31471396022481973,8.372047503357102,8.05733354313228
79,0.25160088266027714,8.22661230144198,7.9750114187817
80,0.35661499714258127,8.23598885869856,7.87937386155598
81,0.31773301921404024,8.470532842323815,8.15279982310977
82,0.31430783209435553,8.278983272081883,7.96467543998753
83,0.31750694664719414,8.29563633817997,7.97812939153278
84,0.31593215499828153,8.361243433283004,8.04531127828472
85,0.3359219956319392,8.133801963156923,7.79787996752498
86,0.2811218832345757,8.198316660715113,7.91719477748054
87,0.40779513313055377,8.325076800084398,7.91728166695384
88,0.423513384722094,8.319613194224088,7.89609980950199
89,0.39954798979686407,8.225453397017445,7.82590540722058
90,0.2540750235356231,8.261461283676017,8.00738626014039
91,0.3177386711291545,8.315747884197886,7.99800921306873
92,0.28287271532490527,8.187497840507541,7.90462512518264
93,0.37444469632375904,8.406374811015018,8.03193011469126
94,0.34694908231555327,8.30028362764075,7.9533345453252
95,0.34396700252174184,8.307135233838615,7.96316823131687
96,0.30115021419490795,8.282975874739728,7.98182566054482
97,0.3973865632735762,8.304766480284298,7.90737991701072
98,0.4332814039873653,8.292348055614923,7.85906665162756
99,0.32298584181657186,8.267601758040554,7.94461591622398
100,0.4565018380282078,8.298109626676327,7.84160778864812
101,0.4064810616439846,8.309673623142942,7.90319256149896
102,0.32691915325813087,8.268888419707066,7.94196926644894
103,0.26040801549875586,8.391294867026236,8.13088685152748
104,0.34793890700302127,8.202955921628375,7.85501701462535
105,0.3481457381692363,8.270814205823534,7.9226684676543
106,0.3500271207115319,8.277624840808773,7.92759772009724
107,0.1974502771951201,8.16286876763208,7.96541849043696
108,0.3571040949295564,8.326443902871615,7.96933980794206
109,0.3173611341844096,8.378059784187801,8.06069865000339
110,0.2917564323950178,8.233005967082436,7.94124953468742
111,0.38051635468604406,8.338479273534801,7.95796291884876
112,0.3286241642619489,8.342849484772579,8.01422532051063
113,0.37996343290207235,8.30958605516885,7.92962262226678
114,0.40015451171883043,8.256570205688007,7.85641569396918
115,0.3651680009214949,8.338033818537635,7.97286581761614
116,0.4616016953300738,8.440254031065816,7.97865233573574
117,0.28399324852304153,8.248885935266667,7.96489268674363
118,0.37913797547622874,8.2966298041574,7.91749182868117
119,0.3543036130984227,8.228550127451989,7.87424651435357
120,0.3450229964589295,8.403520341022428,8.0584973445635
121,0.33740848488714387,8.18408780050181,7.84667931561467
122,0.33682722584494784,8.373351380941957,8.03652415509701
123,0.3370471304104441,8.341409779052855,8.00436264864241
124,0.29500228489061125,8.336116050945803,8.04111376605519
125,0.4321295583521349,8.314380848060384,7.88225128970825
126,0.43326475815587434,8.462706125434133,8.02944136727826
127,0.3238662661963883,8.30657423095436,7.98270796475797
128,0.4219037684065699,8.333855759366779,7.91195199096021
129,0.34172468029114117,8.164265835488695,7.82254115519755
130,0.30656329647178693,8.265560218555184,7.9589969220834
131,0.36362721698180833,8.375390053078831,8.01176283609702
132,0.31931595442420324,8.259782880537477,7.94046692611327
133,0.2677977051636127,8.349664356155015,8.0818666509914
134,0.2951086768689665,8.212039353621844,7.91693067675288
135,0.36374186516844764,8.27532039578527,7.91157853061682
136,0.3021647180019181,8.168530832984334,7.86636611498242
137,0.4208581619404936,8.297104307229755,7.87624614528926
138,0.3192967918332086,8.331396150501618,8.01209935866841
139,0.28659202843903997,8.310036272223758,8.02344424378472
140,0.24416537231045327,8.246874855255633,8.00270948294518
141,0.37741561137379226,8.314320621837346,7.93690501046355
142,0.4725010480118231,8.339261011045027,7.8667599630332
143,0.36693495544269866,8.288320620904813,7.92138566546211
144,0.37265861608972406,8.312137892444618,7.93947927635489
145,0.2935354538506315,8.242560237162337,7.94902478331171
146,0.3652695080515021,8.316508814104738,7.95123930605324
147,0.3446387562666759,8.36820844600552,8.02356968973884
148,0.41698459569210167,8.356816714833988,7.93983211914189
149,0.3388601813648855,8.158436942878822,7.81957676151394
150,0.42035358789569155,8.372115036901741,7.95176144900605
151,0.24370168919581353,8.17204322053214,7.92834153133633
152,0.3051334636290973,8.312105134745913,8.00697167111682
153,0.22083714744093227,8.217359264465372,7.99652211702444
154,0.34621884382711665,8.136471260230113,7.790252416403
155,0.33488723350292654,8.307129804308936,7.97224257080601
156,0.40872052386103414,8.417462946172188,8.00874242231115
157,0.2749149702168665,8.184082834520815,7.90916786430395
158,0.35263215870497155,8.342116238488824,7.98948407978385
159,0.37379549255297645,8.366333422281459,7.99253792972848
160,0.2874219529945673,8.276715538540056,7.98929358554549
161,0.3100391674361899,8.315855082841528,8.00581591540534
162,0.3600765246184644,8.36916259299288,8.00908606837442
163,0.2572763179713294,8.189675781364832,7.9323994633935
164,0.2869067286077518,8.24905446936852,7.96214774076077
165,0.3763509284317765,8.35225330466896,7.97590237623718
166,0.32847202671049236,8.35400254481244,8.02553051810195
167,0.41801876287195666,8.376449013573923,7.95843025070197
168,0.3514076501498682,8.310649744878079,7.95924209472821
169,0.3732543012755808,8.28064355023122,7.90738924895564
170,0.22964572946000966,8.21232168570917,7.98267595624916
171,0.34851488701650024,8.232643636860379,7.88412874984388
172,0.285631081510156,8.223729943541294,7.93809886203114
173,0.30402207291144356,8.2544060412536,7.95038396834216
174,0.2726776069233847,8.257744391166378,7.98506678424299
175,0.3486326871665743,8.298340146827721,7.94970745966115
176,0.3617366301041054,8.241868549260706,7.8801319191566
177,0.3072501764848435,8.21586636057827,7.90861618409343
178,0.3416560258993808,8.32509230185981,7.98343627596043
179,0.42943236251182826,8.358936123354697,7.92950376084287
180,0.3996553297410121,8.407814803135157,8.00815947339414
181,0.269383119747372,8.151877635467802,7.88249451572043
182,0.3311752079754527,8.277858580870179,7.94668337289473
183,0.28844737926020997,8.281548047091674,7.99310066783146
184,0.31495050800947777,8.363727840341364,8.04877733233189
185,0.40409526406895085,8.373966452628977,7.96987118856003
186,0.2821335801933176,8.307793303972538,8.02565972377922
187,0.4186376646466024,8.445715352966824,8.02707768832022
188,0.33115237008232284,8.364189734917781,8.03303736483546
189,0.2621991065377419,8.210690254946092,7.94849114840835
190,0.2026088512425357,8.158758730705419,7.95614987946288
191,0.3297600614917776,8.216010807854952,7.88625074636317
192,0.4598848549032226,8.432476548021263,7.97259169311804
193,0.329639209744381,8.26900416493858,7.9393649551942
194,0.3490145057365114,8.302797506843575,7.95378300110706
195,0.395812458167681,8.402168845963121,8.00635638779544
196,0.29274941714046593,8.31729129377986,8.02454187663939
197,0.3089150736323379,8.280955879463221,7.97204080583088
198,0.34059784096585205,8.299794652571713,7.95919681160586
199,0.3310579360224619,8.364819394336605,8.03376145831414
200,0.3842254175363198,8.332209928135338,7.94798451059902
201,0.2636798764266686,8.2964069554102,8.03272707898353
202,0.36179064049511767,8.347807750824984,7.98601711032987
203,0.2539565391230863,8.21860199836491,7.96464545924182
204,0.3437133402895218,8.345824963929127,8.00211162363961
205,0.379536532917515,8.340345315239865,7.96080878232235
206,0.33861203529748873,8.281552434527601,7.94294039923011
207,0.33989504360546985,8.38302593820609,8.04313089460062
208,0.39047797437073034,8.415847988199962,8.02537001382923
209,0.3974412092339079,8.37475912614826,7.97731791691435
210,0.3352285124873432,8.24409910326526,7.90887059077792
211,0.19226494998083601,8.24088913982509,8.04862418984425
212,0.32835556899185697,8.342402229938518,8.01404666094666
213,0.312110964194612,8.245995514817078,7.93388455062247
214,0.33627836545162065,8.326916151534801,7.99063778608318
215,0.33400927441678524,8.27124813983112,7.93723886541434
216,0.3256113824452603,8.269988972680183,7.94437759023492
217,0.34846481638207993,8.285949038840469,7.93748422245839
218,0.2710796740477988,8.251542269666757,7.98046259561896
219,0.3131436309915994,8.258951686449077,7.94580805545748
220,0.2892327726112008,8.297197579293973,8.00796480668277
221,0.34637114757902143,8.301277612203304,7.95490646462428
222,0.32152680096863834,8.298233758405294,7.97670695743666
223,0.30841555830561623,8.25994253899765,7.95152698069203
224,0.3464579518398184,8.3957467761955,8.04928882435568
225,0.19648320924768678,8.191093751753204,7.99461054250552
226,0.36273488686261457,8.221605892548848,7.85887100568623
227,0.3282444097489741,8.325177035816584,7.99693262606761
228,0.2722356905928725,8.240203201736463,7.96796751114359
229,0.2800272077628773,8.225960840069655,7.94593363230678
230,0.2837246016641248,8.28741867973893,8.00369407807481
231,0.3179997957384483,8.215852113703297,7.89785231796485
232,0.2981964714594313,8.315118788957951,8.01692231749852
233,0.4030441786719424,8.352839390923116,7.94979521225117
234,0.3143205861808366,8.362659812908012,8.04833922672718
235,0.35534410508410386,8.351681574771252,7.99633746968715
236,0.41388153351124823,8.370453165791412,7.95657163228016
237,0.3114643300310073,8.182959344731904,7.8714950147009
238,0.29476915977537704,8.203296253360012,7.90852709358463
239,0.3686716411201594,8.319594914879769,7.95092327375961
240,0.39143910897257633,8.317508267956985,7.92606915898441
241,0.3443838155731195,8.376352676568724,8.0319688609956
242,0.3299374614973549,8.290588883945691,7.96065142244834
243,0.33758592662134373,8.317692053161945,7.9801061265406
244,0.17985441951902875,8.181295634602582,8.00144121508355
245,0.3487337804001623,8.310918016373305,7.96218423597314
246,0.32758215378272754,8.351297170110264,8.02371501632754
247,0.2523422102860976,8.174570264428823,7.92222805414273
248,0.20804232615163015,8.324727150972363,8.11668482482073
249,0.30366280846611576,8.32436293769951,8.02070012923339
250,0.4473957954054882,8.391458033927012,7.94406223852152
251,0.4162930692523832,8.367928269628798,7.95163520037642
252,0.30210384880285923,8.298094867223396,7.99599101842054
253,0.371743339500736,8.355485148050464,7.98374180854973
254,0.35501685804149485,8.34813810824061,7.99312125019912
255,0.37792375924755056,8.258600051432605,7.88067629218506
256,0.2911050470995861,8.243809107591916,7.95270406049233
257,0.21871611771425828,8.151945614929971,7.93322949721571
258,0.2933574379024005,8.273947784162294,7.98059034625989
259,0.29796270404854364,8.19598683939353,7.89802413534499
260,0.3682631332735891,8.364061598701616,7.99579846542803
261,0.35620233768680615,8.258772603611913,7.90257026592511
262,0.32020979722583076,8.220512321953732,7.9003025247279
263,0.3093142403165765,8.258061224463287,7.94874698414671
264,0.28696165412738234,8.303976769828477,8.01701511570109
265,0.4171496080047001,8.295098780229974,7.87794917222527
266,0.170764189543145,8.14718809070744,7.97642390116429
267,0.2622096802295799,8.226175019968746,7.96396533973917
268,0.3284906348456705,8.239259742658339,7.91076910781267
269,0.3112270234605555,8.40430098693771,8.09307396347715
270,0.28374037684961173,8.356397130739524,8.07265675388991
271,0.27522858799792277,8.27935334376076,8.00412475576284
272,0.3604595606315189,8.206340831744408,7.84588127111289
273,0.3424595959734779,8.320231574581072,7.97777197860759
274,0.2316363923103564,8.2276991850886,7.99606279277824
275,0.3227143197332132,8.288895651794588,7.96618133206137
276,0.3423583038966249,8.271463080862128,7.9291047769655
277,0.3305972060212961,8.26902840158439,7.93843119556309
278,0.2910204458855454,8.337842918446269,8.04682247256072
279,0.3725020017435716,8.336167582496884,7.96366558075331
280,0.23904456741518892,8.23198062946626,7.99293606205107
281,0.47817113141421924,8.32445995433185,7.84628882291763
282,0.27907990634380114,8.287731182584684,8.00865127624088
283,0.2784989317860159,8.320244526743535,8.04174559495752
284,0.3615589501028326,8.331047450985343,7.96948850088251
285,0.4234502999878411,8.406812122543226,7.98336182255538
286,0.3550999812539577,8.365406652833236,8.01030667157928
287,0.37984446690823237,8.301465672050986,7.92162120514275
288,0.31281448036407217,8.323102033818849,8.01028755345478
289,0.3771645762245491,8.325540788064956,7.94837621184041
290,0.2988036362506965,8.303651371838896,8.0048477355882
291,0.33946311337320834,8.333189693911526,7.99372658053832
292,0.33381216205333014,8.398259607601197,8.06444744554787
293,0.32784888294350323,8.295623146723264,7.96777426377976
294,0.3005856359462552,8.328303763866863,8.02771812792061
295,0.4252366456519589,8.371756571969687,7.94651992631773
296,0.4156871714900639,8.315703737439224,7.90001656594916
297,0.3105397683448598,8.34274162743791,8.03220185909305
298,0.35395806493177767,8.303776054090132,7.94981798915835
299,0.3524394976371061,8.346767671789125,7.99432817415202
300,0.3192546480879457,8.28274331374203,7.96348866565408
301,0.2320654035745306,8.291807804067327,8.0597424004928
302,0.3604276577491838,8.314449745295432,7.95402208754625
303,0.19917305114711648,8.241943499299378,8.04277044815226
304,0.30360512445405363,8.271599120697527,7.96799399624347
305,0.3231700557326502,8.194425476074285,7.87125542034163
306,0.3743563725239916,8.30620261903922,7.93184624651523
307,0.320127592218054,8.290107932472903,7.96998034025485
308,0.37021559574350654,8.450010904714325,8.07979530897082
309,0.37731007278102197,8.347580808988264,7.97027073620724
310,0.3782996523480557,8.317235119329482,7.93893546698143
311,0.21428970339707007,8.199396721813024,7.98510701841595
312,0.32609246370022377,8.230971253055664,7.90487878935544
313,0.3436726376054733,8.296495620114657,7.95282298250918
314,0.3635212699898979,8.30584022785046,7.94231895786056
315,0.27085350265412855,8.211316781867353,7.94046327921322
316,0.22125196785235415,8.163827242213456,7.9425752743611
317,0.2118390164806603,8.297708838251465,8.0858698217708
318,0.31553722209957363,8.220103622711859,7.90456640061229
319,0.31821698364313933,8.289286272010651,7.97106928836751
320,0.3769873817618713,8.299647732672868,7.922660350911
321,0.28946207803281293,8.259663284626653,7.97020120659384
322,0.31719505803988296,8.340375462901514,8.02318040486163
323,0.26948724940704094,8.247136776248853,7.97764952684181
324,0.3302695391544456,8.318007336434968,7.98773779728052
325,0.3722481761323415,8.405835220507393,8.03358704437505
326,0.39643869680971455,8.39367159385865,7.99723289704894
327,0.3815960709506058,8.266302160626276,7.88470608967567
328,0.2804779678545566,8.300380850548548,8.01990288269399
329,0.3062241000986396,8.174753847519199,7.86852974742056
330,0.29258370770389647,8.34691361199275,8.05432990428885
331,0.3912067889912092,8.33604902236315,7.94484223337194
332,0.3645683634027258,8.346274560234816,7.98170619683209
333,0.3192128350762994,8.233869795262196,7.9146569601859
334,0.4514212521573732,8.472196669062068,8.02077541690469
335,0.3688923756943636,8.350709006735197,7.98181663104083
336,0.3785839095281091,8.245647599749885,7.86706369022178
337,0.30731187567728263,8.293072570538913,7.98576069486163
338,0.28539588919608844,8.267201597049873,7.98180570785378
339,0.3792341384806401,8.313418919703278,7.93418478122264
340,0.25511870873821824,8.289162605896717,8.0340438971585
341,0.4310491589102864,8.4134847587408,7.98243559983051
342,0.32548689528698976,8.288165420351746,7.96267852506476
343,0.37980823331490177,8.296215564876933,7.91640733156203
344,0.35831470727725456,8.231669375542113,7.87335466826486
345,0.32948561634054785,8.304255949423105,7.97477033308256
346,0.3868769038274222,8.387258423963312,8.00038152013589
347,0.3295331476515248,8.16297618024338,7.83344303259186
348,0.28775104881629077,8.298681855443903,8.01093080662761
349,0.3124600344570587,8.185921525619138,7.87346149116208
350,0.4051361815889115,8.365916462327988,7.96078028073908
351,0.32983552833774454,8.33411836514209,8.00428283680434
352,0.47154273338989666,8.317407391603277,7.84586465821338
353,0.43731558888965794,8.380336650678043,7.94302106178838
354,0.333558705862074,8.317739418296231,7.98418071243416
355,0.2918505323308985,8.216616323886042,7.92476579155514
356,0.35357251648995336,8.379982398382934,8.02640988189298
357,0.40253807317363915,8.284474583845494,7.88193651067185
358,0.4023057908023725,8.432951052515254,8.03064526171288
359,0.19330750751315964,8.254647488444482,8.06133998093132
360,0.3102682737191932,8.24880081621487,7.93853254249568
361,0.4357877735512692,8.329698806172281,7.89391103262101
362,0.40186987316776024,8.187701753234512,7.78583188006675
363,0.22787279276793881,8.282837368622893,8.05496457585495
364,0.32675544589089184,8.364981252251702,8.03822580636081
365,0.4175823886046204,8.317112422724017,7.8995300341194
366,0.2382680971268255,8.22541998315272,7.9871518860259
367,0.34072826307691984,8.291279783743745,7.95055152066683
368,0.3720448732621957,8.364999277492966,7.99295440423077
369,0.24655351710224233,8.315777414406925,8.06922389730468
370,0.22247571005144892,8.250454893824964,8.02797918377352
371,0.35528060464867356,8.3145901980513,7.95930959340263
372,0.3986599382429769,8.194967761270798,7.79630782302782
373,0.2780786932127274,8.207930358374824,7.9298516651621
374,0.30945582887860795,8.271821079393767,7.96236525051516
375,0.4066585737406845,8.317579134447506,7.91092056070682
376,0.433634380933456,8.325590368033936,7.89195598710048
377,0.3349209980789956,8.261759701581695,7.9268387035027
378,0.26779832355430505,8.32680747965648,8.05900915610218
379,0.3396954695263994,8.235362244071938,7.89566677454554
380,0.31357399034823447,8.287018610373597,7.97344462002536
381,0.41114095353803387,8.335476074454624,7.92433512091659
382,0.3956361795551819,8.315225683379824,7.91958950382464
383,0.368244402403448,8.329122387189978,7.96087798478653
384,0.22885073419318472,8.196939681370866,7.96808894717768
385,0.36619355973443785,8.395805857557521,8.02961229782308
386,0.2726067314993287,8.205710473097835,7.93310374159851
387,0.3151259084862914,8.244328579997557,7.92920267151127
388,0.3233689921017268,8.258964991292387,7.93559599919066
389,0.4120562478908835,8.361926167068178,7.94986991917729
390,0.3077146082418841,8.273140719443312,7.96542611120143
391,0.30745522694920674,8.245320399257439,7.93786517230823
392,0.3170629913822379,8.262954732808476,7.94589174142624
393,0.30431652572232504,8.240117677756913,7.93580115203459
394,0.2138835191640272,8.28705935036663,8.0731758312026
395,0.29454107204033025,8.222680989225038,7.92813991718471
396,0.3874915586992531,8.392378310587322,8.00488675188807
397,0.4179366427328314,8.390932358498734,7.9729957157659
398,0.2412023757368477,8.24982311772899,8.00862074199214
399,0.304852585686095,8.249141656874821,7.94428907118873
400,0.25350331236695073,8.30286302782375,8.0493597154568
401,0.36337825345508196,8.390551294448791,8.02717304099371
402,0.33035781552085797,8.26449584900163,7.93413803348077
403,0.3347758739972919,8.300082001913358,7.96530612791607
404,0.2946747775695735,8.258935370858952,7.96426059328938
405,0.3261240526331616,8.371519126098368,8.04539507346521
406,0.31893300258982504,8.32171271251046,8.00277970992063
407,0.3463548451081731,8.371826329080642,8.02547148397247
408,0.1882547931496834,8.238879898541681,8.050625105392
409,0.39053286334894804,8.368247016095285,7.97771415274634
410,0.43387993635247235,8.343496992745708,7.90961705639324
411,0.2972220247301596,8.273699887134327,7.97647786240417
412,0.22208418256206594,8.335038784187212,8.11295460162515
413,0.3852207519083747,8.34733524232142,7.96211449041305
414,0.2508255981762422,8.22616588503392,7.97534028685768
415,0.2460714141222906,8.292916196648616,8.04684478252632
416,0.3641886163882223,8.346937006034084,7.98274838964586
417,0.21927371531972595,8.17946943569155,7.96019572037182
418,0.3892441169667249,8.360561328554528,7.9713172115878
419,0.4300090534568185,8.340358245422324,7.91034919196551
420,0.39495103384666785,8.336252509824899,7.94130147597823
421,0.33167053442350275,8.31438192736162,7.98271139293812
422,0.3202458932687365,8.316984975870334,7.9967390826016
423,0.3053143073272995,8.310040204114502,8.0047258967872
424,0.35425957275038045,8.292929652105544,7.93867007935516
425,0.3968736253816664,8.399706517121267,8.0028328917396
426,0.31643966983897126,8.288724789718705,7.97228511987973
427,0.31694561499881585,8.245446204051072,7.92850058905226
428,0.28924155642681576,8.27341329460088,7.98417173817406
429,0.2832917917087825,8.321911101454885,8.0386193097461
430,0.3216426403139061,8.280665483171312,7.95902284285741
431,0.3472280098004464,8.270756822396711,7.92352881259627
432,0.28957054229769413,8.26566304061851,7.97609249832082
433,0.289112650446872,8.227775109339493,7.93866245889262
434,0.2969665892264951,8.277136282362344,7.98016969313585
435,0.27213750691568045,8.330869444004913,8.05873193708923
436,0.4009224946426916,8.286592190400238,7.88566969575755
437,0.3202822044275793,8.238620110249263,7.91833790582168
438,0.3300211323349693,8.247971413093932,7.91795028075896
439,0.4107772671570035,8.298649263824322,7.88787199666732
440,0.3317877511663609,8.298390817594562,7.9666030664282
441,0.4079374032164363,8.439918460619662,8.03198105740323
442,0.3431153765690064,8.321008992918335,7.97789361634933
443,0.3542413377572145,8.33948600282645,7.98524466506924
444,0.3714971102109643,8.298078210008546,7.92658109979758
445,0.24098234474136787,8.249889411893495,8.00890706715213
446,0.3388915675248155,8.364697574163277,8.02580600663846
447,0.3183739655234274,8.335696866961937,8.01732290143851
448,0.39761679591311744,8.300481328330216,7.9028645324171
449,0.2938839156162282,8.389458544888374,8.09557462927215
450,0.36370494257857955,8.258056117567202,7.89435117498862
451,0.2818439201218763,8.280460466934903,7.99861654681303
452,0.29390727310471426,8.229838846803183,7.93593157369847
453,0.32042960374545004,8.333565864088165,8.01313626034271
454,0.3639164990648914,8.28774168129801,7.92382518223312
455,0.3757815801864927,8.332822459442857,7.95704087925636
456,0.427869396475656,8.335600754152797,7.90773135767714
457,0.3800598394462817,8.295677247257899,7.91561740781162
458,0.34766639999834165,8.357398166689157,8.00973176669081
459,0.3542658954709855,8.344477611917894,7.99021171644691
460,0.34647579708512166,8.42248928548557,8.07601348840045
461,0.420679333861176,8.307237673221435,7.88655833936026
462,0.4026048102347425,8.381040118507716,7.97843530827297
463,0.2388728915492124,8.283264093429448,8.04439120188024
464,0.3034010458401098,8.229162249836651,7.92576120399654
465,0.32128005749248817,8.255907001389195,7.93462694389671
466,0.31091035249180543,8.381199217781921,8.07028886529011
467,0.24228867662165882,8.2588764798861,8.01658780326444
468,0.3875333209755674,8.329352422990612,7.94181910201504
469,0.3833647764193136,8.281302125056301,7.89793734863699
470,0.21997661318975792,8.273525586271257,8.0535489730815
471,0.3626192378556185,8.197947073395333,7.83532783553972
472,0.3483902477650514,8.279061405130363,7.93067115736531
473,0.33632523544120646,8.391599358004417,8.05527412256321
474,0.3583867547541156,8.322695086486625,7.96430833173251
475,0.3083715707345925,8.378636591506686,8.07026502077209
476,0.377578063716799,8.243305328432383,7.86572726471558
477,0.3149615271541013,8.332221079290541,8.01725955213644
478,0.35977277734109064,8.385895786244854,8.02612300890376
479,0.31670819517679405,8.177370645966409,7.86066245078962
480,0.2555183947691263,8.291210178659746,8.03569178389062
481,0.42476397874940086,8.39252978236305,7.96776580361365
482,0.30436892350184125,8.261941984389745,7.9575730608879
483,0.3070611030362813,8.326581922290531,8.01952081925425
484,0.3000233222445435,8.315916730697685,8.01589340845314
485,0.38478458405162347,8.358273863563381,7.97348927951176
486,0.27034109324223693,8.225604382107013,7.95526328886478
487,0.3180852870329569,8.365757956610361,8.0476726695774
488,0.32594954298525125,8.342698942600785,8.01674939961553
489,0.33388727668747714,8.259010492616014,7.92512321592854
490,0.3239636570728977,8.290122652202582,7.96615899512968
491,0.27160254981780135,8.267509553129738,7.99590700331194
492,0.38003991630528405,8.294998805741672,7.91495888943639
493,0.34063048945760965,8.352137516958013,8.0115070275004
494,0.26266899904239177,8.270105319844674,8.00743632080228
495,0.3944591939347571,8.32669473872166,7.9322355447869
496,0.36643189083732497,8.39485052726039,8.02841863642307
497,0.34189298601133083,8.294721199986613,7.95282821397528
498,0.43764479950344337,8.365608310210911,7.92796351070747
499,0.4057617634673535,8.298463383060838,7.89270161959348
500,0.3675429566138433,8.357174329196722,7.98963137258288
501,0.2940833221744634,8.293023522361528,7.99894020018706
502,0.32285368615167964,8.192465048790265,7.86961136263858
503,0.36971724597893985,8.403895922250632,8.03417867627169
504,0.3566037265485211,8.302574289663042,7.94597056311452
505,0.28349854139098857,8.353369577567186,8.0698710361762
506,0.34379947151066687,8.237055668359924,7.89325619684926
507,0.32273067858853827,8.356124257881136,8.0333935792926
508,0.21785608537136314,8.18741204494593,7.96955595957457
509,0.35972871345746965,8.265751470236042,7.90602275677857
510,0.3195134260548178,8.362385001502586,8.04287157544777
511,0.45196339734684143,8.234947571054612,7.78298417370777
512,0.23118974706863213,8.17035534695281,7.93916559988418
513,0.3227834601103813,8.323579371549327,8.00079591143895
514,0.37848827218194275,8.374233901961189,7.99574562977925
515,0.2161058994678384,8.238975412898021,8.02286951343018
516,0.380857650727109,8.318003160706764,7.93714550997966
517,0.3564499508966208,8.28313080664806,7.92668085575144
518,0.3248455026849841,8.223860710798693,7.89901520811371
519,0.34726137270376983,8.321624158221844,7.97436278551807
520,0.3180383851357249,8.241400487452623,7.9233621023169
521,0.3185507134686778,8.210978941412233,7.89242822794355
522,0.3520790268634771,8.316749677279846,7.96467065041637
523,0.33558776996141626,8.287056192785958,7.95146842282454
524,0.37699998909662424,8.354940683337604,7.97794069424098
525,0.3623773640519908,8.31724065383252,7.95486328978053
526,0.3467343970180544,8.36165468257307,8.01492028555502
527,0.32462135183415514,8.290136214444606,7.96551486261045
528,0.287016475672736,8.301298078687596,8.01428160301486
529,0.43671587896118597,8.423574925942354,7.98685904698117
530,0.3590108176015916,8.388286254821205,8.02927543721961
531,0.3721362277993908,8.356793703855077,7.98465747605569
532,0.2770267816160836,8.393779998921355,8.11675321730527
533,0.1948954027049396,8.200756191721286,8.00586078901635
534,0.3600972395776964,8.271281739361596,7.9111844997839
535,0.44240779377342554,8.340787759775537,7.89837996600211
536,0.33707206055065836,8.181514584377739,7.84444252382708
537,0.29983885521999615,8.261570977604443,7.96173212238445
538,0.39773324897341183,8.361006597003863,7.96327334803045
539,0.2901579847514613,8.29999702533476,8.0098390405833
540,0.38176449436031745,8.326316291937873,7.94455179757756
541,0.3688670948604595,8.289490249575199,7.92062315471474
542,0.17651974201534978,8.253289402956968,8.07676966094162
543,0.4366991001326296,8.400513852855742,7.96381475272311
544,0.26308394463855195,8.188285472597844,7.92520152795929
545,0.33066485995589007,8.327027306661076,7.99636244670519
546,0.2744659902198629,8.220843689352101,7.94637769913224
547,0.35299760679267705,8.323514247537263,7.97051664074459
548,0.31840234251329985,8.19951291753492,7.88111057502162
549,0.3054784459722231,8.214578580783034,7.90910013481081
550,0.27613341677505066,8.229900278627808,7.95376686185276
551,0.32180209709246915,8.32881326871682,8.00701117162435
552,0.25220163657236694,8.18857288462179,7.93637124804942
553,0.322278435392259,8.320535956781775,7.99825752138952
554,0.3422648224516562,8.258397242496635,7.91613242004498
555,0.4148825549643917,8.318837611462449,7.90395505649806
556,0.37839575593036284,8.227780310479083,7.84938455454872
557,0.3524742264044442,8.280735859801844,7.9282616333974
558,0.3522859041412492,8.291541022772591,7.93925511863134
559,0.25313581331252966,8.194877705640824,7.94174189232829
560,0.29575261526090063,8.300514971089184,8.00476235582828
561,0.34512368049934283,8.40515312907469,8.06002944857535
562,0.3148901472566334,8.343095752012019,8.02820560475539
563,0.1742025494980127,8.128287586292096,7.95408503679408
564,0.2978320090282231,8.313907403338694,8.01607539431047
565,0.3242869622299319,8.317449808916054,7.99316284668612
566,0.23610876235995898,8.21994083249969,7.98383207013973
567,0.37124700504085734,8.299752134511,7.92850512947014
568,0.2870032288328705,8.276933703987742,7.98993047515487
569,0.3285720976148962,8.30568290842795,7.97711081081305
570,0.31090274496676584,8.288661513369423,7.97775876840266
571,0.3612661772562199,8.366135050337657,8.00486887308144
572,0.3704987941708514,8.329866968054745,7.95936817388389
573,0.37051737666747525,8.375079225613835,8.00456184894636
574,0.3458852569749834,8.220634585363507,7.87474932838852
575,0.2927246901888352,8.241135973622711,7.94841128343388
576,0.23611181541697487,8.354542081269438,8.11843026585246
577,0.3161834711693955,8.272665052286763,7.95648158111737
578,0.34518574692759846,8.306307196811357,7.96112144988376
579,0.4003141301904269,8.347526497655943,7.94721236746552
580,0.28144663099608186,8.147035278200589,7.86558864720451
581,0.29754624108210953,8.301498197940376,8.00395195685827
582,0.3892606912705098,8.38290989199583,7.99364920072532
583,0.33005701038441937,8.186700400347991,7.85664338996357
584,0.28536048507148426,8.224577161212022,7.93921667614054
585,0.28729772207690035,8.262209014552372,7.97491129247547
586,0.31238540657291836,8.237192610808014,7.9248072042351
587,0.307179468818843,8.294416633680394,7.98723716486155
588,0.30621670575251486,8.358254492464017,8.0520377867115
589,0.20861291254190148,8.231719300443071,8.02310638790117
590,0.43385646038442205,8.302185256792876,7.86832879640845
591,0.27274603971483485,8.166668954770772,7.89392291505594
592,0.2792858145171771,8.252593083966056,7.97330726944888
593,0.22929452856550622,8.275496999349674,8.04620247078417
594,0.3620455593645092,8.299837286098818,7.93779172673431
595,0.34034541647624955,8.243436873230404,7.90309145675416
596,0.28870236109695585,8.240765407668643,7.95206304657169
597,0.29057575909277666,8.257540524510437,7.96696476541766
598,0.3060832322783621,8.284494914191392,7.97841168191303
599,0.3351267161105624,8.285843146322774,7.95071643021221
600,0.28534417954363916,8.289385261359161,8.00404108181552
601,0.2662951993880329,8.262772947236062,7.99647774784803
602,0.30019141255573234,8.18917096433487,7.88897955177914
603,0.3485500103439726,8.351481716989383,8.00293170664541
604,0.40687646946357015,8.334482662672075,7.92760619320851
605,0.3283548905095142,8.359954641025737,8.03159975051622
606,0.2644783588271733,8.329733270402665,8.06525491157549
607,0.3092163655097344,8.286621651204165,7.97740528569443
608,0.2312167956031191,8.21386209908072,7.9826453034776
609,0.3472323022680258,8.373870000556055,8.02663769828803
610,0.4026167949763328,8.276739763730705,7.87412296875437
611,0.3960612104228305,8.362765886622645,7.96670467619981
612,0.33315894604368845,8.351268250951403,8.01810930490771
613,0.38189066574816727,8.421112246081856,8.03922158033369
614,0.3647859331527779,8.359246456612462,7.99446052345968
615,0.29163651348835073,8.300222955934078,8.00858644244573
616,0.271016364701149,8.194695306345196,7.92367894164405
617,0.34987337630959753,8.387221889320806,8.03734851301121
618,0.25284322620149385,8.302427717921178,8.04958449171968
619,0.23590880309579526,8.282123814629118,8.04621501153332
620,0.3042394630149527,8.303322058022667,7.99908259500771
621,0.30296125071531577,8.27946497196663,7.97650372125131
622,0.23053706518325057,8.230942578130188,8.00040551294694
623,0.21162752332853862,8.171141348326803,7.95951382499826
624,0.30048673683073485,8.256744978470971,7.95625824164024
625,0.32877786586994834,8.318771066679895,7.98999320080995
626,0.47063861197024975,8.407423427516003,7.93678481554575
627,0.3070832688069472,8.296446679003845,7.9893634101969
628,0.31106181473857136,8.335296997035009,8.02423518229644
629,0.40769833442125436,8.461602874767266,8.05390454034601
630,0.3424506459932057,8.318718982951287,7.97626833695808
631,0.3047365138047958,8.367004621656708,8.06226810785191
632,0.4410466990479655,8.322678712383972,7.88163201333601
633,0.3468618094911473,8.309668970860775,7.96280716136963
634,0.47640656871591247,8.37143906865327,7.89503249993736
635,0.42342675412218594,8.349762004706042,7.92633525058386
636,0.3816925684304586,8.359898396602963,7.9782058281725
637,0.3980307533954646,8.2459678217273,7.84793706833184
638,0.24196902348046403,8.220883379376872,7.97891435589641
639,0.20347516785347575,8.309178347352953,8.10570317949948
640,0.22091963473683826,8.22736957595791,8.00644994122107
641,0.2877134501110755,8.322031424708946,8.03431797459787
642,0.36389208855272887,8.28069093259224,7.91679884403951
643,0.16308138977548325,8.108018530476908,7.94493714070143
644,0.2540691046216416,8.240063322797745,7.9859942181761
645,0.2771233664619784,8.32961960239894,8.05249623593696
646,0.40048704268805735,8.359030728392904,7.95854368570485
647,0.2535623878829543,8.213124210667795,7.95956182278484
648,0.3969537185849847,8.317823755281063,7.92087003669608
649,0.3791737476250157,8.262880366213755,7.88370661858874
650,0.3318288533942735,8.252182501779844,7.92035364838557
651,0.3541475319687265,8.243487644954106,7.88934011298538
652,0.3523938048227254,8.335049962432494,7.98265615760977
653,0.32820075933175064,8.307666701823177,7.97946594249143
654,0.23382345725844184,8.2356390336589,8.00181557640046
655,0.3224445325688445,8.338840757147604,8.01639622457876
656,0.39547591870812865,8.350825791397218,7.95534987268909
657,0.2556988455063494,8.245041119689642,7.98934227418329
658,0.32581354128716455,8.308579064710283,7.98276552342312
659,0.29865011816717973,8.291392495889186,7.99274237772201
660,0.3612427476969979,8.376643426640884,8.01540067894389
661,0.3289427090418895,8.291298608509342,7.96235589946745
662,0.17879115806391435,8.242752036496727,8.06396087843281
663,0.33541184821500114,8.304567156751991,7.96915530853699
664,0.26862730221816933,8.235433130035162,7.96680582781699
665,0.3785015815065151,8.339221174131195,7.96071959262468
666,0.421294898763718,8.267810232971836,7.84651533420812
667,0.35057602173774294,8.292797950934617,7.94222192919687
668,0.2925437798235978,8.379540978435454,8.08699719861186
669,0.38658725505246383,8.323417826363565,7.9368305713111
670,0.2882897131814815,8.281597710296218,7.99330799711474
671,0.3174596056589995,8.356553903939183,8.03909429828018
672,0.2523144109549901,8.32883826176894,8.07652385081395
673,0.31532165342535706,8.208527584672526,7.89320593124717
674,0.3211692388827128,8.270882811856378,7.94971357297366
675,0.36563751070274747,8.33666904804427,7.97103153734152
676,0.3018087250273205,8.26627762762393,7.96446890259661
677,0.11853601736435605,8.129903571584766,8.01136755422041
678,0.3769791430949643,8.308190557552036,7.93121141445707
679,0.40428165816411876,8.3525600108815,7.94827835271738
680,0.31583719454230524,8.303430432473618,7.98759323793131
681,0.333553534263059,8.260090788121461,7.9265372538584
682,0.35877053797931946,8.286946339826466,7.92817580184715
683,0.38894160914308173,8.332912843971414,7.94397123482833
684,0.3256900650380947,8.321567177620773,7.99587711258268
685,0.3669985240267232,8.274362690061388,7.90736416603466
686,0.283143065378491,8.227268354371335,7.94412528899284
687,0.33538145649310375,8.347002774776467,8.01162131828336
688,0.34555893792393555,8.29338263371172,7.94782369578779
689,0.3686228378512162,8.23157085258016,7.86294801472894
690,0.31863957843650526,8.241055529585692,7.92241595114919
691,0.3157506376275993,8.234117945663249,7.91836730803565
692,0.37568049845533563,8.244632074250704,7.86895157579537
693,0.3084508876225996,8.248616903546042,7.94016601592344
694,0.23110219848295507,8.1730572999576,7.94195510147464
695,0.39804476559595564,8.351650278074175,7.95360551247822
696,0.29826809461000503,8.230667092542125,7.93239899793212
697,0.2942075317821993,8.361671406348341,8.06746387456614
698,0.2631312208863741,8.318027973953953,8.05489675306758
699,0.2904982390514842,8.34844657717543,8.05794833812395
700,0.21079789197076146,8.218464827525384,8.00766693555462
701,0.32267016302386137,8.316990126231468,7.99431996320761
702,0.3487675924018693,8.30080512308256,7.95203753068069
703,0.3731749692663682,8.283890582927459,7.91071561366109
704,0.301358408603605,8.267639657490177,7.96628124888657
705,0.27257056977848265,8.176736993456151,7.90416642367767
706,0.36473257811460874,8.293396136835739,7.92866355872113
707,0.3040805522750204,8.21543144818215,7.91135089590713
708,0.387716278643799,8.285431981027074,7.89771570238327
709,0.3880487557081965,8.403238945912005,8.01519019020381
710,0.3938849210529126,8.371202696231135,7.97731777517822
711,0.2335036975951665,8.296421427715467,8.0629177301203
712,0.1644487371053161,8.165461125346432,8.00101238824112
713,0.3545064085433232,8.326842227518444,7.97233581897512
714,0.3320697083521793,8.289136232162148,7.95706652380997
715,0.3318303112957553,8.243677013367307,7.91184670207155
716,0.32141705729423675,8.32299779072603,8.00158073343179
717,0.29333005837526166,8.336458618455035,8.04312856007977
718,0.26118725606887994,8.177675080159219,7.91648782409034
719,0.3274825782223999,8.388939046683793,8.06145646846139
720,0.3421112922806673,8.325572558297344,7.98346126601668
721,0.4140202213714431,8.338436342437861,7.92441612106642
722,0.42885037190423314,8.394361664386235,7.965511292482
723,0.4193480744219987,8.368810424636749,7.94946235021475
724,0.1566553776799373,8.229847815571258,8.07319243789132
725,0.4219550592582889,8.320664601641342,7.89870954238305
726,0.4883596469262949,8.310891316945645,7.82253167001935
727,0.43969596261044924,8.372218188964888,7.93252222635444
728,0.2938137235288245,8.2253274796842,7.93151375615538
729,0.3443966360437781,8.287655161823194,7.94325852577942
730,0.39812068963085534,8.376781302931718,7.97866061330086
731,0.32841224126726654,8.173272974703098,7.84486073343583
732,0.39928636823714153,8.447407921263327,8.04812155302618
733,0.3951699819253545,8.340595889466634,7.94542590754128
734,0.27006196355150097,8.428341377901738,8.15827941435024
735,0.26247423908964457,8.236050116111416,7.97357587702177
736,0.3784782949950984,8.411899809297493,8.0334215143024
737,0.21291498382248805,8.15290708520913,7.93999210138664
738,0.3642927051943502,8.228394577553983,7.86410187235963
739,0.29163716728983796,8.294799571125802,8.00316240383596
740,0.4196822992849702,8.29270483877554,7.87302253949057
741,0.3305711550382641,8.273159405896735,7.94258825085847
742,0.3898333058520433,8.353291626852835,7.96345832100079
743,0.3210796752874051,8.255641514144626,7.93456183885722
744,0.27856893531362653,8.222326373866842,7.94375743855322
745,0.28310625501637715,8.217489543290698,7.93438328827432
746,0.21049887056008593,8.203957188997059,7.99345831843697
747,0.37597164741078093,8.242938592930447,7.86696694551967
748,0.4458592111753748,8.34700045854722,7.90114124737184
749,0.2726758608608221,8.241079445934137,7.96840358507331
750,0.22724665335188265,8.178985888044881,7.951739234693
751,0.3928654898507709,8.321108858046708,7.92824336819594
752,0.4601285337531936,8.303252638679522,7.84312410492633
753,0.362681264457425,8.290748775374915,7.92806751091749
754,0.3315666226330475,8.387732299054491,8.05616567642144
755,0.38050438156446054,8.374786743627487,7.99428236206303
756,0.2563395449706581,8.236950882314476,7.98061133734382
757,0.3366684917546965,8.253728463952925,7.91705997219823
758,0.46949881201848337,8.312564406763979,7.8430655947455
759,0.29811564642481875,8.234885040801831,7.93676939437701
760,0.29320892198012866,8.266375348295986,7.97316642631586
761,0.34577801064070685,8.311888107091251,7.96611009645054
762,0.2828720786575011,8.258383336643979,7.97551125798648
763,0.3455772071050907,8.353573956081034,8.00799674897594
764,0.35210821581991575,8.335085135727025,7.98297691990711
765,0.27596310716807193,8.21463196492377,7.9386688577557
766,0.2546337502911337,8.253369883032764,7.99873613274163
767,0.31085252196120655,8.265714144748468,7.95486162278726
768,0.25158348034657196,8.22828457259302,7.97670109224645
769,0.19774482839516488,8.24762645988183,8.04988163148667
770,0.36456561149376776,8.27948080904221,7.91491519754844
771,0.3755346862923813,8.344409145924248,7.96887445963187
772,0.5094352995809988,8.3555498775828,7.8461145780018
773,0.30218498308541375,8.267527916402841,7.96534293331743
774,0.3032076771950462,8.37182338626419,8.06861570906914
775,0.41546816029262335,8.338337363523259,7.92286920323064
776,0.3648215787377987,8.292575375545193,7.92775379680739
777,0.4213566568789695,8.35515948388609,7.93380282700712
778,0.29469338050729676,8.260993221846237,7.96629984133894
779,0.3499287397050632,8.226227063132194,7.87629832342713
780,0.39678843090549437,8.33176677565534,7.93497834474985
781,0.34869514162670645,8.32565858603007,7.97696344440336
782,0.3526194833763631,8.39544424663172,8.04282476325536
783,0.4041632951895589,8.341280659724857,7.9371173645353
784,0.38620451099379033,8.23044892007178,7.84424440907799
785,0.37463107197261375,8.375019708392953,8.00038863642034
786,0.3483775139494482,8.3322331680592,7.98385565410975
787,0.3136693042108738,8.276047367947164,7.96237806373629
788,0.20592431556405894,8.208158715781694,8.00223440021763
789,0.41047275278543616,8.336388370657916,7.92591561787248
790,0.41106881624318814,8.380087595905405,7.96901877966222
791,0.2823989913949319,8.2727980257097,7.99039903431477
792,0.33740021765597883,8.250797143359671,7.91339692570369
793,0.34576714723832624,8.314202409952463,7.96843526271414
794,0.3933064552790513,8.318837391487534,7.92553093620848
795,0.31241319627282316,8.29292006130143,7.98050686502861
796,0.38218223778733196,8.370316906962575,7.98813466917524
797,0.4675904872217276,8.379425040804843,7.91183455358312
798,0.329184405372981,8.313070900844055,7.98388649547107
799,0.38000317713518744,8.306562062348657,7.92655888521347
800,0.3530800232453611,8.272509392823922,7.91942936957856
801,0.1827183116828878,8.250807466281872,8.06808915459898
802,0.25086952352376984,8.212015057568262,7.96114553404449
803,0.31886097572942795,8.255126755763696,7.93626578003427
804,0.32899365235800343,8.314559195805034,7.98556554344703
805,0.28176135861687795,8.32462303515015,8.04286167653327
806,0.3343464221240261,8.435986111902764,8.10163968977874
807,0.2955454896056584,8.304413320930964,8.00886783132531
808,0.31304861407043794,8.303600008950465,7.99055139488003
809,0.2731929592617597,8.368461226664941,8.09526826740318
810,0.23045010396492635,8.26327084468864,8.03282074072371
811,0.3342893419646173,8.337746509113552,8.00345716714894
812,0.22565212560584014,8.231046202912491,8.00539407730665
813,0.3218879005655018,8.298381790585148,7.97649389001965
814,0.36449050302215746,8.260652096613507,7.89616159359135
815,0.2255524934813802,8.182085620400239,7.95653312691886
816,0.324626095699292,8.243585952908933,7.91895985720964
817,0.2791975921683323,8.117955384547189,7.83875779237886
818,0.39281924165063875,8.32155950272273,7.92874026107209
819,0.2625260228770963,8.205756360520503,7.94323033764341
820,0.3797289278138643,8.381538857664172,8.00180992985031
821,0.386210074957426,8.30583246537439,7.91962239041696
822,0.37374151818175555,8.44096546597035,8.06722394778859
823,0.35693440034719975,8.315215505227219,7.95828110488002
824,0.20898800445151017,8.277016865817261,8.06802886136575
825,0.323818072717121,8.28698946626714,7.96317139355002
826,0.23056804427436414,8.197513537722747,7.96694549344838
827,0.38639007094277333,8.406272744434723,8.01988267349195
828,0.35467527042411384,8.351421713710899,7.99674644328678
829,0.2928337653112427,8.377721134856388,8.08488736954515
830,0.26512062284964966,8.150318568059832,7.88519794521018
831,0.30984531874490956,8.312384399749503,8.00253908100459
832,0.2775608411522428,8.26382887056454,7.9862680294123
833,0.3024257923812238,8.327898254685826,8.0254724623046
834,0.38519955852608423,8.284213364844831,7.89901380631875
835,0.36113484061197865,8.298504521756831,7.93736968114485
836,0.3652527140279112,8.162743424400478,7.79749071037257
837,0.33319582726309777,8.286791469359768,7.95359564209667
838,0.4248665457818251,8.369389905509749,7.94452335972792
839,0.26680210603546456,8.321576479351092,8.05477437331563
840,0.36348661785112046,8.335108785228394,7.97162216737727
841,0.5090043445980911,8.346867584791363,7.83786324019327
842,0.3786834307741642,8.36899131095967,7.99030788018551
843,0.22729639635225415,8.229630142261382,8.00233374590913
844,0.27645955841371167,8.253292578514914,7.9768330201012
845,0.35282824979132726,8.294621949715003,7.94179369992368
846,0.23729820041593117,8.204195630042014,7.96689742962608
847,0.27652796610684427,8.230992501153974,7.95446453504713
848,0.337270515012223,8.26445761868368,7.92718710367146
849,0.29434180689123823,8.247256512632925,7.95291470574169
850,0.3023053687223234,8.320100177347443,8.01779480862512
851,0.33887225580981084,8.282872901783543,7.94400064597373
852,0.2888599746769814,8.275017063468065,7.98615708879108
853,0.44129911492603247,8.402208312791625,7.96090919786559
854,0.39297884847593656,8.263903241309661,7.87092439283372
855,0.39414283897545294,8.3384118023277,7.94426896335225
856,0.39586560993195286,8.352983307725662,7.95711769779371
857,0.30310479177490196,8.281679435115795,7.97857464334089
858,0.3604865518767132,8.253757357758424,7.89327080588171
859,0.3060154231361814,8.337989653142696,8.03197423000652
860,0.30359778343992,8.257778242440626,7.95418045900071
861,0.29898781254612916,8.296108018142911,7.99712020559678
862,0.35186619061997854,8.341805072738884,7.98993888211891
863,0.3403754893374447,8.358781031852935,8.01840554251549
864,0.35346091237788074,8.31691435748957,7.96345344511169
865,0.36664414310313703,8.392016974039558,8.02537283093642
866,0.3100549409938344,8.306969165896694,7.99691422490286
867,0.39928196934188737,8.250081979779951,7.85080001043806
868,0.31867010510701127,8.241747692283953,7.92307758717694
869,0.3494285315030108,8.248706673124058,7.89927814162105
870,0.3195506993836973,8.312646617511128,7.99309591812743
871,0.2123129934985273,8.182682083105954,7.97036908960743
872,0.2652750923352718,8.30005052329492,8.03477543095965
873,0.3819498365537316,8.287019476408904,7.90506963985517
874,0.3257479092055855,8.273887096419164,7.94813918721358
875,0.22441900079556676,8.248579540611594,8.02416053981603
876,0.40162509154666026,8.230321038427531,7.82869594688087
877,0.35165741853737004,8.305906357217841,7.95424893868047
878,0.34553306930680866,8.213528645518892,7.86799557621208
879,0.3346862029865081,8.267772174759884,7.93308597177338
880,0.2764270663379939,8.30359144482819,8.02716437849019
881,0.3195668808470439,8.323016817882161,8.00344993703512
882,0.30728433412582146,8.315352263296013,8.00806792917019
883,0.2484562937310587,8.286649707170467,8.03819341343941
884,0.45289139919444793,8.370857145785735,7.91796574659129
885,0.43541595348986384,8.30719310675844,7.87177715326858
886,0.37641891555218177,8.360545429985532,7.98412651443335
887,0.16094855961752405,8.197616687607828,8.03666812799031
888,0.4194708058164083,8.338058816968696,7.91858801115229
889,0.20234569034578379,8.218421526324097,8.01607583597831
890,0.40893923497244844,8.377079344089038,7.96814010911659
891,0.30522288655426605,8.284006243422283,7.97878335686802
892,0.22680101923494891,8.272327305517793,8.04552628628284
893,0.35233528682743004,8.341543974636648,7.98920868780922
894,0.2273172258091412,8.338511637464945,8.1111944116558
895,0.3809728466860071,8.345319975408108,7.9643471287221
896,0.3836793263969386,8.237362806899677,7.85368348050274
897,0.3445526585459731,8.31409175065554,7.96953909210957
898,0.4087168091225049,8.312450552816593,7.90373374369409
899,0.3558033606784923,8.244457939356993,7.8886545786785
900,0.2820500924900532,8.257672008911882,7.97562191642183
901,0.2999702705983043,8.336051966134823,8.03608169553652
902,0.2541396245893976,8.250892327275778,7.99675270268638
903,0.3374664659760503,8.255756438371701,7.91828997239565
904,0.41515788720060287,8.4041253296028,7.9889674424022
905,0.43100036448497975,8.380153219436059,7.94915285495108
906,0.41737094789918283,8.378577218019416,7.96120627012023
907,0.4696165890343236,8.374923676376355,7.90530708734203
908,0.35615180609058,8.352821508663379,7.9966697025728
909,0.28633982800818586,8.238511984082571,7.95217215607439
910,0.2782649310424091,8.328225808027776,8.04996087698537
911,0.32700371048480037,8.258044979928322,7.93104126944352
912,0.27769098942844556,8.272437300053227,7.99474631062478
913,0.4007103172657506,8.367124393514901,7.96641407624915
914,0.31961759797999095,8.304090150524262,7.98447255254427
915,0.35749786678617823,8.359052068893748,8.00155420210757
916,0.3772249514201075,8.364396732929526,7.98717178150942
917,0.32507051781019863,8.246176515091939,7.92110599728174
918,0.30432501830816355,8.191433972424308,7.88710895411614
919,0.25222782179882697,8.327687147734947,8.07545932593612
920,0.2929637882508347,8.246390830163548,7.95342704191271
921,0.4167295835332732,8.322645451315969,7.9059158677827
922,0.34484251626629725,8.25875937266244,7.91391685639614
923,0.37398128207094644,8.289082749429776,7.91510146735883
924,0.37417456531379417,8.359124312416467,7.98494974710267
925,0.4144690311676956,8.33630535346451,7.92183632229681
926,0.3792118204598138,8.301997237432131,7.92278541697232
927,0.36264715596241487,8.325316233257642,7.96266907729523
928,0.315040683786373,8.164038145724744,7.84899746193837
929,0.3884257102567621,8.29335763543984,7.90493192518308
930,0.13590195935642885,8.151104091729142,8.01520213237271
931,0.355520547854678,8.347993997567553,7.99247344971287
932,0.3078101647842544,8.2426438492577,7.93483368447345
933,0.4017634167827752,8.355152912684146,7.95338949590137
934,0.32916486925236454,8.243201702108113,7.91403683285575
935,0.38956024038919546,8.305928835671711,7.91636859528252
936,0.3552507810587421,8.302784725362997,7.94753394430426
937,0.35250315685917777,8.295571442748443,7.94306828588927
938,0.2985142218028792,8.247086745721854,7.94857252391897
939,0.26859375492857895,8.299697563802496,8.03110380887392
940,0.3647526666024137,8.3603281654707,7.99557549886829
941,0.37758050073444765,8.302709436986294,7.92512893625185
942,0.3023970382019862,8.364111796244147,8.06171475804216
943,0.24031981873028616,8.219091267126826,7.97877144839654
944,0.33804643327753814,8.260510663488935,7.9224642302114
945,0.3304737945664701,8.341080833423389,8.01060703885692
946,0.2889224525656003,8.374162972862006,8.08524052029641
947,0.3962977772029188,8.303988096256168,7.90769031905325
948,0.3597709524561865,8.308006712753198,7.94823576029701
949,0.3944304233193723,8.400054621842889,8.00562419852352
950,0.38099353816510284,8.354196428467565,7.97320289030246
951,0.31100873973192,8.261372072036206,7.95036333230429
952,0.33578104178661067,8.21648918977035,7.88070814798374
953,0.28991391792225774,8.257004756651652,7.96709083872939
954,0.2725209433709933,8.30213721917859,8.0296162758076
955,0.2156958203244887,8.16586948811205,7.95017366778756
956,0.4282992956889952,8.337999548158887,7.90970025246989
957,0.34776130314499454,8.268245039844755,7.92048373669976
958,0.309174271516026,8.271862681165587,7.96268840964956
959,0.17656553139114706,8.151734701161683,7.97516916977054
960,0.37393398660827265,8.45849478970565,8.08456080309738
961,0.3959558471805545,8.401723257261573,8.00576741008102
962,0.27227896490188025,8.167726834698094,7.89544786979621
963,0.3021060314249463,8.249997150042013,7.94789111861707
964,0.3234187515336066,8.34724773187764,8.02382898034403
965,0.32183615748871675,8.377681823222062,8.05584566573335
966,0.3373714780404894,8.378713522323316,8.04134204428283
967,0.32496193311943244,8.319197564616344,7.99423563149691
968,0.3883142675980379,8.238923026495925,7.85060875889789
969,0.39595379883268467,8.254344570904527,7.85839077207184
970,0.25488847321414176,8.299212692388153,8.04432421917401
971,0.31781278094882776,8.318771458169216,8.00095867722039
972,0.34229535316145593,8.2977132596872,7.95541790652574
973,0.3654101922795361,8.372237018811742,8.0068268265322
974,0.24201898934783772,8.186517751437375,7.94449876208954
975,0.3893667214028055,8.280420737051664,7.89105401564886
976,0.3970662711476916,8.263261557518238,7.86619528637055
977,0.3250133627595483,8.25377130167301,7.92875793891346
978,0.29929248794571955,8.26074085701214,7.96144836906642
979,0.2919700898801282,8.265801777849273,7.97383168796914
980,0.3350206696279065,8.356784299584248,8.02176362995634
981,0.28634868812137937,8.33522408896016,8.04887540083878
982,0.3145786813591811,8.256223046141294,7.94164436478211
983,0.2934065328889454,8.340764179207541,8.0473576463186
984,0.28773983848620416,8.282313586685866,7.99457374819966
985,0.3468678894918173,8.229276182326343,7.88240829283453
986,0.27856690069546414,8.260459090907897,7.98189219021243
987,0.27592129805790894,8.228990966795426,7.95306966873752
988,0.4316005306084943,8.343347064833749,7.91174653422525
989,0.2725749471864934,8.265649451193196,7.9930745040067
990,0.37903113625915025,8.301796318034738,7.92276518177559
991,0.3660211573911431,8.29100781932731,7.92498666193617
992,0.357622362448756,8.282982325318704,7.92535996286995
993,0.3307750342528777,8.356316576878625,8.02554154262575
994,0.3169843182913276,8.205351509031377,7.88836719074005
995,0.30901235800078597,8.205161260876274,7.89614890287549
996,0.4647563021253502,8.358211580801443,7.89345527867609
997,0.31232769523824505,8.361928055311564,8.04960036007332
998,0.35561325834903795,8.316355873347218,7.96074261499818
999,0.2607983291293681,8.29579636143355,8.03499803230418
1000,0.2480242900148604,8.274215347812374,8.02619105779751
1001,0.33459986346483456,8.286454404596627,7.95185454113179
1002,0.4112644085369356,8.225675529670113,7.81441112113318
1003,0.30710597070364704,8.224304897472878,7.91719892676923
1004,0.4032038096801917,8.34098532838762,7.93778151870743
1005,0.3541066792772596,8.364780444876766,8.01067376559951
1006,0.3261520404447283,8.202958739399772,7.87680669895504
1007,0.26541622632859363,8.255529615831207,7.99011338950261
1008,0.29833728367729817,8.286050566657911,7.98771328298061
1009,0.38323555648654917,8.325894409663487,7.94265885317694
1010,0.4076583351575846,8.27655259215032,7.86889425699274
1011,0.4050379511538147,8.348860634101671,7.94382268294786
1012,0.28200905227766476,8.29703962704864,8.01503057477098
1013,0.4100129235265144,8.295866303099038,7.88585337957252
1014,0.2813805927577779,8.230333328244681,7.9489527354869
1015,0.4022767516046583,8.383154448013169,7.98087769640851
1016,0.38889515818483916,8.3523352628886,7.96344010470376
1017,0.3234651931087768,8.289831695917888,7.96636650280911
1018,0.3028758186536637,8.287706904907601,7.98483108625394
1019,0.3951171760853151,8.29086614188557,7.89574896580025
1020,0.33220435181993613,8.286996622602922,7.95479227078299
1021,0.3480600113810892,8.31123662946161,7.96317661808052
1022,0.3709171646623541,8.387734153560091,8.01681698889774
1023,0.3354337673614849,8.271686973395248,7.93625320603376
1024,0.3634307266669485,8.243608430723116,7.88017770405617
1025,0.3444596431920034,8.3382069508049,7.9937473076129
1026,0.2753561432401318,8.315742374257978,8.04038623101785
1027,0.3044391191094089,8.386694524306149,8.08225540519674
1028,0.3454647459039608,8.276980951590057,7.9315162056861
1029,0.29509138146663316,8.204689487227522,7.90959810576089
1030,0.3050466190057503,8.21859310216658,7.91354648316083
1031,0.35745133645042915,8.258651170501,7.90119983405057
1032,0.3710125419247678,8.415189433366365,8.0441768914416
1033,0.3206101465766896,8.256614440377975,7.93600429380129
1034,0.27400287658421296,8.33534394703107,8.06134107044686
1035,0.30104784311210697,8.251599358068447,7.95055151495634
1036,0.317950559690465,8.286855436821607,7.96890487713114
1037,0.35118674861142857,8.254552313255585,7.90336556464416
1038,0.3262060915930858,8.303339518727014,7.97713342713393
1039,0.2451582198602538,8.235075786658442,7.98991756679819
1040,0.296948921778311,8.230868664685183,7.93391974290687
1041,0.39250734054050435,8.2655920604495,7.873084719909
1042,0.24125138490159395,8.207134703169688,7.96588331826809
1043,0.31337153676898666,8.322383592598294,8.00901205582931
1044,0.2983064462329702,8.282303578184077,7.98399713195111
1045,0.44626718612201755,8.464641681974495,8.01837449585248
1046,0.4003109673055699,8.334572454136664,7.93426148683109
1047,0.328337915547887,8.288954288908954,7.96061637336107
1048,0.42157863614732083,8.385562681348791,7.96398404520147
1049,0.3273257881973303,8.33721190592091,8.00988611772358
1050,0.3694642147261608,8.323874509836125,7.95441029510996
1051,0.31101267458535775,8.21697975095211,7.90596707636675
1052,0.35249457171495324,8.322623508350347,7.97012893663539
1053,0.29472203102936056,8.203250856052396,7.90852882502304
1054,0.29643308271932706,8.261624894473327,7.965191811754
1055,0.41180266168141527,8.35161128182634,7.93980862014492
1056,0.5052073749679244,8.355248900201097,7.85004152523317
1057,0.3097651272514204,8.292907236147196,7.98314210889578
1058,0.34445833186462477,8.319045488398764,7.97458715653414
1059,0.3940136636564035,8.368803987602185,7.97479032394578
1060,0.2919317206169236,8.389866462368001,8.09793474175108
1061,0.4221465170410558,8.322570109692597,7.90042359265154
1062,0.24600670779228848,8.22380332902808,7.97779662123579
1063,0.46568799387500787,8.412902396777895,7.94721440290289
1064,0.35365449775727054,8.354387758434926,8.00073326067766
1065,0.3064383157288814,8.3406976476443,8.03425933191542
1066,0.27274492085802426,8.262639928611144,7.98989500775312
1067,0.26894784597949833,8.276582780357492,8.00763493437799
1068,0.48103667344426154,8.45626046441894,7.97522379097468
1069,0.34637657864425897,8.347795266936515,8.00141868829226
1070,0.3158772808939517,8.331027422853921,8.01515014195997
1071,0.30239298242948126,8.244280799742771,7.94188781731329
1072,0.30447973143052376,8.250325341732697,7.94584561030217
1073,0.2583640138384858,8.28757402612764,8.02921001228915
1074,0.31985412146077463,8.392053938380933,8.07219981692016
1075,0.39287400960378177,8.362164814763588,7.96929080515981
1076,0.3188768567775522,8.31369701265117,7.99482015587362
1077,0.46813772285489613,8.324833672754544,7.85669594989965
1078,0.3300741949053886,8.383527539751492,8.0534533448461
1079,0.2773204946371519,8.306708240852661,8.02938774621551
1080,0.2953357656927582,8.341336998012432,8.04600123231967
1081,0.4218807076503551,8.367375090996394,7.94549438334604
1082,0.377408601045236,8.263972868832603,7.88656426778737
1083,0.3446998691183467,8.371160511175948,8.0264606420576
1084,0.3183671252869425,8.306019698476646,7.9876525731897
1085,0.2881802876504442,8.243653706233204,7.95547341858276
1086,0.3760692986498254,8.339859282341562,7.96378998369174
1087,0.3067670198220158,8.349138875442279,8.04237185562026
1088,0.43816873427206876,8.308429108088287,7.87026037381622
1089,0.4124555501152423,8.336560538015092,7.92410498789985
1090,0.24843002154986835,8.110516855822594,7.86208683427273
1091,0.396489430762468,8.332571118729874,7.93608168796741
1092,0.341211204709104,8.3346975654618,7.9934863607527
1093,0.33914807789886964,8.27312708693975,7.93397900904088
1094,0.3070736500273827,8.327585177176092,8.02051152714871
1095,0.22733284754111502,8.192970551960531,7.96563770441942
1096,0.34102996540133773,8.38681586882455,8.04578590342321
1097,0.3898585322997226,8.350027533549827,7.9601690012501
1098,0.2119709545282718,8.200428008564268,7.988457054036
1099,0.4388365408940604,8.396412504181166,7.95757596328711
1100,0.3423809984112868,8.185615237661523,7.84323423925024
1101,0.15568239538162618,8.165389021161324,8.0097066257797
1102,0.2743681098763665,8.299873435802175,8.02550532592581
1103,0.3895196177310632,8.346365889632507,7.95684627190144
1104,0.3420384596502098,8.33923889193281,7.9972004322826
1105,0.39013757408863153,8.251525097883983,7.86138752379535
1106,0.35347072271201796,8.268411565269231,7.91494084255721
1107,0.313731027064768,8.245642537953634,7.93191151088887
1108,0.28789805058785706,8.25421703106329,7.96631898047543
1109,0.3269935648336472,8.241552089536995,7.91455852470335
1110,0.4229911902915587,8.338414889662953,7.91542369937139
1111,0.24429563420319805,8.12233160874451,7.87803597454131
1112,0.4266457273522349,8.343448083097895,7.91680235574566
1113,0.2832505988782869,8.204352149672921,7.92110155079463
1114,0.4074547656569599,8.274204730364817,7.86674996470786
1115,0.37274618656639796,8.340658510158221,7.96791232359182
1116,0.3431384579845351,8.373990455560966,8.03085199757643
1117,0.40356724196743743,8.297125068129445,7.89355782616201
1118,0.2073858859185707,8.20921315988906,8.00182727397049
1119,0.3437415949003958,8.36537873300394,8.02163713810354
1120,0.2624528750441133,8.27710585711318,8.01465298206907
1121,0.3901200882514282,8.340293281794056,7.95017319354263
1122,0.3661313607747932,8.276330558285883,7.91019919751109
1123,0.3519917023960982,8.260230245236249,7.90823854284015
1124,0.3192796739475486,8.256351627541175,7.93707195359363
1125,0.34484876066543374,8.37925039433401,8.03440163366858
1126,0.33278750836924104,8.279562843422271,7.94677533505303
1127,0.41528247889757725,8.32290681016754,7.90762433126996
1128,0.3076184801972001,8.374777463857361,8.06715898366016
1129,0.2953109811005655,8.291957509212876,7.99664652811231
1130,0.42113728528555877,8.422744597370041,8.00160731208448
1131,0.3357972946148756,8.249048595793687,7.91325130117881
1132,0.3119006481219934,8.397395911662906,8.08549526354091
1133,0.3338529457164697,8.298769452225523,7.96491650650905
1134,0.2886305632704436,8.162232550771565,7.87360198750112
1135,0.36719727190546925,8.279025999195529,7.91182872729006
1136,0.2557054012347013,8.222459213695165,7.96675381246046
1137,0.40206970589609253,8.32110657236562,7.91903686646953
1138,0.3839297795585601,8.300854629279923,7.91692484972136
1139,0.2821455390647617,8.21671257166246,7.9345670325977
1140,0.37688907135631,8.335662691194058,7.95877361983775
1141,0.3683088324839184,8.334953881982383,7.96664504949846
1142,0.2636107363158336,8.304237513974716,8.04062677765888
1143,0.2544932411636041,8.336601708695952,8.08210846753235
1144,0.3236500379085155,8.277454079460842,7.95380404155233
1145,0.2493802172947527,8.353978083685355,8.1045978663906
1146,0.316426551352403,8.31761324231859,8.00118669096619
1147,0.3718054952688986,8.364753328470519,7.99294783320162
1148,0.3035893730228339,8.325266734786242,8.02167736176341
1149,0.29077271964808044,8.342932247113813,8.05215952746573
1150,0.3580254805610905,8.355761524708482,7.99773604414739
1151,0.34834647793052814,8.223052629935685,7.87470615200516
1152,0.2786203538418061,8.286243150549502,8.0076227967077
1153,0.28918045211632465,8.379035283888285,8.08985483177196
1154,0.20653364083298484,8.267273679982367,8.06074003914938
1155,0.28559441955978265,8.3010122548059,8.01541783524612
1156,0.47101531482059017,8.310112090918997,7.83909677609841
1157,0.32554692938571067,8.274393897195981,7.94884696781027
1158,0.2359492364870699,8.146352517973583,7.91040328148651
1159,0.41837261132482256,8.337652409824098,7.91927979849928
1160,0.4254212545874996,8.389711802201887,7.96429054761439
1161,0.14173735337122167,8.117348506632911,7.97561115326169
1162,0.3556767753968418,8.34955306680845,7.99387629141161
1163,0.3240925984518715,8.35988558536486,8.03579298691299
1164,0.2775161838903228,8.181347392419706,7.90383120852938
1165,0.246512344772337,8.279952911780313,8.03344056700798
1166,0.34914350782480774,8.39729631539108,8.04815280756627
1167,0.4043203545694811,8.36799114835609,7.96367079378661
1168,0.38918143796536503,8.40891474440574,8.01973330644038
1169,0.33691171536144204,8.40757973197577,8.07066801661433
1170,0.22791264959061724,8.17046019934609,7.94254754975547
1171,0.35808135198993624,8.369928357102388,8.01184700511245
1172,0.3897919463363822,8.308606021259802,7.91881407492342
1173,0.21516681450763347,8.219795077984333,8.0046282634767
1174,0.2927986908639259,8.234764876460055,7.94196618559613
1175,0.3807514690250474,8.246061770161715,7.86531030113667
1176,0.33257084992578806,8.259713841322254,7.92714299139647
1177,0.3066595225234656,8.256695228566604,7.95003570604314
1178,0.3078806942506226,8.28013942356596,7.97225872931534
1179,0.23900507762607417,8.277289456690514,8.03828437906444
1180,0.35854094726221597,8.292811934419865,7.93427098715765
1181,0.46718387175175485,8.358655698831196,7.89147182707944
1182,0.35582221095269195,8.215231609245293,7.8594093982926
1183,0.251155969045318,8.289818998884584,8.03866302983927
1184,0.31082042714293023,8.310909041182246,8.00008861403932
1185,0.3382305259737268,8.25092129807586,7.91269077210213
1186,0.33345626063959244,8.347287709491573,8.01383144885198
1187,0.34603274769669956,8.266881585222448,7.92084883752575
1188,0.4348785407379342,8.333661372858733,7.8987828321208
1189,0.3553889687763486,8.266488392270107,7.91109942349376
1190,0.31320666665011243,8.208068822502426,7.89486215585231
1191,0.3251715620386053,8.372005751007078,8.04683418896847
1192,0.3086612913521565,8.343504325759243,8.03484303440709
1193,0.3989846412196468,8.373569881462782,7.97458524024313
1194,0.33312766055872023,8.242276675450979,7.90914901489226
1195,0.4292470106297217,8.314054452664546,7.88480744203483
1196,0.38519639585945176,8.296628562222885,7.91143216636343
1197,0.28928687957703014,8.166772781227637,7.87748590165061
1198,0.363952593255807,8.393046328459407,8.0290937352036
1199,0.38069060349661743,8.229295761031812,7.84860515753519
1200,0.2798231651331091,8.263630693877685,7.98380752874458
1201,0.384928972090349,8.43987810795855,8.0549491358682
1202,0.2772199333600877,8.248369490097573,7.97114955673749
1203,0.3444013801179145,8.255088982916181,7.91068760279827
1204,0.2835300735138616,8.293129062678943,8.00959898916508
1205,0.3082373082887271,8.291466388306183,7.98322908001746
1206,0.31665857114413465,8.239124488939527,7.92246591779539
1207,0.2743885589213572,8.284245374130121,8.00985681520876
1208,0.21112691927898114,8.181690677508865,7.97056375822988
1209,0.3018653512092491,8.311587870832598,8.00972251962335
1210,0.27566269263863785,8.299981575022176,8.02431888238354
1211,0.4890844945139533,8.359962719603116,7.87087822508916
1212,0.38643182705127005,8.327461904004068,7.9410300769528
1213,0.3113763370200322,8.303347262189474,7.99197092516944
1214,0.318100117225452,8.206736954573953,7.8886368373485
1215,0.25550691077345794,8.210261283697886,7.95475437292443
1216,0.2757865496306355,8.330737331299483,8.05495078166885
1217,0.15788253358434579,8.247386548213953,8.08950401462961
1218,0.268547623207417,8.197778032048348,7.92923040884093
1219,0.3853944119101875,8.301275403942732,7.91588099203254
1220,0.3860873742427321,8.379492928979143,7.99340555473641
1221,0.30462829114577866,8.315854090050623,8.01122579890484
1222,0.4046562736048234,8.383803589564002,7.97914731595918
1223,0.246412628046545,8.170663270493321,7.92425064244678
1224,0.35447224893769225,8.404786435939256,8.05031418700156
1225,0.23681223351755581,8.28834919775607,8.05153696423851
1226,0.2847595977073996,8.240206372306465,7.95544677459907
1227,0.376220602047008,8.362145934697843,7.98592533265083
1228,0.38543103617564817,8.37673315639714,7.99130212022149
1229,0.3002370537315869,8.262725223226731,7.96248816949514
1230,0.35426865803018576,8.238280113286919,7.88401145525673
1231,0.29904446399448553,8.311072451622735,8.01202798762825
1232,0.30397376393683734,8.239576658373482,7.93560289443664
1233,0.4404482262009021,8.459211856491605,8.0187636302907
1234,0.2808556294260684,8.225174005083042,7.94431837565697
1235,0.37346905365948113,8.369225191878735,7.99575613821925
1236,0.3193146851810714,8.317303113149936,7.99798842796887
1237,0.3135531068306196,8.28760878332128,7.97405567649066
1238,0.4268151359218059,8.30561892947509,7.87880379355328
1239,0.3281277431460039,8.172008689993755,7.84388094684775
1240,0.30202621453599093,8.304048562324134,8.00202234778814
1241,0.3875501419975261,8.359467820255542,7.97191767825802
1242,0.27465047449750624,8.27993616829338,8.00528569379587
1243,0.30830645098365705,8.33974291902653,8.03143646804287
1244,0.28623411716928104,8.319544057748129,8.03330994057885
1245,0.26133962668532856,8.264862283721014,8.00352265703568
1246,0.29710923251991744,8.250731165417193,7.95362193289728
1247,0.3675452745928769,8.346650099353337,7.97910482476046
1248,0.3621771510552396,8.288079026482164,7.92590187542692
1249,0.381027826211622,8.318711771867878,7.93768394565626
1250,0.30552839816669103,8.273211730908718,7.96768333274203
1251,0.34652656002529564,8.445467132571087,8.09894057254579
1252,0.3589586005736404,8.271381056989206,7.91242245641557
1253,0.3310012627532122,8.306731901576228,7.97573063882302
1254,0.32976734513017325,8.324054849308602,7.99428750417843
1255,0.27464634886179295,8.187857581286906,7.91321123242511
1256,0.3911394659218123,8.30885352726444,7.91771406134263
1257,0.3365683976500595,8.267256513736358,7.9306881160863
1258,0.35934850287938963,8.226864204553463,7.86751570167407
1259,0.18309049107813793,8.140413217805472,7.95732272672733
1260,0.3515652814269326,8.379076899688034,8.0275116182611
1261,0.3748828286321216,8.247233108877893,7.87235028024577
1262,0.3032618371771652,8.303966529155883,8.00070469197872
1263,0.3315714325312412,8.288469146882688,7.95689771435145
1264,0.34409916988882916,8.224353888488485,7.88025471859966
1265,0.26547575886742836,8.236984652912405,7.97150889404498
1266,0.3641753443088214,8.372711602049222,8.0085362577404
1267,0.228418340927602,8.237852101481131,8.00943376055353
1268,0.38807898993574325,8.332783947010432,7.94470495707469
1269,0.42028581399259685,8.385561169781019,7.96527535578842
1270,0.28182126491737597,8.25722306807388,7.9754018031565
1271,0.3178265029763554,8.32690741219099,8.00908090921463
1272,0.48747378051623447,8.316335927641488,7.82886214712525
1273,0.3742847193236108,8.272915396093945,7.89863067677033
1274,0.38437762050462404,8.360784831009955,7.97640721050533
1275,0.4555262685919815,8.328099963099389,7.87257369450741
1276,0.26204303891905883,8.27624707452194,8.01420403560288
1277,0.31423325979903466,8.247289779947893,7.93305652014886
1278,0.30487798906389657,8.38331810918642,8.07844012012252
1279,0.33647143030275645,8.352681801000157,8.0162103706974
1280,0.3927022838248668,8.396909810007632,8.00420752618276
1281,0.26228619236244494,8.188621866209674,7.92633567384723
1282,0.27859321167355383,8.228746850128557,7.950153638455
1283,0.3715358106462166,8.315822932815852,7.94428712216964
1284,0.3807329550044726,8.255226138144304,7.87449318313983
1285,0.3144334938787316,8.340636363190017,8.02620286931129
1286,0.23076064679663122,8.380720213275971,8.14995956647934
1287,0.2674004973704632,8.202004484863053,7.93460398749259
1288,0.36749203408866593,8.294856348134296,7.92736431404563
1289,0.3128918948689069,8.303926787733692,7.99103489286479
1290,0.29882628048805515,8.344367284554165,8.04554100406611
1291,0.34311435916236865,8.246923156400845,7.90380879723848
1292,0.1979917519211302,8.209487186552192,8.01149543463106
1293,0.3345132721757022,8.169511262389586,7.83499799021388
1294,0.3564642901327701,8.36787052771458,8.01140623758181
1295,0.2442143885721877,8.216097415764168,7.97188302719198
1296,0.28073019495543133,8.276014758972584,7.99528456401715
1297,0.13106995398756394,8.202338993190901,8.07126903920334
1298,0.31158612794359136,8.294964436391044,7.98337830844745
1299,0.2904291804395478,8.251267321048083,7.96083814060854
1300,0.3509172551157113,8.236235000610693,7.88531774549498
1301,0.2971139924123445,8.340546656686648,8.0434326642743
1302,0.3211527893570796,8.379034538492855,8.05788174913578
1303,0.28451705497066776,8.33872423498872,8.05420718001805
1304,0.42371408273464617,8.326046512955521,7.90233243022088
1305,0.304104049650694,8.301999262884383,7.99789521323369
1306,0.32444278915910285,8.274174161507073,7.94973137234797
1307,0.4004744421876917,8.387979182629886,7.98750474044219
1308,0.38447827929174366,8.350475769801108,7.96599749050936
1309,0.39189566704782625,8.315820580803793,7.92392491375597
1310,0.31659968442947434,8.253837750879052,7.93723806644958
1311,0.28240179729729364,8.245265042420574,7.96286324512328
1312,0.3289518969577077,8.366145113873012,8.0371932169153
1313,0.342262710904874,8.35138089860263,8.00911818769776
1314,0.40244279812037914,8.310514607988562,7.90807180986818
1315,0.31070134932403404,8.219574584636518,7.90887323531248
1316,0.20857406754373886,8.209492368725822,8.00091830118208
1317,0.30057556593243584,8.35571521991999,8.05513965398755
1318,0.38380178008974714,8.394868280150206,8.01106650006046
1319,0.34421445345035195,8.303364325409145,7.95914987195879
1320,0.3302765558575728,8.33760730833675,8.00733075247918
1321,0.2931387986537955,8.215842133797455,7.92270333514366
1322,0.3141964392498308,8.342896570449822,8.02870013119999
1323,0.4112553558383978,8.248988360022498,7.8377330041841
1324,0.25838585915407125,8.208430868953455,7.95004500979938
1325,0.40694322248243037,8.300761868473879,7.89381864599145
1326,0.31799484362080127,8.245322651128722,7.92732780750792
1327,0.33482840804017544,8.309024730203673,7.9741963221635
1328,0.2714485266250212,8.291555060673533,8.02010653404851
1329,0.27409104347480295,8.21331536199703,7.93922431852223
1330,0.42366502178523924,8.431602870508602,8.00793784872336
1331,0.35591925125732227,8.232729617255345,7.87681036599802
1332,0.39588735728648156,8.334093608250843,7.93820625096436
1333,0.36287309695024045,8.369388901709069,8.00651580475883
1334,0.3453377235453463,8.20707348002967,7.86173575648432
1335,0.24977682860554154,8.28800206648571,8.03822523788017
1336,0.3470990199402879,8.192981309027392,7.8458822890871
1337,0.4095381737651915,8.324948335346939,7.91541016158175
1338,0.33921561560329466,8.421193476752867,8.08197786114957
1339,0.30934077955405953,8.200971989727707,7.89163121017365
1340,0.33407645391693563,8.278559510432414,7.94448305651548
1341,0.23396859827838504,8.24839837921363,8.01442978093524
1342,0.386816056210936,8.3913199509976,8.00450389478666
1343,0.4476473626923583,8.361474064215889,7.91382670152353
1344,0.3111319263858446,8.192306704329166,7.88117477794332
1345,0.3446013275149078,8.239295793938094,7.89469446642319
1346,0.3804217877873727,8.384952107336954,8.00453031954958
1347,0.3487315814579284,8.28872790620762,7.93999632474969
1348,0.24739812610864417,8.299561324367165,8.05216319825852
1349,0.3277914788613772,8.33401135650577,8.00621987764439
1350,0.23590967910154514,8.211260893171456,7.97535121406991
1351,0.3669156634514368,8.269454199428184,7.90253853597675
1352,0.3784194883423741,8.276650614706696,7.89823112636432
1353,0.3333225108153088,8.244407462983425,7.91108495216812
1354,0.3605150925026209,8.351804995795755,7.99128990329313
1355,0.35803669056539983,8.307093312898592,7.94905662233319
1356,0.3907668841847308,8.274930227613213,7.88416334342848
1357,0.308682976102126,8.317195025037798,8.00851204893567
1358,0.39811686729960283,8.307391297524203,7.9092744302246
1359,0.3589041778783559,8.264875839537082,7.90597166165873
1360,0.3539692723452812,8.27170427091169,7.91773499856641
1361,0.3637560500234304,8.317949372746348,7.95419332272292
1362,0.3855735844686121,8.282531801864344,7.89695821739573
1363,0.30064924705185525,8.310861116164421,8.01021186911257
1364,0.266055903611041,8.255724646581898,7.98966874297086
1365,0.2807309255571422,8.285035405090099,8.00430447953296
1366,0.4659026434826292,8.41925369204637,7.95335104856374
1367,0.3642308625058653,8.350223438265509,7.98599257575964
1368,0.3481527259418046,8.220327737649269,7.87217501170746
1369,0.32734117365415766,8.339903948601162,8.012562774947
1370,0.34916285318093004,8.30371419344194,7.95455134026101
1371,0.3611621663653752,8.411047854498234,8.04988568813286
1372,0.33730360910127566,8.331108251554152,7.99380464245288
1373,0.29277063869562603,8.24368055289081,7.95090991419518
1374,0.4016811483845454,8.343375048065088,7.94169389968054
1375,0.311439607318207,8.269989284683328,7.95854967736512
1376,0.2318649658790928,8.169818491668252,7.93795352578916
1377,0.3139143064711982,8.15859748870875,7.84468318223755
1378,0.3630141174350477,8.316971179225327,7.95395706179028
1379,0.27787230298137855,8.207097728495166,7.92922542551379
1380,0.3630075245312885,8.389703797321873,8.02669627279058
1381,0.271264085493727,8.21263298550183,7.9413689000081
1382,0.3471369087425247,8.265789389959311,7.91865248121679
1383,0.3428223317034827,8.38665705366778,8.0438347219643
1384,0.3883320649078969,8.365297355852153,7.97696529094426
1385,0.27346696750982896,8.25277099194865,7.97930402443882
1386,0.32003872783921733,8.344602519016883,8.02456379117767
1387,0.2545806901652341,8.23754400977959,7.98296331961436
1388,0.31513601209090697,8.27184827928607,7.95671226719516
1389,0.3634450000280495,8.266874695324196,7.90342969529615
1390,0.28863547071551754,8.258155284101766,7.96951981338625
1391,0.4037827431937769,8.33931095096873,7.93552820777495
1392,0.35544358453378855,8.348145831467335,7.99270224693355
1393,0.29271432933901903,8.279888705839422,7.9871743765004
1394,0.3334953040919496,8.298046937704783,7.96455163361283
1395,0.28079432750743744,8.281214322842294,8.00041999533486
1396,0.3009107666864951,8.251376429246477,7.95046566255998
1397,0.2615891167876479,8.264251399203802,8.00266228241615
1398,0.363834237030566,8.217009366649352,7.85317512961879
1399,0.42297429949034876,8.389787349031534,7.96681304954119
1400,0.3985317403377924,8.359947810269823,7.96141606993203
1401,0.34456343939167683,8.305246494289912,7.96068305489824
1402,0.3506825190975751,8.3947399109948,8.04405739189723
1403,0.3729314185763544,8.310946790509217,7.93801537193286
1404,0.34219616863712254,8.291547285535579,7.94935111689846
1405,0.286357417372987,8.293761696159256,8.00740427878627
1406,0.40931302324987273,8.310551346293396,7.90123832304352
1407,0.42588999508368414,8.346260939000803,7.92037094391712
1408,0.372960804957398,8.327580247757744,7.95461944280035
1409,0.3369656576433306,8.313158956562928,7.9761932989196
1410,0.4015575648544145,8.285137345019212,7.8835797801648
1411,0.30745097055669846,8.291590176271878,7.98413920571518
1412,0.2949821642851886,8.250911072203543,7.95592890791835
1413,0.34109693103379424,8.284702731006304,7.94360579997251
1414,0.29745668161739663,8.350318507829835,8.05286182621244
1415,0.27202363132026913,8.324297102808254,8.05227347148798
1416,0.3450827109145889,8.338856374072602,7.99377366315801
1417,0.36635649262017334,8.234755844833352,7.86839935221318
1418,0.24984411966409611,8.273182969652588,8.02333884998849
1419,0.3641321641736844,8.385250061018573,8.02111789684489
1420,0.3992587932962142,8.294835566315342,7.89557677301913
1421,0.4542480362799601,8.474498576699443,8.02025054041948
1422,0.3978149965756122,8.337376651311986,7.93956165473637
1423,0.2937372072239289,8.21496790368968,7.92123069646575
1424,0.3829906944707775,8.259969172039677,7.8769784775689
1425,0.3111712983918435,8.245307559597316,7.93413626120547
1426,0.2427108682388226,8.254672241623567,8.01196137338474
1427,0.3561494548015088,8.301310729458814,7.94516127465731
1428,0.42842240271105936,8.365697752252233,7.93727534954117
1429,0.2877301515703465,8.332500315321427,8.04477016375108
1430,0.3682309414655314,8.349148256123804,7.98091731465827
1431,0.483095214212935,8.38659733642416,7.90350212221122
1432,0.35765424487490555,8.29706386128725,7.93940961641234
1433,0.38498468991830165,8.28809278308044,7.90310809316214
1434,0.3917315267641642,8.219280423214713,7.82754889645055
1435,0.3558945234537835,8.302506433459321,7.94661191000554
1436,0.31327634009864946,8.376847088236712,8.06357074813806
1437,0.318515566442853,8.273956048077679,7.95544048163483
1438,0.3361250191319799,8.395937930906362,8.05981291177438
1439,0.36238761464787766,8.34384228120335,7.98145466655547
1440,0.26386440167925534,8.244245355198641,7.98038095351939
1441,0.4465460657623898,8.448506743032976,8.00196067727059
1442,0.355017238972318,8.202981468549842,7.84796422957752
1443,0.3280483144004853,8.239708256575767,7.91165994217528
1444,0.4014006158279619,8.515552338120207,8.11415172229225
1445,0.38369859969159265,8.34128916033926,7.95759056064767
1446,0.28830423438253083,8.275541050820213,7.98723681643768
1447,0.24641999144254578,8.323865319730306,8.07744532828776
1448,0.33757766049282095,8.40732059583165,8.06974293533883
1449,0.24533245405950094,8.297873644154246,8.05254119009475
1450,0.3326196241159282,8.315967903248628,7.9833482791327
1451,0.38184081689809674,8.317529794991819,7.93568897809372
1452,0.3837828149029956,8.358093924919523,7.97431111001653
1453,0.3662122619153992,8.257449092132685,7.89123683021729
1454,0.29853018358678235,8.323408575774826,8.02487839218804
1455,0.414231148072225,8.376330294714734,7.96209914664251
1456,0.378474241031876,8.30239656813458,7.9239223271027
1457,0.39417540688008906,8.307764112833226,7.91358870595314
1458,0.3588763301204213,8.318557643089544,7.95968131296912
1459,0.31142420803625337,8.291149391803417,7.97972518376716
1460,0.3298888162080784,8.245463274243443,7.91557445803536
1461,0.36315506795537783,8.271836576444443,7.90868150848906
1462,0.34930613557461737,8.307584570351644,7.95827843477703
1463,0.3694283879214936,8.369416127592414,7.99998773967092
1464,0.3874231326670265,8.352086433921292,7.96466330125426
1465,0.4137240702844174,8.338847219150516,7.9251231488661
1466,0.29544074789552693,8.2410703233723,7.94562957547677
1467,0.2922863313252087,8.272596185370466,7.98030985404526
1468,0.26859810504515885,8.323413766030555,8.0548156609854
1469,0.47150192530888946,8.360569718255194,7.8890677929463
1470,0.25989935320961655,8.241725066347676,7.98182571313806
1471,0.34880395334827685,8.241761256533595,7.89295730318532
1472,0.18275957905472903,8.200628201591343,8.01786862253661
1473,0.27238787473253445,8.268471685176799,7.99608381044426
1474,0.16852222257632798,8.079335445177463,7.91081322260113
1475,0.20022187604821073,8.21345952185651,8.0132376458083
1476,0.2583586331702205,8.247219543638762,7.98886091046854
1477,0.35696046298246925,8.40656388155797,8.0496034185755
1478,0.352427641805442,8.244864247563076,7.89243660575763
1479,0.4128344360736458,8.277502227233157,7.86466779115951
1480,0.345638489137004,8.280836942386054,7.93519845324905
1481,0.3689963506827321,8.33351567785194,7.96451932716921
1482,0.41377587782097186,8.247553463099722,7.83377758527875
1483,0.26959421472068223,8.226976083090145,7.95738186836946
1484,0.3051726366682571,8.299367958730583,7.99419532206233
1485,0.41087538519273276,8.394832001246886,7.98395661605415
1486,0.29392020104800876,8.294995263846637,8.00107506279863
1487,0.30567601265268923,8.240860877207744,7.93518486455505
1488,0.34699337079970693,8.244055198624972,7.89706182782527
1489,0.31417733154919236,8.30374057679939,7.9895632452502
1490,0.2325807091075173,8.329067408158203,8.09648669905068
1491,0.2218599048307881,8.3030613781942,8.08120147336341
1492,0.29772830796581773,8.277626701170863,7.97989839320505
1493,0.3829432795389283,8.4186636843348,8.03572040479587
1494,0.3100129336832986,8.339238843496293,8.02922590981299
1495,0.27392452278851764,8.256193252236665,7.98226872944815
1496,0.29607446015161043,8.270901512438654,7.97482705228704
1497,0.24131907192179794,8.30937747975357,8.06805840783177
1498,0.2510006152788946,8.291612729993734,8.04061211471484
1499,0.2998250655982746,8.356041967281808,8.05621690168353
1500,0.298635108364783,8.203831774836377,7.90519666647159
1501,0.30411989031747927,8.246008899563405,7.94188900924593
1502,0.3256523608327443,8.210639968573817,7.88498760774107
1503,0.37554018756108837,8.33142723387717,7.95588704631608
1504,0.3458559923951376,8.2802646873867,7.93440869499156
1505,0.26106988954703636,8.21867394105527,7.95760405150823
1506,0.32545599564507777,8.278610554361038,7.95315455871596
1507,0.30132623089700483,8.289911686113003,7.988585455216
1508,0.40820587784684553,8.405120634512144,7.9969147566653
1509,0.2674412294531803,8.24970155353429,7.98226032408111
1510,0.238172255004806,8.345286103820431,8.10711384881563
1511,0.31564956110270276,8.235504383112053,7.91985482200935
1512,0.22051392265219258,8.173877495107307,7.95336357245511
1513,0.32971757660466994,8.295447791257985,7.96573021465331
1514,0.3083529080908574,8.323076395355294,8.01472348726444
1515,0.33019341781277245,8.249190357330837,7.91899693951807
1516,0.4031935797403998,8.411485700038455,8.00829212029806
1517,0.26613841203859184,8.287529417093547,8.02139100505496
1518,0.38933011759052705,8.318632984546145,7.92930286695562
1519,0.3844138559896959,8.288310162738279,7.90389630674858
1520,0.3244784829604008,8.317590804030734,7.99311232107033
1521,0.27761179915364154,8.271881255076075,7.99426945592243
1522,0.3137058955059119,8.38034895989684,8.06664306439093
1523,0.3192788959704984,8.338031191271265,8.01875229530077
1524,0.2641747696324997,8.26344359266385,7.99926882303135
1525,0.3905596484395839,8.38063689730609,7.99007724886651
1526,0.3959727930001702,8.327530405881417,7.93155761288125
1527,0.35662846814009536,8.249859009876918,7.89323054173682
1528,0.3630879211823554,8.29814945277132,7.93506153158896
1529,0.2635658895738951,8.259195806936274,7.99562991736238
1530,0.3244860889699573,8.347806227033733,8.02332013806378
1531,0.26913208044111236,8.246440128834427,7.97730804839331
1532,0.332775113601218,8.328026522481244,7.99525140888003
1533,0.29939676648393093,8.222924066402735,7.9235272999188
1534,0.3483722397387264,8.318218012007561,7.96984577226883
1535,0.2960611299408024,8.233680446945836,7.93761931700503
1536,0.314461556605106,8.159189017981824,7.84472746137672
1537,0.2513657809479603,8.171772383563528,7.92040660261557
1538,0.32331605146110726,8.290050116507418,7.96673406504631
1539,0.16876274043081502,8.23225989823522,8.06349715780441
1540,0.3316686623032166,8.309851047587768,7.97818238528455
1541,0.3400538848856693,8.268032799110042,7.92797891422437
1542,0.32133803061568067,8.256755310890332,7.93541728027465
1543,0.40666175962543116,8.273382529026986,7.86672076940155
1544,0.3255242117046518,8.42423043971631,8.09870622801166
1545,0.29115817695314317,8.319128667407101,8.02797049045396
1546,0.35617724169108556,8.2168566285512,7.86067938686011
1547,0.331099149133594,8.307167846744795,7.9760686976112
1548,0.3391526267668404,8.345690116424901,8.00653748965806
1549,0.4042814681525338,8.37202630601696,7.96774483786443
1550,0.3314636590538185,8.247917301877463,7.91645364282364
1551,0.3461461315097181,8.357839203640133,8.01169307213041
1552,0.31583179163314823,8.233177911241626,7.91734611960848
1553,0.22701247883811795,8.295797443030969,8.06878496419285
1554,0.3835323704485914,8.260082594559739,7.87655022411115
1555,0.32162835958766106,8.323986736002695,8.00235837641503
1556,0.32652783095754023,8.287099540855053,7.96057170989751
1557,0.1914052446835672,8.265556990057675,8.07415174537411
1558,0.23871781855951685,8.278989276286806,8.04027145772729
1559,0.42939324692717623,8.458459238175475,8.0290659912483
1560,0.43919481198658106,8.440266062227156,8.00107125024057
1561,0.2685077585048729,8.300555249870955,8.03204749136608
1562,0.3944766382422743,8.2091025904599,7.81462595221763
1563,0.3833495558088542,8.246182485058903,7.86283292925005
1564,0.4354954634490521,8.380020644830127,7.94452518138108
1565,0.31576598568876063,8.238172607176192,7.92240662148743
1566,0.276040009926925,8.274687943028548,7.99864793310162
1567,0.3839162955151973,8.33766585403894,7.95374955852374
1568,0.3171960822055957,8.216411361064912,7.89921527885932
1569,0.40265218308195844,8.27960525897215,7.87695307589019
1570,0.2684032310616084,8.224924391380998,7.95652116031939
1571,0.2910406162507528,8.219312156069668,7.92827153981892
1572,0.37940549336499174,8.246012423996989,7.866606930632
1573,0.3088480446828524,8.356286470751165,8.04743842606831
1574,0.315071722285568,8.322212969931792,8.00714124764622
1575,0.34668577324511346,8.351087046225446,8.00440127298033
1576,0.37847475473180175,8.370028196664137,7.99155344193233
1577,0.2977849029073327,8.303805568093825,8.00602066518649
1578,0.39541747522667386,8.366671677947654,7.97125420272098
1579,0.35228715563905866,8.23175284346618,7.87946568782712
1580,0.22566479994668673,8.170805468382294,7.94514066843561
1581,0.4309417077913251,8.288468616197004,7.85752690840568
1582,0.3173917375380914,8.28561956044963,7.96822782291154
1583,0.29967581627013523,8.241489224936215,7.94181340866608
1584,0.37205961472678256,8.330201239387591,7.95814162466081
1585,0.3794942818382134,8.293766169899358,7.91427188806114
1586,0.32448729825323264,8.324750762280544,8.00026346402731
1587,0.1915642192570991,8.286507418476194,8.0949431992191
1588,0.4326049135888537,8.340458358399946,7.90785344481109
1589,0.3019724664201052,8.291594583587486,7.98962211716738
1590,0.36472625704804196,8.182620989129127,7.81789473208109
1591,0.28846128493053746,8.308399817060014,8.01993853212948
1592,0.45720104177705057,8.31399386053209,7.85679281875504
1593,0.2906603071397632,8.147048053937194,7.85638774679743
1594,0.37557628386375186,8.248731372555142,7.87315508869139
1595,0.35327161249325295,8.3696893174525,8.01641770495925
1596,0.3644824157462455,8.264773364252662,7.90029094850642
1597,0.3424166863800859,8.300515742227656,7.95809905584757
1598,0.31411901100037265,8.402588317236795,8.08846930623642
1599,0.26385100516733634,8.32342198351159,8.05957097834425
1600,0.29175922452839853,8.213048775769927,7.92128955124153
1601,0.22969096191989882,8.229436455156291,7.99974549323639
1602,0.36476046021420205,8.322729317944738,7.95796885773054
1603,0.34915993912867427,8.334684599444294,7.98552466031562
1604,0.3465897933516046,8.371858549667833,8.02526875631623
1605,0.19806335872645187,8.223941318464489,8.02587795973804
1606,0.29726386624591167,8.201748009218903,7.90448414297299
1607,0.361585572300864,8.343752391715764,7.9821668194149
1608,0.36495875579431986,8.291449208283026,7.92649045248871
1609,0.32363844760610155,8.26162587227647,7.93798742467037
1610,0.3129916772156785,8.275271208630993,7.96227953141531
1611,0.36975979453496244,8.440888336946902,8.07112854241194
1612,0.39373642856478525,8.228900079365104,7.83516365080032
1613,0.3846122927522868,8.384986097346063,8.00037380459378
1614,0.28811508096957744,8.17791827007609,7.88980318910651
1615,0.34146836604923914,8.208581465600835,7.8671130995516
1616,0.33349861600553876,8.30854765518371,7.97504903917817
1617,0.25463202350129166,8.228651103411579,7.97401907991029
1618,0.328354838798706,8.312176297950176,7.98382145915147
1619,0.27774502961153785,8.25020183727725,7.97245680766571
1620,0.343736724213291,8.294388718538356,7.95065199432506
1621,0.3485051342312929,8.17556335211697,7.82705821788568
1622,0.38156349093533615,8.287741155325344,7.90617766439001
1623,0.3909995567536269,8.269552533005445,7.87855297625182
1624,0.33479226580166194,8.265266270196342,7.93047400439468
1625,0.25061872333875945,8.274717131853071,8.02409840851431
1626,0.41071902607744676,8.330290073161686,7.91957104708424
1627,0.19743878532518994,8.223681252914249,8.02624246758906
1628,0.30244735679041357,8.198273037264732,7.89582568047432
1629,0.35055809430074714,8.287771178602073,7.93721308430133
1630,0.2997443018903981,8.279179080252984,7.97943477836259
1631,0.37860355161810116,8.281743034686967,7.90313948306887
1632,0.33674389165833024,8.266816558814405,7.93007266715607
1633,0.34601933931270634,8.348642904996177,8.00262356568347
1634,0.3757498813659909,8.367266423761558,7.99151654239557
1635,0.2954655590053587,8.166463488298552,7.87099792929319
1636,0.3351815366701142,8.379262826152573,8.04408128948246
1637,0.2988396074538388,8.38699019998711,8.08815059253327
1638,0.39255048529195397,8.333450410071853,7.9408999247799
1639,0.3636924782017975,8.333245803633703,7.96955332543191
1640,0.36409697001800184,8.34283158653326,7.97873461651526
1641,0.35893433702408517,8.296658965334966,7.93772462831088
1642,0.2670513145094759,8.323507907593106,8.05645659308363
1643,0.36873875885541135,8.380748057683622,8.01200929882821
1644,0.2698870220931388,8.322482377434486,8.05259535534135
1645,0.34879570096781554,8.231834814026481,7.88303911305867
1646,0.405005742981821,8.368442784939988,7.96343704195817
1647,0.31042992591614865,8.268284266076051,7.9578543401599
1648,0.3613904218714046,8.345308835039681,7.98391841316828
1649,0.3614101246795029,8.360150170704264,7.99874004602476
1650,0.28750374405687895,8.141966022058662,7.85446227800178
1651,0.38607299604177886,8.280133315184168,7.89406031914239
1652,0.43145908340280237,8.367640687642558,7.93618160423976
1653,0.32129827834967595,8.302796215116686,7.98149793676701
1654,0.34516341116092203,8.346673291202343,8.00150988004142
1655,0.3439024659606033,8.300237802648962,7.95633533668836
1656,0.3522731693015511,8.222844717265351,7.8705715479638
1657,0.2843695206805868,8.159965575573581,7.87559605489299
1658,0.36305596259068973,8.334407536914416,7.97135157432373
1659,0.27417628929989535,8.234247719488625,7.96007143018873
1660,0.30445212205223104,8.307407938521916,8.00295581646968
1661,0.31915927816760253,8.214688202316744,7.89552892414914
1662,0.4041315511195398,8.353717562857595,7.94958601173806
1663,0.28142268104052726,8.340919144423022,8.05949646338249
1664,0.39306110892404383,8.311056873153145,7.9179957642291
1665,0.3028428703769222,8.271633400187136,7.96879052981021
1666,0.36212020048043403,8.321023101533351,7.95890290105292
1667,0.2950042622415003,8.235507966463613,7.94050370422211
1668,0.3896819702194983,8.293174590956369,7.90349262073687
1669,0.25510689394720015,8.28731812324021,8.03221122929301
1670,0.4034595334824265,8.352790178947613,7.94933064546519
1671,0.2943082544367175,8.221959535519048,7.92765128108233
1672,0.436500775169526,8.370522263382115,7.93402148821259
1673,0.3162453503838243,8.386840135548159,8.07059478516434
1674,0.24001436783411578,8.235848406072877,7.99583403823876
1675,0.19352117475045955,8.272957595223799,8.07943642047334
1676,0.2516958400152836,8.299659302313197,8.04796346229791
1677,0.2691485319026611,8.344006056124718,8.07485752422206
1678,0.332410635967991,8.34620846595676,8.01379782998877
1679,0.4640959385619325,8.338906633179105,7.87481069461717
1680,0.23079883281789573,8.299843423976888,8.06904459115899
1681,0.4014569648820446,8.349659336569204,7.94820237168716
1682,0.38510424394534065,8.318406505888838,7.9333022619435
1683,0.3214976810053888,8.249273496619335,7.92777581561395
1684,0.38307643400385283,8.28033996359317,7.89726352958932
1685,0.42184405457457985,8.368591831952326,7.94674777737775
1686,0.34138701300452107,8.311922508634781,7.97053549563026
1687,0.4688420958153655,8.447602575316482,7.97876047950112
1688,0.2756538950779937,8.218765062258962,7.94311116718097
1689,0.2873276150054183,8.308759409179974,8.02143179417456
1690,0.364514550150023,8.316870663563105,7.95235611341308
1691,0.35322211120001645,8.335115866923118,7.9818937557231
1692,0.29470748559074766,8.312893777540229,8.01818629194948
1693,0.22508996886853497,8.251610561811132,8.0265205929426
1694,0.35053290619595073,8.358844116818076,8.00831121062213
1695,0.2918346199294564,8.406088068817285,8.11425344888783
1696,0.28455056958087793,8.290820557765631,8.00626998818475
1697,0.3855558933733286,8.329317692063121,7.94376179868979
1698,0.26800677258969013,8.281120413071958,8.01311364048227
1699,0.41650159043149726,8.296751734434201,7.8802501440027
1700,0.29802318578599535,8.313254003608012,8.01523081782202
1701,0.3507741118152601,8.274910759275942,7.92413664746068
1702,0.3146225330486225,8.26553351175395,7.95091097870533
1703,0.4096900564000915,8.451355028138694,8.0416649717386
1704,0.31454675983728725,8.345180425730273,8.03063366589299
1705,0.21632849285983444,8.291061414955287,8.07473292209545
1706,0.3381461039650209,8.302082116283088,7.96393601231807
1707,0.3127091780556946,8.236128348863721,7.92341917080803
1708,0.23982220167469734,8.280315435908971,8.04049323423427
1709,0.3186919594112539,8.304689878802083,7.98599791939083
1710,0.24443460056665964,8.247621937724617,8.00318733715796
1711,0.44314644795811414,8.412290328104032,7.96914388014592
1712,0.3938582689160734,8.320678194267574,7.9268199253515
1713,0.29700741919870227,8.258328599641727,7.96132118044302
1714,0.34563007532032325,8.308609004212359,7.96297892889204
1715,0.35514515939268687,8.21631202887787,7.86116686948518
1716,0.27857148038606605,8.307514501068255,8.02894302068219
1717,0.21928783515665323,8.32556034753629,8.10627251237964
1718,0.2626909126093782,8.290554228553518,8.02786331594414
1719,0.3807703128999107,8.322792869565818,7.94202255666591
1720,0.29802853017320036,8.244641355918978,7.94661282574578
1721,0.3865233010421032,8.294484537779674,7.90796123673757
1722,0.32249997787199763,8.283775776337704,7.96127579846571
1723,0.353142312995435,8.218834085841674,7.86569177284624
1724,0.30646245000330224,8.377863142477619,8.07140069247432
1725,0.30564912547192286,8.321093823943503,8.01544469847158
1726,0.25769356289573503,8.261275672644064,8.00358210974833
1727,0.39966177117171625,8.317336589886814,7.9176748187151
1728,0.3428873028663405,8.317815972825825,7.97492866995948
1729,0.3964769552506584,8.287216922928863,7.8907399676782
1730,0.3020118050343619,8.354282916928824,8.05227111189446
1731,0.33144185979745416,8.336014035369512,8.00457217557206
1732,0.2798947786533776,8.248011919510823,7.96811714085745
1733,0.3816874380646291,8.371979563318982,7.99029212525435
1734,0.35702821973885523,8.309570824502105,7.95254260476325
1735,0.39468305002631954,8.313261488206285,7.91857843817997
1736,0.3835537250117361,8.293818660338175,7.91026493532644
1737,0.4199171747937468,8.38573794321207,7.96582076841832
1738,0.35821222632880084,8.243252380868554,7.88504015453975
1739,0.3739573204882468,8.36448078308638,7.99052346259813
1740,0.3110861030477819,8.330690779833084,8.0196046767853
1741,0.3807821110798215,8.278390641012717,7.89760852993289
1742,0.3768303744654494,8.38729507527764,8.01046470081219
1743,0.31178841595556517,8.1666399700394,7.85485155408383
1744,0.2588497072825028,8.279057870605365,8.02020816332286
1745,0.3649071661551267,8.324739942698056,7.95983277654293
1746,0.3391974422250159,8.28932479141017,7.95012734918515
1747,0.44133844915172105,8.387327396176085,7.94598894702436
1748,0.2538510138449932,8.203333772754396,7.9494827589094
1749,0.39698233403773586,8.295755309780624,7.89877297574289
1750,0.23451589219396923,8.265375175622943,8.03085928342897
1751,0.34751699727512225,8.210210686233172,7.86269368895805
1752,0.3446429167590522,8.22726303599503,7.88262011923598
1753,0.2390840415327682,8.203902182700396,7.96481814116763
1754,0.3889875396740358,8.45405983414627,8.06507229447223
1755,0.28624180877529415,8.168572460453356,7.88233065167806
1756,0.4109735278832449,8.406351737088288,7.99537820920504
1757,0.2693965466999456,8.273122311760043,8.0037257650601
1758,0.22659146138492056,8.199416752771695,7.97282529138677
1759,0.3380488405044951,8.374957843043243,8.03690900253875
1760,0.36771176710250075,8.340081235656505,7.972369468554
1761,0.39458876200011284,8.32540729440637,7.93081853240626
1762,0.21017479802595027,8.166182550482231,7.95600775245628
1763,0.37732138823373,8.391203261402444,8.01388187316871
1764,0.2936059144849225,8.230472252641874,7.93686633815695
1765,0.359822453316825,8.300909026431004,7.94108657311418
1766,0.3992789650082468,8.372069349230886,7.97279038422264
1767,0.23656794507244763,8.323799885887766,8.08723194081532
1768,0.3406587901524499,8.234230360821094,7.89357157066864
1769,0.28999957905039614,8.259378803845175,7.96937922479478
1770,0.3390147230090464,8.33594203025073,7.99692730724168
1771,0.3222779669849593,8.360626359014404,8.03834839202944
1772,0.3130864213904568,8.248243029846481,7.93515660845602
1773,0.29994135487500284,8.322965100964977,8.02302374608997
1774,0.23711831358821076,8.072459160939006,7.8353408473508
1775,0.2771674742887975,8.292781347346946,8.01561387305815
1776,0.31645601934064127,8.236433877435662,7.91997785809502
1777,0.3058880643541976,8.356265413636741,8.05037734928254
1778,0.33436239653229977,8.43565827918311,8.10129588265081
1779,0.4184851078531854,8.50950772340292,8.09102261554974
1780,0.2775485421364259,8.227006905362828,7.9494583632264
1781,0.22339530942722205,8.205202737517943,7.98180742809072
1782,0.41582940667485196,8.376911110128688,7.96108170345384
1783,0.36819475452112316,8.264869588261572,7.89667483374045
1784,0.34930320409160454,8.267025238234236,7.91772203414263
1785,0.29676081039523583,8.09376663969654,7.7970058293013
1786,0.3873290158430529,8.334948530855444,7.94761951501239
1787,0.4027711561415109,8.305622921536504,7.90285176539499
1788,0.32847247533945156,8.167488334544283,7.83901585920483
1789,0.2701058989937094,8.22020866934535,7.95010277035164
1790,0.23628612237130636,8.140726536800235,7.90444041442893
1791,0.38938017457689694,8.406675462344687,8.01729528776779
1792,0.3826872302889527,8.257297704897441,7.87461047460849
1793,0.42026648014480655,8.357356623688895,7.93709014354409
1794,0.31805275043903003,8.322178934793177,8.00412618435415
1795,0.3498385693367949,8.330845387647805,7.98100681831101
1796,0.20914773710314702,8.315969781933594,8.10682204483045
1797,0.3148601930112676,8.358206528017837,8.04334633500657
1798,0.25550155053848067,8.15836084571698,7.9028592951785
1799,0.2772781638876173,8.223350226643243,7.94607206275563
1800,0.2843302927438832,8.26170208777585,7.97737179503197
1801,0.2979714689552619,8.204356085436485,7.90638461648122
1802,0.2887889089506557,8.225677560886263,7.93688865193561
1803,0.26658392778139484,8.20105318102419,7.93446925324279
1804,0.3115706851173559,8.276522392036469,7.96495170691911
1805,0.27963073432750757,8.338088536000825,8.05845780167332
1806,0.27540309265403595,8.306565070896104,8.03116197824207
1807,0.33473193904212467,8.300081354522524,7.9653494154804
1808,0.3192998795718322,8.262922460940224,7.94362258136839
1809,0.33388699268024535,8.411198918771241,8.077311926091
1810,0.40025353750527914,8.394682444765024,7.99442890725975
1811,0.3286165962597431,8.31795470886596,7.98933811260622
1812,0.35218537336533534,8.33952836407035,7.98734299070501
1813,0.2475777053296936,8.31662202825263,8.06904432292294
1814,0.45605288067298744,8.376624620083707,7.92057173941072
1815,0.4256932537365398,8.338501369233146,7.91280811549661
1816,0.34213499812171666,8.335371584103262,7.99323658598155
1817,0.23746507575933268,8.21770118248573,7.9802361067264
1818,0.3824864117304408,8.36291884854596,7.98043243681552
1819,0.21414637227543568,8.274479282308219,8.06033291003278
1820,0.37969354715161535,8.287891202613645,7.90819765546203
1821,0.3631423972812313,8.365318332367343,8.00217593508611
1822,0.2127911507394172,8.202697553487885,7.98990640274847
1823,0.30972610605800743,8.29900011805866,7.98927401200065
1824,0.3006072185239103,8.246884214132303,7.94627699560839
1825,0.4094801516063486,8.322906888883663,7.91342673727732
1826,0.3442230710678521,8.317021053650679,7.97279798258283
1827,0.37067088134026394,8.395315812596927,8.02464493125666
1828,0.36269449140978616,8.352713331963573,7.99001884055379
1829,0.36221986147296326,8.381689194346754,8.01946933287379
1830,0.43987077477160047,8.330130910222932,7.89026013545133
1831,0.2563637513674317,8.149014563184533,7.8926508118171
1832,0.268841411407469,8.328332618463673,8.0594912070562
1833,0.27389249009335886,8.273622719051193,7.99973022895783
1834,0.40375168267079786,8.453114313991529,8.04936263132073
1835,0.3554603429400152,8.338643833933011,7.983183490993
1836,0.2882560376008184,8.262635776389567,7.97437973878875
1837,0.224841680026692,8.196075720194388,7.9712340401677
1838,0.3991078783867729,8.320247163156447,7.92113928476967
1839,0.4103054473901491,8.391968343959059,7.98166289656891
1840,0.28245820793733484,8.312434847644392,8.02997663970706
1841,0.42134988063128265,8.358926623670966,7.93757674303968
1842,0.26270031030949653,8.251319019833433,7.98861870952394
1843,0.374284544366964,8.358289759488235,7.98400521512127
1844,0.22983449263663727,8.235676657664973,8.00584216502834
1845,0.42128702408874774,8.380470946632984,7.95918392254424
1846,0.30921364784072103,8.339756194469986,8.03054254662927
1847,0.3563281605891171,8.347303826174159,7.99097566558504
1848,0.317627350032505,8.230570961459073,7.91294361142657
1849,0.31423787754455906,8.261771720842368,7.94753384329781
1850,0.40007101937836326,8.357038423664266,7.9569674042859
1851,0.4490158574783795,8.43958808081714,7.99057222333876
1852,0.26386166978722503,8.250210873940041,7.98634920415282
1853,0.3883314550268396,8.499933757196862,8.11160230217002
1854,0.3069417912009258,8.30000742008533,7.99306562888441
1855,0.38987600543833506,8.398817471092846,8.00894146565451
1856,0.27391273686748135,8.205354107194522,7.93144137032704
1857,0.30512505756170133,8.295697587900047,7.99057253033835
1858,0.32033580163765807,8.366668272547683,8.04633247091003
1859,0.4072562140720294,8.4463850123156,8.03912879824357
1860,0.20777389474769203,8.185378260561503,7.97760436581381
1861,0.22522692234319386,8.30599368558739,8.0807667632442
1862,0.41562346502950875,8.374675030189037,7.95905156515953
1863,0.43410941770158407,8.256889578988126,7.82278016128654
1864,0.31498356048963994,8.228381250291555,7.91339768980191
1865,0.36470606737651534,8.361721343966867,7.99701527659035
1866,0.17913791939492546,8.217470530167587,8.03833261077266
1867,0.38387473453720206,8.44854104195211,8.06466630741491
1868,0.3351802599257556,8.295608478557986,7.96042821863223
1869,0.24420441857440012,8.089437986920306,7.84523356834591
1870,0.2777518420415413,8.253069565214936,7.97531772317339
1871,0.37525422143727216,8.209463539454847,7.83420931801757
1872,0.36437869086428204,8.360804777738428,7.99642608687415
1873,0.37498100981848165,8.34290505226812,7.96792404244964
1874,0.17380271682355558,8.170927733548854,7.9971250167253
1875,0.30404420463024023,8.255505046288812,7.95146084165857
1876,0.2493585770221391,8.312088126516286,8.06272954949415
1877,0.29213609561027726,8.190034355427088,7.89789825981681
1878,0.2996965755765386,8.237620833303637,7.9379242577271
1879,0.3105518228524025,8.27262099453905,7.96206917168665
1880,0.2772772090184686,8.33443222113336,8.05715501211489
1881,0.33624839325944467,8.354513013004246,8.0182646197448
1882,0.36621037799328193,8.24264225494808,7.8764318769548
1883,0.2904086020844119,8.220612015975474,7.93020341389106
1884,0.16519745410810763,8.210582810357712,8.0453853562496
1885,0.3990273765852874,8.400056485432152,8.00102910884686
1886,0.335432311678191,8.357270020707837,8.02183770902965
1887,0.39470687074119465,8.307940945583466,7.91323407484227
1888,0.29362024937811915,8.332523377797383,8.03890312841926
1889,0.3788820652110538,8.411177505399303,8.03229544018825
1890,0.2626521476463344,8.212539359898463,7.94988721225213
1891,0.44383064534196537,8.440548732118435,7.99671808677647
1892,0.410440993472292,8.316197745138554,7.90575675166626
1893,0.2843691219621193,8.230034620957985,7.94566549899587
1894,0.3519961436360499,8.330875060052595,7.97887891641654
1895,0.3078920795301552,8.31149857356242,8.00360649403226
1896,0.34610933911427383,8.27446577964696,7.92835644053269
1897,0.3880095422026223,8.296375258920081,7.90836571671746
1898,0.38372728008571777,8.489018218486889,8.10529093840117
1899,0.38503746973514247,8.34082385623589,7.95578638650075
1900,0.32942846320858865,8.223811545367731,7.89438308215914
1901,0.26094299917037383,8.193797207814113,7.93285420864374
1902,0.3764629856332674,8.339403349879117,7.96294036424585
1903,0.37571316838388996,8.338066898637432,7.96235373025354
1904,0.3339258514890376,8.222640781932043,7.88871493044301
1905,0.230635826804341,8.343521698115962,8.11288587131162
1906,0.2834048863560953,8.299089125872051,8.01568423951596
1907,0.3521132961633306,8.298403952357077,7.94629065619375
1908,0.2791311281137186,8.186587200568558,7.90745607245484
1909,0.3737426979921786,8.282023269376484,7.90828057138431
1910,0.30100117744818794,8.258533817191665,7.95753263974348
1911,0.41242394362343077,8.310251662948666,7.89782771932524
1912,0.34911065751676224,8.252154135379653,7.90304347786289
1913,0.4114412588901878,8.377877232398019,7.96643597350783
1914,0.388491471772259,8.264754198747204,7.87626272697494
1915,0.4148607662145189,8.289143372583046,7.87428260636853
1916,0.2210692708278232,8.163579842857873,7.94251057203005
1917,0.2561181515555247,8.243003920965132,7.98688576940961
1918,0.3500237672390317,8.310298804082723,7.96027503684369
1919,0.31475535003524696,8.343627553806689,8.02887220377144
1920,0.3349174771974226,8.278783732469272,7.94386625527185
1921,0.2465894487942353,8.209281157078031,7.9626917082838
1922,0.30371010451801383,8.269561448971668,7.96585134445365
1923,0.36743840678253786,8.298431288911067,7.93099288212853
1924,0.31090320285178696,8.239935297219871,7.92903209436808
1925,0.3384911784293606,8.247546309550314,7.90905513112095
1926,0.26270124482692064,8.269906477627131,8.00720523280021
1927,0.21025509779350793,8.175248894566586,7.96499379677308
1928,0.3815426939324284,8.207899761876599,7.82635706794417
1929,0.3146250868757107,8.179456830562783,7.86483174368707
1930,0.3067298949520196,8.255718506348211,7.94898861139619
1931,0.2750760575075963,8.308615731010208,8.03353967350261
1932,0.37321666674622617,8.3567110902063,7.98349442346007
1933,0.3854598418772566,8.362414803073143,7.97695496119589
1934,0.31961449371708694,8.196577363110267,7.87696286939318
1935,0.3571278322491728,8.284677788175706,7.92754995592653
1936,0.26552849528519146,8.329931027702495,8.0644025324173
1937,0.39643980773700577,8.328348849873333,7.93190904213633
1938,0.3634318406063849,8.333332554862007,7.96990071425562
1939,0.2943240103463347,8.238229804369313,7.94390579402298
1940,0.33000187249314705,8.347042906190223,8.01704103369708
1941,0.28025641634305476,8.148444802418602,7.86818838607555
1942,0.33039676763123793,8.40972238932825,8.07932562169701
1943,0.3202633182268885,8.257847438719606,7.93758412049272
1944,0.24190873312646535,8.297369589024793,8.05546085589833
1945,0.3326559909567822,8.338950108857167,8.00629411790039
1946,0.34294137205896746,8.336089074593023,7.99314770253406
1947,0.1715599707834733,8.189043925987514,8.01748395520404
1948,0.3638323815714151,8.313789613451165,7.94995723187975
1949,0.2094832064372757,8.265453618887596,8.05597041245032
1950,0.3616825019950884,8.312731809745028,7.95104930774994
1951,0.2223046270763071,8.278344755197093,8.05604012812079
1952,0.36636780998721363,8.377627641049473,8.01125983106226
1953,0.371559437855794,8.364876046796843,7.99331660894105
1954,0.3441974563582116,8.307469581877776,7.96327212551956
1955,0.3406198517704038,8.210381940199996,7.86976208842959
1956,0.31403119549862657,8.192202634302689,7.87817143880406
1957,0.325113151449371,8.385856892844462,8.06074374139509
1958,0.29100348458284336,8.178143432002155,7.88713994741931
1959,0.3159478163669361,8.287761259234596,7.97181344286766
1960,0.32041029151819317,8.256215871264232,7.93580557974604
1961,0.2786389055483597,8.30386607517128,8.02522716962292
1962,0.2914928945595786,8.219723089080636,7.92823019452106
1963,0.3266660375211643,8.412323584256017,8.08565754673485
1964,0.3511945017045767,8.328563372390798,7.97736887068622
1965,0.3537593253407587,8.34200462786417,7.98824530252341
1966,0.2990478966636702,8.316227890102658,8.01717999343899
1967,0.3368566066128489,8.376412795993621,8.03955618938077
1968,0.4188361275233164,8.367478513722482,7.94864238619917
1969,0.3082898016844987,8.248080219287013,7.93979041760251
1970,0.3673631988412537,8.247420466200747,7.88005726735949
1971,0.3225515967782272,8.271427768189499,7.94887617141127
1972,0.41713452788065714,8.334554707658192,7.91742017977753
1973,0.3566134627581058,8.283982274641321,7.92736881188322
1974,0.3290490316214896,8.335846694484,8.00679766286251
1975,0.19440673101310763,8.195788310441147,8.00138157942804
1976,0.3461212585945399,8.36881177900315,8.02269052040861
1977,0.37906357144122743,8.370814076415444,7.99175050497422
1978,0.45445348813284214,8.42444803937773,7.96999455124489
1979,0.2207360055926628,8.274935616013297,8.05419961042063
1980,0.35528296617823024,8.26401221870541,7.90872925252718
1981,0.3895817488617538,8.242484960355572,7.85290321149382
1982,0.3691420813667854,8.368707605395285,7.9995655240285
1983,0.3430248136655138,8.384953425966009,8.0419286123005
1984,0.28319093438555354,8.33883409207729,8.05564315769174
1985,0.39273489109616133,8.323840247927823,7.93110535683166
1986,0.45989795650004295,8.359441099481916,7.89954314298187
1987,0.28966207052325843,8.249323522131979,7.95966145160872
1988,0.3624633021669996,8.29100647978222,7.92854317761522
1989,0.37523430870543106,8.337056367961866,7.96182205925644
1990,0.30438755252570154,8.204176321073545,7.89978876854784
1991,0.2666884157584155,8.31789283810771,8.05120442234929
1992,0.4442861713464244,8.33145585817277,7.88716968682635
1993,0.516979034097724,8.372634365987794,7.85565533189007
1994,0.3589952640161634,8.210759346182531,7.85176408216637
1995,0.3402570102107737,8.275868315039723,7.93561130482895
1996,0.33516014417401085,8.26717271062121,7.9320125664472
1997,0.34405346888353133,8.333866371174027,7.9898129022905
1998,0.2572328348295091,8.23094003959554,7.97370720476603
1999,0.3264368999579732,8.319252378320225,7.99281547836225
2000,0.3384805851823673,8.202190316638216,7.86370973145585
2001,0.3810040528059747,8.282650804433029,7.90164675162705
2002,0.2353358714556457,8.259287432841202,8.02395156138556
2003,0.3485645289143231,8.37675002693546,8.02818549802114
2004,0.305391487769914,8.304632276168606,7.99924078839869
2005,0.24254127539813755,8.212889636917438,7.9703483615193
2006,0.32222798015789345,8.380396981833423,8.05816900167553
2007,0.3767834310583251,8.368698822048108,7.99191539098978
2008,0.2673732320481156,8.24895638212893,7.98158315008081
2009,0.3653706565683257,8.28241291233862,7.91704225577029
2010,0.33690434282987886,8.389991983877405,8.05308764104753
2011,0.24252760685787916,8.226938631171821,7.98441102431394
2012,0.25925729922622337,8.291531946725936,8.03227464749971
2013,0.3514387997088009,8.270533310221508,7.91909451051271
2014,0.2140669244743773,8.103920987388076,7.8898540629137
2015,0.19674842443249357,8.258333987192344,8.06158556275985
2016,0.36547267759848906,8.231268920893813,7.86579624329532
2017,0.2725628992577954,8.228090408263371,7.95552750900558
2018,0.4723891974214503,8.301208017654254,7.8288188202328
2019,0.25127102576902327,8.261327828297969,8.01005680252895
2020,0.3504326260029959,8.235932442452999,7.88549981645
2021,0.3725654520669202,8.274419997643346,7.90185454557643
2022,0.3396896413744259,8.313209994808245,7.97352035343382
2023,0.24924473776715192,8.223643897716187,7.97439915994903
2024,0.31173800596513485,8.33951536915909,8.02777736319396
2025,0.28680631826140024,8.218988311302642,7.93218199304124
2026,0.31948795352192705,8.35300521197676,8.03351725845483
2027,0.27421074736681433,8.331372654046767,8.05716190667995
2028,0.25660664512337944,8.270179566709658,8.01357292158628
2029,0.3203793141911253,8.228037470525994,7.90765815633487
2030,0.2688329517097958,8.222177263286552,7.95334431157676
2031,0.36097208830206184,8.270456489418448,7.90948440111639
2032,0.19283591938130307,8.276856499348405,8.0840205799671
2033,0.2812843927268712,8.294834432341988,8.01355003961512
2034,0.31707293696483163,8.249875658120724,7.93280272115589
2035,0.323794949668014,8.318616433181559,7.99482148351354
2036,0.31245788702224764,8.31205655137067,7.99959866434842
2037,0.3231789253536904,8.350257576003795,8.0270786506501
2038,0.33450599354913335,8.380166618473398,8.04566062492427
2039,0.27240933928521205,8.327874549045648,8.05546520976043
2040,0.429341140448796,8.335385319577025,7.90604417912823
2041,0.38043734780147775,8.341757005998023,7.96131965819654
2042,0.277042629073916,8.232336951752423,7.95529432267851
2043,0.25162476759620284,8.329293145978546,8.07766837838234
2044,0.36666324924994487,8.28050683657946,7.91384358732952
2045,0.31692199849873676,8.231400955386276,7.91447895688754
2046,0.34293767593125146,8.186295474389098,7.84335779845785
2047,0.4007637569758438,8.244090438523019,7.84332668154717
2048,0.43939882441234074,8.377055310522037,7.9376564861097
2049,0.27917853539733545,8.271663914969778,7.99248537957244
2050,0.38781161640494605,8.407455511402953,8.01964389499801
2051,0.3880542342039081,8.25918744631458,7.87113321211067
2052,0.31983850963535443,8.261793726288108,7.94195521665275
2053,0.33398347838740794,8.382184966204326,8.04820148781692
2054,0.26652385128537626,8.293263034908419,8.02673918362304
2055,0.4360768450156538,8.322845932930518,7.88676908791486
2056,0.33641378614102035,8.294693126535476,7.95827934039446
2057,0.2736023883235016,8.300233018593214,8.02663063026971
2058,0.3569902277246247,8.271587193639432,7.91459696591481
2059,0.3454626762173704,8.362704649964037,8.01724197374667
2060,0.3227803500066678,8.298011736074214,7.97523138606755
2061,0.2695792889106821,8.226589895188091,7.95701060627741
2062,0.20570564186300694,8.158304843750035,7.95259920188703
2063,0.3286742851032099,8.360657677633151,8.03198339252994
2064,0.40021771347589186,8.338268791652645,7.93805107817675
2065,0.3986296500293866,8.340085997368934,7.94145634733955
2066,0.36135881430550354,8.195270963604456,7.83391214929895
2067,0.36950944379651146,8.349954591090954,7.98044514729444
2068,0.3658447406624306,8.326370567996493,7.96052582733406
2069,0.2545115585299556,8.267338816563912,8.01282725803396
2070,0.4332046965616846,8.389256101955949,7.95605140539426
2071,0.3145142434073645,8.278524802421346,7.96401055901398
2072,0.32752170259765523,8.374680773929148,8.04715907133149
2073,0.24647535328307327,8.26007650596229,8.01360115267922
2074,0.42120316327693486,8.415750732483303,7.99454756920637
2075,0.24137018587496425,8.167283639094446,7.92591345321948
2076,0.37502203195398753,8.311580332702091,7.9365583007481
2077,0.22988046671029502,8.261029938054477,8.03114947134418
2078,0.3806005230186535,8.309963419547794,7.92936289652914
2079,0.37660416946866154,8.322024016344582,7.94541984687592
2080,0.3911898790719129,8.4063013381743,8.01511145910239
2081,0.3025892481663525,8.182794129627142,7.88020488146079
2082,0.1773655022434861,8.29094361926121,8.11357811701772
2083,0.28892203810946454,8.299141349159447,8.01021931104998
2084,0.3361433572320527,8.312785458666305,7.97664210143425
2085,0.30809308759853105,8.27233580504912,7.96424271745059
2086,0.4112119108759993,8.421288105660084,8.01007619478408
2087,0.2376265578955795,8.17016579479045,7.93253923689487
2088,0.20768322128021308,8.258878047035484,8.05119482575527
2089,0.3668826360949556,8.309855640732655,7.9429730046377
2090,0.2863339814004526,8.277003655588313,7.99066967418786
2091,0.2766754399438848,8.299728466812093,8.02305302686821
2092,0.33585005737829843,8.34662004150972,8.01076998413142
2093,0.4184743136785205,8.447358270487248,8.02888395680873
2094,0.2793183563074938,8.173595595589399,7.89427723928191
2095,0.1701471782328902,8.202608169124167,8.03246099089128
2096,0.32302433434058014,8.192753052821699,7.86972871848112
2097,0.2727008320323304,8.245176602005806,7.97247576997348
2098,0.23821304835395388,8.285257764500479,8.04704471614652
2099,0.35039471002626815,8.326130020358859,7.97573531033259
2100,0.45482848410074844,8.50189554630784,8.04706706220709
2101,0.2418899418102431,8.24800729155679,8.00611734974655
2102,0.41407026598926056,8.399886360942054,7.98581609495279
2103,0.2253288336320463,8.156244924152807,7.93091609052076
2104,0.20209525268428521,8.14600459072907,7.94390933804479
2105,0.33307468018057107,8.322088537028693,7.98901385684812
2106,0.39289189749895326,8.322270469100118,7.92937857160117
2107,0.3313353254070833,8.352632486879537,8.02129716147245
2108,0.29621135652065395,8.168353787733192,7.87214243121254
2109,0.4287923842039509,8.365196737466247,7.9364043532623
2110,0.3474218062677113,8.261542662317657,7.91412085604995
2111,0.4345361258921969,8.390493463876632,7.95595733798444
2112,0.1717290310919049,8.139965107524828,7.96823607643292
2113,0.3081936586172437,8.256488826788942,7.9482951681717
2114,0.3084626096011209,8.271882329094785,7.96341971949366
2115,0.353926463432687,8.394057330626145,8.04013086719346
2116,0.22253453094525677,8.245366252052962,8.02283172110771
2117,0.2867575232358741,8.284912750852595,7.99815522761672
2118,0.2941334788975655,8.286492141106098,7.99235866220853
2119,0.3139155728732246,8.286111266771579,7.97219569389835
2120,0.22418623612048774,8.141987657140225,7.91780142101974
2121,0.5242833521131838,8.375455782393908,7.85117243028072
2122,0.4004797282063208,8.330481209830458,7.93000148162414
2123,0.24506378258730774,8.118131122337148,7.87306733974984
2124,0.3243220652397185,8.407786440918514,8.0834643756788
2125,0.3108131978770353,8.33305231572321,8.02223911784617
2126,0.34053890416970006,8.357576744558104,8.0170378403884
2127,0.292093617900135,8.191825205177784,7.89973158727765
2128,0.42151755569374194,8.365587456344754,7.94406990065101
2129,0.26809228826885645,8.264660443229856,7.996568154961
2130,0.3985870780001742,8.353904462523234,7.95531738452306
2131,0.33816679153256624,8.396492239192975,8.05832544766041
2132,0.28713845667586935,8.295723913179973,8.0085854565041
2133,0.291600035218309,8.249019468853145,7.95741943363484
2134,0.376702249947036,8.22256626902595,7.84586401907891
2135,0.2278778310718925,8.158905476370556,7.93102764529866
2136,0.2470167454656447,8.183757733701444,7.9367409882358
2137,0.36512784015011973,8.392670821805712,8.02754298165559
2138,0.3710907553453719,8.290957497623314,7.91986674227794
2139,0.3584410939363074,8.407433355332612,8.04899226139631
2140,0.4008950685633036,8.349599401497715,7.94870433293441
2141,0.4810977228788323,8.372175471545091,7.89107774866626
2142,0.35582205148076407,8.254625187697494,7.89880313621673
2143,0.29586888483151724,8.283148059025804,7.98727917419429
2144,0.31744158692102414,8.225932642096131,7.90849105517511
2145,0.4252338255831829,8.38169479980598,7.9564609742228
2146,0.3007269310451269,8.26215622716454,7.96142929611941
2147,0.32186643062238457,8.269703076721722,7.94783664609934
2148,0.26297563605363494,8.275504014418997,8.01252837836536
2149,0.29811423158372413,8.328701790882775,8.03058755929905
2150,0.34514460669935776,8.315038289794176,7.96989368309482
2151,0.3057836014420186,8.281446858339075,7.97566325689706
2152,0.3112751129927813,8.228360605401042,7.91708549240826
2153,0.3043951224504694,8.19914504693236,7.89474992448189
2154,0.2610544856378307,8.20758139712103,7.9465269114832
2155,0.35456523724950756,8.25239326579175,7.89782802854224
2156,0.34700197453240006,8.322609500229436,7.97560752569704
2157,0.4179846574320632,8.33208113507649,7.91409647764443
2158,0.3681764471882837,8.254690285833954,7.88651383864567
2159,0.4570630828285878,8.295376697821265,7.83831361499268
2160,0.2928208430120197,8.328283788227559,8.03546294521554
2161,0.2394037033485281,8.272875520513425,8.0334718171649
2162,0.44790723490257534,8.406605917741137,7.95869868283856
2163,0.38683663733732115,8.296516678721806,7.90968004138448
2164,0.43605621274537515,8.388878286292345,7.95282207354697
2165,0.2977749517032969,8.293705866399398,7.9959309146961
2166,0.3229479281162929,8.270546294096789,7.9475983659805
2167,0.2865683901218024,8.27483848043407,7.98827009031227
2168,0.33835615366442245,8.296631633595622,7.9582754799312
2169,0.3653807986099048,8.333394939119216,7.96801414050931
2170,0.38761784272965694,8.400796137332536,8.01317829460288
2171,0.44369305578422047,8.320374302680248,7.87668124689603
2172,0.3490629650042753,8.296557754415138,7.94749478941086
2173,0.31343522732229545,8.250240761533087,7.93680553421079
2174,0.2817019147398532,8.304863148194142,8.02316123345429
2175,0.4006507403758035,8.36839761439643,7.96774687402063
2176,0.3378242539603144,8.305417028050378,7.96759277409006
2177,0.19489672874273584,8.217005728801885,8.02210900005915
2178,0.4250360690103242,8.383978495337805,7.95894242632748
2179,0.2694387270582601,8.327632431850954,8.05819370479269
2180,0.3993328272399463,8.313578595053446,7.9142457678135
2181,0.4170332954195989,8.308095501551616,7.89106220613202
2182,0.3868269791671618,8.383744494895812,7.99691751572865
2183,0.29303686338978546,8.338808253295245,8.04577138990546
2184,0.24912296097734854,8.209777688795873,7.96065472781852
2185,0.3491056791650167,8.399743229845104,8.05063755068009
2186,0.33462523717186343,8.240027331473893,7.90540209430203
2187,0.38444439504470684,8.268315530010595,7.88387113496589
2188,0.34807829177359406,8.199110351428585,7.85103205965499
2189,0.3220486476238679,8.288669351511874,7.96662070388801
2190,0.21097266751247915,8.22193979036922,8.01096712285674
2191,0.3179102239344103,8.22058431192152,7.90267408798711
2192,0.23358560452371613,8.270741324701678,8.03715572017796
2193,0.3449655467420967,8.226469114584557,7.88150356784246
2194,0.2873642687046164,8.302291358904661,8.01492709020004
2195,0.40247124409837937,8.305915624798926,7.90344438070055
2196,0.32754336070443246,8.249029923271161,7.92148656256673
2197,0.37729297457635297,8.311260922779885,7.93396794820353
2198,0.341513187270417,8.205612423196927,7.86409923592651
2199,0.39126200564469943,8.455118771200336,8.06385676555564
2200,0.28398845452463933,8.192927029793596,7.90893857526896
2201,0.37560363150278686,8.267875005848392,7.89227137434561
2202,0.4259122596717074,8.401850220397996,7.97593796072629
2203,0.35225645777765463,8.367992008047676,8.01573555027002
2204,0.4072587586563142,8.353538468285532,7.94627970962922
2205,0.3228220255881094,8.390648158495637,8.06782613290753
2206,0.3761648904132632,8.2834778210822,7.90731293066894
2207,0.31747730982334743,8.288493421880379,7.97101611205703
2208,0.2652722123817792,8.229696702167644,7.96442448978586
2209,0.32405728490146973,8.348038184764608,8.02398089986314
2210,0.29044333689448515,8.17066623341904,7.88022289652455
2211,0.17942903018563855,8.095579393089915,7.91615036290428
2212,0.3684503794351246,8.276533010285622,7.9080826308505
2213,0.25927887897865176,8.243874006944914,7.98459512796626
2214,0.30997967778588986,8.21986150218458,7.90988182439869
2215,0.4589993538636029,8.434712881401754,7.97571352753815
2216,0.2602110547265024,8.315223410866775,8.05501235614027
2217,0.3128863308179427,8.264535205682886,7.95164887486494
2218,0.34329700203353386,8.293653826354639,7.9503568243211
2219,0.3002362846690313,8.303137483445825,8.00290119877679
2220,0.3525200047374856,8.262498915554406,7.90997891081692
2221,0.29980342953819894,8.250340216115553,7.95053678657735
2222,0.20568116341363515,8.222283839288902,8.01660267587527
2223,0.3353767825611174,8.428518171708719,8.0931413891476
2224,0.33522949115654255,8.268717301258592,7.93348781010205
2225,0.3659842712645248,8.284936742837841,7.91895247157332
2226,0.42095466396138304,8.327109830500245,7.90615516653886
2227,0.4323641178486744,8.419215794784764,7.98685167693609
2228,0.4016506121903003,8.369014097309941,7.96736348511964
2229,0.31054577801633204,8.329863686071548,8.01931790805522
2230,0.30890162818899364,8.295525843143338,7.98662421495434
2231,0.39167961779632393,8.381038020323272,7.98935840252695
2232,0.2957579888197834,8.270913455245987,7.9751554664262
2233,0.28744342738055906,8.204698445894591,7.91725501851403
2234,0.3046610364334707,8.369967817285069,8.0653067808516
2235,0.27063354665481465,8.257565235898419,7.9869316892436
2236,0.2940450760847632,8.316486498925213,8.02244142284045
2237,0.4049283412604842,8.32111072272829,7.91618238146781
2238,0.22633244211096318,8.295835897267434,8.06950345515647
2239,0.40664568384815997,8.289959507334721,7.88331382348656
2240,0.29349830504464713,8.233543722388736,7.94004541734409
2241,0.3289979433645371,8.308092455844905,7.97909451248037
2242,0.1762517517879688,8.161348892854475,7.98509714106651
2243,0.22751041220249188,8.329764331927473,8.10225391972498
2244,0.3103727900531903,8.36167042970532,8.05129763965213
2245,0.40717766932390814,8.405172130279412,7.9979944609555
2246,0.2895167145252993,8.244307463869916,7.95479074934462
2247,0.37325130660510786,8.347682968012572,7.97443166140746
2248,0.3711460258232597,8.353155947100369,7.98200992127711
2249,0.40804273176237,8.277020363329806,7.86897763156744
2250,0.28600314538533556,8.316346093637765,8.03034294825243
2251,0.3397607291866667,8.176596540470948,7.83683581128428
2252,0.3469714657519665,8.300480623295158,7.95350915754319
2253,0.36990467158341234,8.311309034913318,7.94140436332991
2254,0.4177204585921186,8.31141385963724,7.89369340104512
2255,0.2975167505396071,8.238149469257616,7.94063271871801
2256,0.3006064101096427,8.270480738517223,7.96987432840758
2257,0.23635463008967794,8.231416377479766,7.99506174739009
2258,0.370545103610811,8.32266974966173,7.95212464605092
2259,0.3364302287643477,8.372383231751375,8.03595300298703
2260,0.3243398659249856,8.362939693696221,8.03859982777124
2261,0.40959308214770923,8.291652683305077,7.88205960115737
2262,0.2560254688602383,8.276532668985011,8.02050720012477
2263,0.3846271696019096,8.38905893364911,8.0044317640472
2264,0.2840756739613662,8.284680336880164,8.0006046629188
2265,0.34754568543920816,8.216707936350849,7.86916225091164
2266,0.28354957880563786,8.249903357974256,7.96635377916862
2267,0.45595264011934117,8.288795266331018,7.83284262621168
2268,0.32805649365299494,8.35425373240084,8.02619723874785
2269,0.2781589733097117,8.257402206243986,7.97924323293427
2270,0.3159045102962789,8.236191733817627,7.92028722352135
2271,0.2661536535957066,8.244287180281823,7.97813352668612
2272,0.43926876515431457,8.457969532726649,8.01870076757233
2273,0.4065391588060256,8.370549304236492,7.96401014543047
2274,0.47839722605459883,8.343141533480601,7.864744307426
2275,0.4215660245527025,8.32287988985556,7.90131386530286
2276,0.2921146315450527,8.175422357476858,7.88330772593181
2277,0.3767618130739236,8.354007949518087,7.97724613644416
2278,0.20325811232337238,8.200821644580621,7.99756353225725
2279,0.3386053508608719,8.341682365399876,8.003077014539
2280,0.19771886144946293,8.215914262649848,8.01819540120039
2281,0.3403014083544655,8.359067990535502,8.01876658218104
2282,0.2754412586274048,8.32327220017732,8.04783094154991
2283,0.37779382426904534,8.299267947149286,7.92147412288024
2284,0.2888273305686276,8.318451569294137,8.02962423872551
2285,0.41498017163540557,8.367018128487754,7.95203795685235
2286,0.2666646202714143,8.224619337902643,7.95795471763123
2287,0.4247578628019139,8.40512876068204,7.98037089788013
2288,0.3925564987816771,8.332237590077883,7.93968109129621
2289,0.43099076581207246,8.364437721333672,7.9334469555216
2290,0.39363666720369933,8.318943605308396,7.9253069381047
2291,0.26617397602157056,8.248052481267713,7.98187850524614
2292,0.33822837043791215,8.327737089883653,7.98950871944574
2293,0.3093042710268328,8.222647011562655,7.91334274053582
2294,0.46677456123547933,8.339723656662379,7.8729490954269
2295,0.29902426457308107,8.258795727320429,7.95977146274735
2296,0.3723132155539319,8.344981682853593,7.97266846729966
2297,0.27238184899288226,8.249569150403422,7.97718730141054
2298,0.47192268230215295,8.356146438496816,7.88422375619466
2299,0.33456574147849555,8.3386019915896,8.0040362501111
2300,0.289840548661149,8.25669218257647,7.96685163391532
2301,0.40970230486318937,8.357102443237752,7.94740013837456
2302,0.33385934871606554,8.349999926636396,8.01614057792033
2303,0.4039769595025962,8.37308025448202,7.96910329497942
2304,0.303133157173054,8.225980831720896,7.92284767454784
2305,0.25590716930259655,8.311249557285482,8.05534238798288
2306,0.29768772634098345,8.275575906699634,7.97788818035865
2307,0.3609218882981093,8.362679020652687,8.00175713235458
2308,0.36798539994181173,8.310723725725548,7.94273832578374
2309,0.3065377630823683,8.194505940149762,7.88796817706739
2310,0.3690678724638251,8.316137536053885,7.94706966359006
2311,0.34341917799334487,8.238989225105186,7.89557004711184
2312,0.4202292979376773,8.323599579518211,7.90337028158053
2313,0.38663060768960017,8.352302580433888,7.96567197274429
2314,0.32946024542951285,8.240841504670673,7.91138125924116
2315,0.24762572501066415,8.27913399468593,8.03150826967527
2316,0.31770476448947327,8.295629043468976,7.9779242789795
2317,0.33053617939312896,8.303278659440124,7.972742480047
2318,0.3209956507760652,8.310471038639376,7.98947538786331
2319,0.18159908788982937,8.260261130305084,8.07866204241525
2320,0.3359874067964622,8.293264216630025,7.95727680983356
2321,0.2897858329069741,8.218456858986585,7.92867102607961
2322,0.37160868457348684,8.318046765170003,7.94643808059652
2323,0.4350717310951471,8.324728183709375,7.88965645261423
2324,0.4016143656728263,8.395584316540212,7.99396995086739
2325,0.2350073595633903,8.252565060364514,8.01755770080112
2326,0.2843609496816881,8.247887956200115,7.96352700651843
2327,0.3427664993151287,8.343718478186561,8.00095197887143
2328,0.4019454131670881,8.263307130030388,7.8613617168633
2329,0.36488440813342066,8.3927204267692,8.02783601863578
2330,0.337631090403189,8.274939023038769,7.93730793263558
2331,0.2696928992101694,8.281440607055293,8.01174770784512
2332,0.28925319331644256,8.328689974633464,8.03943678131702
2333,0.3967367911746002,8.22707874779292,7.83034195661832
2334,0.30779889110708303,8.285477403306233,7.97767851219915
2335,0.30379159340665096,8.376810226971326,8.07301863356468
2336,0.2630531546013242,8.16767923171448,7.90462607711316
2337,0.3572152117821187,8.335410734491237,7.97819552270912
2338,0.3575392423672237,8.3015553282341,7.94401608586688
2339,0.388502526611329,8.440241287443062,8.05173876083173
2340,0.3401627027198306,8.232360681412116,7.89219797869229
2341,0.2606393010497399,8.236583928939407,7.97594462788967
2342,0.308024505866186,8.232288265210283,7.9242637593441
2343,0.3883093770030112,8.323790021033254,7.93548064403024
2344,0.36524910037758984,8.376164211600116,8.01091511122253
2345,0.4093848579278791,8.266072745521711,7.85668788759383
2346,0.34301552597069696,8.37610233108103,8.03308680511033
2347,0.31041609696020467,8.363347162947678,8.05293106598747
2348,0.42647137532632845,8.526064311287124,8.0995929359608
2349,0.2534835964329196,8.177731874449849,7.92424827801693
2350,0.29101042730613985,8.191870281742865,7.90085985443673
2351,0.3504159214650681,8.350886513283909,8.00047059181884
2352,0.330318659543636,8.241837451192925,7.91151879164929
2353,0.5226956205119488,8.454491917006724,7.93179629649477
2354,0.33327777706233924,8.367120800959556,8.03384302389722
2355,0.3032934384484051,8.244247807172473,7.94095436872407
2356,0.4141108870239643,8.459075955442318,8.04496506841835
2357,0.34584222818091714,8.427324183225595,8.08148195504468
2358,0.25134281894946087,8.248202473131254,7.99685965418179
2359,0.38212082526666796,8.394915069484236,8.01279424421757
2360,0.32711006830326245,8.415922602527221,8.08881253422396
2361,0.12961859423183825,8.190662511369705,8.06104391713787
2362,0.3551792934659525,8.30285897672027,7.94767968325432
2363,0.2062182375424501,8.250775368376273,8.04455713083382
2364,0.3392976760938011,8.356254189191613,8.01695651309781
2365,0.3258996011754577,8.270008617920114,7.94410901674466
2366,0.39315488688433414,8.27847033137357,7.88531544448924
2367,0.2756682651897655,8.18124538603563,7.90557712084586
2368,0.33719270438015797,8.271937208930884,7.93474450455073
2369,0.42503847465210715,8.343026910620235,7.91798843596813
2370,0.258899479802547,8.257453664173644,7.9985541843711
2371,0.2343925191008469,8.282399379869547,8.0480068607687
2372,0.4339041005980303,8.364788429921973,7.93088432932394
2373,0.23878922693625104,8.275133545504374,8.03634431856812
2374,0.35715101234680446,8.315067381011314,7.95791636866451
2375,0.4082283799309883,8.471814205471969,8.06358582554098
2376,0.32785973526292084,8.384540016175348,8.05668028091243
2377,0.3260633355632852,8.36797727073202,8.04191393516873
2378,0.38390168801866414,8.26107330643199,7.87717161841333
2379,0.37038441687480517,8.293908078274187,7.92352366139938
2380,0.3829067159847004,8.31606173149999,7.93315501551529
2381,0.38232623835518476,8.346539719546232,7.96421348119105
2382,0.4284386270616755,8.36898854011326,7.94054991305159
2383,0.26693774349150257,8.314717340774733,8.04777959728323
2384,0.4178969125829246,8.34045342856645,7.92255651598353
2385,0.27934206174663356,8.361777540461846,8.08243547871521
2386,0.2797887421739353,8.296138932113712,8.01635018993978
2387,0.29333957206385675,8.230607563956479,7.93726799189262
2388,0.2825235994624185,8.384496152301818,8.1019725528394
2389,0.3091564781389946,8.249563359136895,7.9404068809979
2390,0.3176016288259149,8.380140896460135,8.06253926763422
2391,0.31271048723044664,8.235765799359294,7.92305531212885
2392,0.34236005251330454,8.267114044346188,7.92475399183288
2393,0.4415888026425074,8.423012550200712,7.9814237475582
2394,0.3945135215234935,8.367180258249912,7.97266673672642
2395,0.24479392026197794,8.215755854901174,7.9709619346392
2396,0.2703611295769878,8.296400106661636,8.02603897708465
2397,0.2888577962583636,8.312575600490863,8.0237178042325
2398,0.34127338966809057,8.3229140083421,7.98164061867401
2399,0.4027700037471721,8.37897633548885,7.97620633174168
2400,0.30119562899741686,8.272238529507051,7.97104290050963
2401,0.36863416719146436,8.286202520714003,7.91756835352254
2402,0.3176821462241722,8.291988953678809,7.97430680745464
2403,0.4003722773908035,8.41175200230336,8.01137972491256
2404,0.33583895494786986,8.327846343302122,7.99200738835425
2405,0.3715855035892393,8.401136944364955,8.02955144077572
2406,0.26478956095201517,8.283029249700146,8.01823968874813
2407,0.36303347818216075,8.362665713877632,7.99963223569547
2408,0.4008961300551797,8.264913175096098,7.86401704504092
2409,0.2949843721475353,8.212269060083301,7.91728468793577
2410,0.3467063088838901,8.303764644017864,7.95705833513397
2411,0.2805742332880545,8.289239911601882,8.00866567831383
2412,0.2502747287684023,8.245649551123583,7.99537482235518
2413,0.34257852471340744,8.287818387453257,7.94523986273985
2414,0.2826840295047222,8.300723169411352,8.01803913990663
2415,0.3393628582339007,8.192668453438232,7.85330559520433
2416,0.21142292422558534,8.180452646954036,7.96902972272845
2417,0.33760674814164043,8.374541629757116,8.03693488161548
2418,0.3073569968585249,8.289194073102019,7.98183707624349
2419,0.2867568543052395,8.20500245605168,7.91824560174644
2420,0.3474165707101125,8.305815132122751,7.95839856141264
2421,0.368401430378949,8.350460679249503,7.98205924887055
2422,0.3746082048377172,8.323476044295163,7.94886783945745
2423,0.3749962989380847,8.359171155880595,7.98417485694251
2424,0.3573359370904594,8.319003052454278,7.96166711536382
2425,0.33497444738404636,8.223236330830048,7.888261883446
2426,0.21647452235857803,8.177192264350627,7.96071774199205
2427,0.43243952318757917,8.462638644318258,8.03019912113068
2428,0.2863381666270843,8.215691088741043,7.92935292211396
2429,0.3472811506536343,8.286924689053329,7.93964353839969
2430,0.30051821803797224,8.244579753013271,7.9440615349753
2431,0.2748206124093246,8.207590994911365,7.93277038250204
2432,0.2249510353460738,8.270361691056284,8.04541065571021
2433,0.3392479279800385,8.328612308909024,7.98936438092899
2434,0.46512270927669586,8.540570154421124,8.07544744514443
2435,0.30806694053841066,8.184739278954856,7.87667233841645
2436,0.3421651945035826,8.209314192386245,7.86714899788266
2437,0.3175783261376979,8.285007568924422,7.96742924278673
2438,0.3365969947259276,8.270381678816808,7.93378468409088
2439,0.3165372670746415,8.285715240873836,7.96917797379919
2440,0.32329045880242346,8.372345568290074,8.04905510948765
2441,0.33009437798961827,8.227669121973225,7.89757474398361
2442,0.34111433441234157,8.286803948323177,7.94568961391084
2443,0.29385386022540727,8.188180238547632,7.89432637832222
2444,0.36262268678220466,8.341259157867992,7.97863647108579
2445,0.40357698264949965,8.285434287572746,7.88185730492325
2446,0.3845554568631708,8.35458365796069,7.97002820109752
2447,0.4195405530995895,8.379310707348013,7.95977015424842
2448,0.3103814907121349,8.220710009086009,7.91032851837387
2449,0.33224016062769,8.296000574707001,7.96376041407931
2450,0.2983964520389339,8.31973534833092,8.02133889629198
2451,0.3269199427351131,8.409896665203691,8.08297672246858
2452,0.36662375285184406,8.32410962065672,7.95748586780488
2453,0.34004815865782884,8.296393644354985,7.95634548569716
2454,0.2621452168015848,8.314709961276789,8.0525647444752
2455,0.3774199617289095,8.323723421350605,7.9463034596217
2456,0.39544872553404636,8.38819805917908,7.99274933364503
2457,0.3759961553312266,8.356019759301088,7.98002360396986
2458,0.31705030478113827,8.21250691090199,7.89545660612085
2459,0.36114920932409283,8.256269407734415,7.89512019841032
2460,0.4232707864163291,8.330422359186647,7.90715157277032
2461,0.3509370494530577,8.29439258635069,7.94345553689763
2462,0.2591373688478232,8.260881720810966,8.00174435196314
2463,0.2914139215307203,8.297196299911759,8.00578237838104
2464,0.3196222903589153,8.30028571832547,7.98066342796656
2465,0.4213959054451919,8.379213155119833,7.95781724967464
2466,0.2966736670761473,8.31344187425067,8.01676820717452
2467,0.2967972242969965,8.27181446869928,7.97501724440228
2468,0.3858963236433603,8.298214270109376,7.91231794646602
2469,0.37545707040871074,8.288726383285965,7.91326931287725
2470,0.3263502862706051,8.273931241771969,7.94758095550136
2471,0.3761696418877338,8.26813392926685,7.89196428737912
2472,0.25320217272565343,8.371306485306643,8.11810431258099
2473,0.30546811661797235,8.22936173758321,7.92389362096524
2474,0.40610282739697273,8.33706231399975,7.93095948660278
2475,0.32961110728835796,8.310135208774875,7.98052410148652
2476,0.43590057861419995,8.315391189897342,7.87949061128314
2477,0.22525199829451834,8.238821891786314,8.01356989349179
2478,0.3631436819217745,8.305718791378482,7.94257510945671
2479,0.3956586176960536,8.318219983451428,7.92256136575537
2480,0.32894316416554714,8.320159560842631,7.99121639667708
2481,0.3744123924267098,8.406187185151374,8.03177479272466
2482,0.29617028661001266,8.246515795043576,7.95034550843356
2483,0.3133181102098669,8.34901835317053,8.03570024296066
2484,0.35538075203656777,8.359680735401898,8.00429998336533
2485,0.3928255044131095,8.341109662956063,7.94828415854295
2486,0.2893809714449748,8.3175262309994,8.02814525955442
2487,0.37478631607226204,8.359787001939502,7.98500068586724
2488,0.29955576550875396,8.161941021162122,7.86238525565337
2489,0.2950362857494937,8.302016505668389,8.0069802199189
2490,0.2902776396158349,8.193585489330351,7.90330784971452
2491,0.2899014908362067,8.395538554291804,8.1056370634556
2492,0.28712915237738534,8.2450801488147,7.95795099643732
2493,0.2776970624935309,8.23123522530254,7.95353816280901
2494,0.17323644245092085,8.132407998560119,7.9591715561092
2495,0.4122994225322383,8.250384596244897,7.83808517371266
2496,0.2819313630329313,8.245532585197617,7.96360122216469
2497,0.3018143746298343,8.313732442506069,8.01191806787623
2498,0.39884863832606315,8.304766778291729,7.90591813996567
2499,0.35080941918683156,8.263665027483462,7.91285560829663
2500,0.3175732930366986,8.334656826252159,8.01708353321546
2501,0.4521601892272917,8.319277108848713,7.86711691962142
2502,0.30745790009889257,8.238365953737539,7.93090805363865
2503,0.3608819521912492,8.17568636761898,7.81480441542773
2504,0.40025649440327643,8.318244726767006,7.91798823236373
2505,0.4161662131927258,8.252870680620422,7.8367044674277
2506,0.44555621401010775,8.417455737252643,7.97189952324254
2507,0.4094022063002051,8.377578481478002,7.9681762751778
2508,0.36342874499993905,8.348381967710655,7.98495322271072
2509,0.33731758830556285,8.432995724360541,8.09567813605498
2510,0.334670912646845,8.345358141550367,8.01068722890352
2511,0.3326610098051046,8.26749949459201,7.93483848478691
2512,0.3715947096284274,8.311456665410429,7.939861955782
2513,0.3142429030988784,8.291941409883169,7.97769850678429
2514,0.2985970252441329,8.33737719044411,8.03878016519998
2515,0.2966096993867022,8.255133926561117,7.95852422717441
2516,0.3403647264314412,8.36769847136612,8.02733374493468
2517,0.4303509519497734,8.287770667448205,7.85741971549843
2518,0.2814969916768511,8.219105219402024,7.93760822772517
2519,0.32392502617656194,8.343732348913894,8.01980732273733
2520,0.3170128878313497,8.281217944943025,7.96420505711168
2521,0.2234116602111802,8.227049237369686,8.00363757715851
2522,0.323923836354459,8.253585678866143,7.92966184251168
2523,0.31199757453591836,8.348101170821117,8.0361035962852
2524,0.3329320020113807,8.30596339977654,7.97303139776516
2525,0.3638507497391084,8.282417067273148,7.91856631753404
2526,0.3641655901603501,8.297971794085024,7.93380620392467
2527,0.29658279225440737,8.343486397741788,8.04690360548738
2528,0.30956480735514935,8.334998205311123,8.02543339795597
2529,0.2916366397481384,8.3696079437891,8.07797130404096
2530,0.3111699792994829,8.318458909364889,8.00728893006541
2531,0.34198871840563866,8.234955842891678,7.89296712448604
2532,0.33014315208453543,8.326535212178111,7.99639206009358
2533,0.30428364233208927,8.375898425511611,8.07161478317952
2534,0.345321578167436,8.261263232155558,7.91594165398812
2535,0.31648737138021615,8.353518501631877,8.03703113025166
2536,0.28885550717878034,8.279043699191364,7.99018819201258
2537,0.3414571826106886,8.306825783716402,7.96536860110571
2538,0.4250777637166721,8.290219660007805,7.86514189629113
2539,0.2734282477142098,8.188038889109205,7.91461064139499
2540,0.33713503172775794,8.274623963562071,7.93748893183431
2541,0.38343416000115643,8.191888243605634,7.80845408360448
2542,0.1962827944322144,8.194985141370855,7.99870234693864
2543,0.30275286374479676,8.28445011163051,7.98169724788571
2544,0.36534421080160007,8.343782519079275,7.97843830827767
2545,0.369507253384371,8.26398708890525,7.89447983552088
2546,0.4378758493173803,8.317597237329819,7.87972138801244
2547,0.3931611946550509,8.295604320520813,7.90244312586576
2548,0.3461663068045589,8.403194604195514,8.05702829739096
2549,0.44735893551648037,8.356113221832617,7.90875428631614
2550,0.34488732166779407,8.267588494535234,7.92270117286744
2551,0.23876338205976078,8.148286577166877,7.90952319510712
2552,0.35536955054523495,8.25118348427586,7.89581393373062
2553,0.37401154532575925,8.324416055498377,7.95040451017262
2554,0.2997330809514981,8.35855431383668,8.05882123288518
2555,0.33517372227494946,8.310205268094103,7.97503154581915
2556,0.40566849257886783,8.32929099955769,7.92362250697882
2557,0.2572100311381881,8.243949762225435,7.98673973108725
2558,0.330600875619545,8.358179429921167,8.02757855430162
2559,0.37157923180752883,8.240477402784778,7.86889817097725
2560,0.42560507971522943,8.397208991160642,7.97160391144541
2561,0.36263855321783695,8.305398473287152,7.94275992006931
2562,0.3735771008539838,8.35270444732681,7.97912734647283
2563,0.39747442355360724,8.354980555040095,7.95750613148649
2564,0.3179564582526797,8.305210097260195,7.98725363900752
2565,0.3974887149436215,8.339488214940681,7.94199949999706
2566,0.2800030570951454,8.24170331639664,7.96170025930149
2567,0.4449352692807328,8.351906488938349,7.90697121965762
2568,0.4302690004576057,8.415023100306868,7.98475409984926
2569,0.38618135248586355,8.432718693909536,8.04653734142367
2570,0.2453062220336279,8.20792501733156,7.96261879529793
2571,0.3081916845458588,8.27730404167753,7.96911235713167
2572,0.30869651879605736,8.337248039847996,8.02855152105194
2573,0.2990339840831767,8.260475212715205,7.96144122863203
2574,0.40950055021187254,8.314508572014043,7.90500802180217
2575,0.14275680226233123,8.055227962095843,7.91247115983351
2576,0.3482972972738587,8.239130347474743,7.89083305020088
2577,0.31328220324270445,8.326034625568168,8.01275242232546
2578,0.2719571880387261,8.300973396050248,8.02901620801152
2579,0.4517272755519009,8.33804081826459,7.88631354271269
2580,0.24678628271964384,8.20479866374925,7.95801238102961
2581,0.32939494419835535,8.401565614574984,8.07217067037663
2582,0.2487008030083572,8.261646131066005,8.01294532805765
2583,0.32086868879255775,8.364797068834285,8.04392838004173
2584,0.40049394710788266,8.316452123922224,7.91595817681434
2585,0.39022048042548346,8.301905240073877,7.91168475964839
2586,0.40345911228049214,8.348609965314468,7.94515085303398
2587,0.2637172266960327,8.221319467600667,7.95760224090463
2588,0.3660667706947716,8.372746767804621,8.00667999710985
2589,0.3501902918692053,8.278740437842595,7.92855014597339
2590,0.39014812639256863,8.317091142263976,7.92694301587141
2591,0.1996243217270066,8.14516036849806,7.94553604677105
2592,0.28568648232278754,8.234263531739483,7.9485770494167
2593,0.2693191021489325,8.261391763217913,7.99207266106898
2594,0.26353808266736484,8.237243280449897,7.97370519778253
2595,0.3510621928507656,8.376134883855395,8.02507269100463
2596,0.33585112867297034,8.337860170381735,8.00200904170876
2597,0.3178624498156042,8.386355338506029,8.06849288869043
2598,0.27632638815295735,8.28070539487041,8.00437900671745
2599,0.41188481333008053,8.310491829163169,7.89860701583309
2600,0.4273217520490283,8.259339910426084,7.83201815837706
2601,0.33618671739893813,8.317080431930997,7.98089371453206
2602,0.335666008283446,8.281704931112516,7.94603892282907
2603,0.3785088799900503,8.318589865473943,7.94008098548389
2604,0.3285510549441083,8.277307715926474,7.94875666098237
2605,0.2493302255290983,8.236898449284544,7.98756822375545
2606,0.2708142117278684,8.29016405585822,8.01934984413035
2607,0.34577206288259876,8.304706248054584,7.95893418517199
2608,0.2850251213261395,8.324986287977405,8.03996116665127
2609,0.32152898664534824,8.319458033751628,7.99792904710628
2610,0.40479611512651226,8.225540691404042,7.82074457627753
2611,0.37792631176669234,8.272191218986343,7.89426490721965
2612,0.46428812978026085,8.397217560036797,7.93292943025654
2613,0.28724778021802083,8.238815853955167,7.95156807373715
2614,0.37236548217797394,8.190502410871126,7.81813692869315
2615,0.30861834090076895,8.303962246974727,7.99534390607396
2616,0.2315196860330513,8.259705780757972,8.02818609472492
2617,0.3051934075377156,8.30971138183622,8.0045179742985
2618,0.3534395499460723,8.351958011277913,7.99851846133184
2619,0.4406212248107198,8.397633881078608,7.95701265626789
2620,0.3784410103044387,8.37945667209146,8.00101566178702
2621,0.30494445248536617,8.266138934054673,7.96119448156931
2622,0.3410587470413323,8.278515180946847,7.93745643390552
2623,0.28265775139428223,8.397821429837098,8.11516367844282
2624,0.41324872513206895,8.351657693759762,7.93840896862769
2625,0.33769684569537134,8.33701120462838,7.99931435893301
2626,0.3838700081425251,8.351878601319704,7.96800859317718
2627,0.28363663959198004,8.232261357570433,7.94862471797845
2628,0.27978077137483665,8.32233334567961,8.04255257430477
2629,0.316818635341192,8.415560249594508,8.09874161425332
2630,0.36040826914561486,8.328103013502966,7.96769474435735
2631,0.4087379835511154,8.245139254991692,7.83640127144058
2632,0.39796479809333046,8.355043445339824,7.95707864724649
2633,0.3635098658086232,8.267782681825805,7.90427281601718
2634,0.322734183787548,8.309122882852675,7.98638869906513
2635,0.39134228801578214,8.351578311270066,7.96023602325428
2636,0.22548339386357724,8.257100148017653,8.03161675415408
2637,0.353464681186204,8.16254657371558,7.80908189252938
2638,0.24848551478855696,8.224293108443218,7.97580759365466
2639,0.2586104436936551,8.394076853125187,8.13546640943153
2640,0.4227024480680715,8.350207641422553,7.92750519335448
2641,0.2740480563983797,8.2521563202814,7.97810826388302
2642,0.22776653128871172,8.243495262322556,8.01572873103384
2643,0.22193423122015501,8.177009307209856,7.9550750759897
2644,0.1655179626188413,8.173370126450896,8.00785216383206
2645,0.28247862800763196,8.224075380432428,7.9415967524248
2646,0.35242824936313,8.247846903833835,7.89541865447071
2647,0.36562845507291264,8.233712292042954,7.86808383697004
2648,0.21951165050968965,8.236350977421386,8.0168393269117
2649,0.3024362236745472,8.163673945407986,7.86123772173344
2650,0.19855297874914504,8.152455975926376,7.95390299717723
2651,0.3328531757280592,8.223650841930704,7.89079766620265
2652,0.3489553550458214,8.338141873071036,7.98918651802521
2653,0.2936924339883479,8.31367879477562,8.01998636078727
2654,0.33177975579262786,8.31009080990867,7.97831105411604
2655,0.2921645071416048,8.36810253297183,8.07593802583023
2656,0.3502045882199459,8.308371974340345,7.9581673861204
2657,0.33956518480127185,8.396801081368887,8.05723589656762
2658,0.25838593118411923,8.297544584509328,8.03915865332521
2659,0.38471906142828266,8.410845248675448,8.02612618724716
2660,0.4319260964521207,8.384304511816806,7.95237841536469
2661,0.3697329459684289,8.346429744895016,7.97669679892659
2662,0.2760223137437201,8.246082852252405,7.97006053850868
2663,0.3084958083916442,8.263929754481335,7.95543394608969
2664,0.30653573412602425,8.346172566397573,8.03963683227155
2665,0.36612002798572413,8.278285482624932,7.91216545463921
2666,0.27780469676644076,8.29425614982623,8.01645145305979
2667,0.3178230632863255,8.429069859224809,8.11124679593848
2668,0.44246943267375344,8.38798907359054,7.94551964091679
2669,0.33024106530665676,8.306925668103542,7.97668460279688
2670,0.4512637014476691,8.417341216940589,7.96607751549292
2671,0.26809360132248056,8.239494556449715,7.97140095512724
2672,0.3505640537205191,8.32260105822611,7.97203700450559
2673,0.333568122892293,8.33377830793934,8.00021018504705
2674,0.2520363985488976,8.172843966922061,7.92080756837316
2675,0.26309729713001473,8.28502983142717,8.02193253429716
2676,0.35069501068380565,8.362061006270828,8.01136599558702
2677,0.3978871127022251,8.377807307226682,7.97992019452446
2678,0.3960292652330678,8.351558051521483,7.95552878628841
2679,0.23503863823892293,8.23798794761103,8.00294930937211
2680,0.3976946806865002,8.390418015324203,7.9927233346377
2681,0.3148313826170244,8.34101350039674,8.02618211777972
2682,0.4278597225109137,8.299812277700285,7.87195255518937
2683,0.2392588144265821,8.214474269336508,7.97521545490993
2684,0.33921593761871177,8.422912638473104,8.08369670085439
2685,0.3809961660015265,8.317847090097242,7.93685092409572
2686,0.3372615573007015,8.385679443056599,8.0484178857559
2687,0.3681625609984029,8.378693958363067,8.01053139736466
2688,0.23904663685520366,8.210490281038277,7.97144364418307
2689,0.2494402128173657,8.297455473560413,8.04801526074305
2690,0.34775932578072904,8.367602469766531,8.0198431439858
2691,0.20274538565338626,8.181230910628882,7.9784855249755
2692,0.4044611409005476,8.300964469914787,7.89650332901424
2693,0.2889467012082722,8.36594243368574,8.07699573247747
2694,0.25098772743937614,8.3327001628825,8.08171243544312
2695,0.35125091951510645,8.377826162359352,8.02657524284425
2696,0.35688111030923525,8.367854125081802,8.01097301477257
2697,0.29901053354724894,8.3021096782686,8.00309914472135
2698,0.31994353184459123,8.294994447475966,7.97505091563138
2699,0.3059786353404575,8.341740953488834,8.03576231814838
2700,0.25471039984698735,8.258665843391054,8.00395544354407
2701,0.23783612152702813,8.26725872067805,8.02942259915102
2702,0.24880309273762977,8.221879796759513,7.97307670402188
2703,0.25359772233240974,8.329022749238957,8.07542502690655
2704,0.3095708947895351,8.27504588702331,7.96547499223378
2705,0.4243353606848965,8.341302184177678,7.91696682349278
2706,0.39944064129263623,8.356871200639473,7.95743055934684
2707,0.3917585656505615,8.352212988886274,7.96045442323571
2708,0.28374690842401035,8.229282925402236,7.94553601697823
2709,0.4195430982297851,8.384612122663377,7.96506902443359
2710,0.27064471474622676,8.32641728986087,8.05577257511464
2711,0.39360537424994485,8.347617084190757,7.95401170994081
2712,0.3401361063456944,8.238796434027158,7.89866032768146
2713,0.4356131029562257,8.336160146195017,7.90054704323879
2714,0.37342149074948344,8.236657808638915,7.86323631788943
2715,0.29413504526346884,8.230487004191414,7.93635195892794
2716,0.3779520681943251,8.34229179675434,7.96433972856001
2717,0.32226023162961726,8.286059612393638,7.96379938076402
2718,0.2491374558398211,8.20451477251745,7.95537731667763
2719,0.3713689138761361,8.273647830642318,7.90227891676618
2720,0.4067106894557783,8.300043995283021,7.89333330582724
2721,0.3927334695911623,8.327400921068946,7.93466745147778
2722,0.3690452903219523,8.386686784108695,8.01764149378674
2723,0.2521647439399127,8.219462219738395,7.96729747579848
2724,0.38998596560587,8.331959026658447,7.94197306105258
2725,0.35293934193597815,8.394638593788942,8.04169925185296
2726,0.32198382880715243,8.404425237802515,8.08244140899536
2727,0.3188181538375317,8.274462710441556,7.95564455660402
2728,0.3612562527608039,8.392640090432627,8.03138383767182
2729,0.30881705616735255,8.246714880575933,7.93789782440858
2730,0.3049705395723071,8.33241232936395,8.02744178979164
2731,0.3930305269475473,8.332937295669938,7.93990676872239
2732,0.3274989122909547,8.249632463717775,7.92213355142682
2733,0.31462312014576344,8.257777096940263,7.9431539767945
2734,0.29190507116932335,8.239362541250316,7.94745747008099
2735,0.30554725304694796,8.381326947964409,8.07577969491746
2736,0.35737917514707424,8.339485062716852,7.98210588756978
2737,0.2208327009701951,8.25831346616057,8.03748076519038
2738,0.3141697244897362,8.27569822461997,7.96152850013023
2739,0.46459533765644534,8.395277962677277,7.93068262502083
2740,0.3067302277747863,8.235175522157915,7.92844529438313
2741,0.34482818349500155,8.277499047620699,7.9326708641257
2742,0.3678216852852911,8.172091153762846,7.80426946847756
2743,0.23754947632565587,8.340838537890201,8.10328906156455
2744,0.293995509155749,8.33663494121789,8.04263943206214
2745,0.2663870545812009,8.198945740104215,7.93255868552301
2746,0.41623123620704916,8.397004677100705,7.98077344089366
2747,0.43192011743781356,8.388427482427925,7.95650736499011
2748,0.30597679888546575,8.215649665455357,7.90967286656989
2749,0.2325816180457359,8.213135477675499,7.98055385962976
2750,0.3067016044248428,8.371897205257802,8.06519560083296
2751,0.341379858857707,8.240170850539597,7.89879099168189
2752,0.2988221678472458,8.234301775768262,7.93547960792102
2753,0.3606523223328452,8.426670944744977,8.06601862241213
2754,0.3084532616177494,8.318022420669564,8.00956915905181
2755,0.3315398015365861,8.271751506241591,7.94021170470501
2756,0.42891826297108326,8.36612087426762,7.93720261129654
2757,0.33208437063409346,8.279797176180953,7.94771280554686
2758,0.36333300742802166,8.259440453741687,7.89610744631367
2759,0.3337670997308575,8.2721016868064,7.93833458707554
2760,0.3348536302801656,8.212334052607849,7.87748042232768
2761,0.27727445600805073,8.155936202669885,7.87866174666183
2762,0.2336272513445246,8.224508772546779,7.99088152120225
2763,0.46297422534031085,8.223643495038427,7.76066926969812
2764,0.2510897283583487,8.327470878505467,8.07638115014712
2765,0.33752409097390335,8.304343484072671,7.96681939309877
2766,0.2221020579215192,8.150085698220265,7.92798364029874
2767,0.2229458546469898,8.134242812827857,7.91129695818087
2768,0.3302567203558806,8.21223951108413,7.88198279072825
2769,0.27891968920812943,8.263402909381348,7.98448322017322
2770,0.28702126143251333,8.263181681708696,7.97616042027618
2771,0.4118314676311156,8.318682481645014,7.9068510140139
2772,0.37188233743010307,8.393729997304915,8.02184765987481
2773,0.3250335772194465,8.330128398223165,8.00509482100372
2774,0.21951437024261322,8.16260636720014,7.94309199695753
2775,0.3687001896573864,8.311331815385467,7.94263162572808
2776,0.3773370268065322,8.304881407527727,7.9275443807212
2777,0.32837550343799987,8.222354159872053,7.89397865643405
2778,0.36659619932130993,8.307443922514112,7.9408477231928
2779,0.32036657840088867,8.263256313408919,7.94288973500803
2780,0.3200480443439001,8.272155440731071,7.95210739638717
2781,0.3644186957787361,8.3680205383204,8.00360184254166
2782,0.34824891938794234,8.335382865148244,7.9871339457603
2783,0.3940202952646657,8.280703650454917,7.88668335519025
2784,0.3172342833962347,8.323713963996777,8.00647968060054
2785,0.3139266163667019,8.27101063399775,7.95708401763105
2786,0.3462702010492637,8.38275953505237,8.03648933400311
2787,0.3607478594991806,8.349738480373786,7.98899062087461
2788,0.30608703647705615,8.289418599466146,7.98333156298909
2789,0.4588289189933438,8.494264500746226,8.03543558175288
2790,0.3289056869603671,8.202111762789976,7.87320607582961
2791,0.32102469893640434,8.220411528179467,7.89938682924306
2792,0.3040641808866481,8.222320379343824,7.91825619845718
2793,0.4053410806950087,8.396794062501657,7.99145298180665
2794,0.29708019724938295,8.31595479050351,8.01887459325413
2795,0.22173973726090784,8.221202263193737,7.99946252593283
2796,0.3908869875020714,8.360104674940471,7.9692176874384
2797,0.36157845095743263,8.302328642436946,7.94075019147951
2798,0.3197913313290847,8.286878208872693,7.96708687754361
2799,0.2969542619847283,8.248781067720023,7.95182680573529
2800,0.3174465466294419,8.34010671196233,8.02266016533289
2801,0.3329332917157173,8.281937400183608,7.94900410846789
2802,0.42645633220540957,8.352811790587374,7.92635545838196
2803,0.28801201574180507,8.385862463902937,8.09785044816113
2804,0.40492789415141534,8.205960372116138,7.80103247796472
2805,0.248496039620788,8.261316991494185,8.0128209518734
2806,0.3205039889866068,8.247862581885109,7.9273585928985
2807,0.32452454913348305,8.317144861514992,7.99262031238151
2808,0.46822238323828114,8.266061852963725,7.79783946972544
2809,0.2790393669798358,8.307148371262272,8.02810900428244
2810,0.3376620660232104,8.31920821159005,7.98154614556684
2811,0.3165042929449311,8.220226979743234,7.9037226867983
2812,0.39188915600972146,8.343590940593359,7.95170178458364
2813,0.34747506010636314,8.331779768257613,7.98430470815125
2814,0.40522559749740894,8.381389054960868,7.97616345746346
2815,0.2869015751006315,8.385144131420104,8.09824255631947
2816,0.2836149492696559,8.201703790274497,7.91808884100484
2817,0.33089442948565395,8.40341172340932,8.07251729392367
2818,0.3909041638376909,8.217930247992653,7.82702608415496
2819,0.32155044068309185,8.334358482237436,8.01280804155434
2820,0.3541278598914559,8.296967223851754,7.9428393639603
2821,0.3203120265752075,8.215434158658969,7.89512213208376
2822,0.3805063781015578,8.345418958403474,7.96491258030192
2823,0.3996572133666183,8.35219702549522,7.9525398121286
2824,0.41419705809820395,8.381758059304204,7.967561001206
2825,0.2949004981206275,8.231165871626805,7.93626537350618
2826,0.3291763036867331,8.281732210906963,7.95255590722023
2827,0.3854041363128796,8.341705278464193,7.95630114215131
2828,0.37475755080335527,8.31074108617889,7.93598353537553
2829,0.304391397713319,8.206898532269005,7.90250713455569
2830,0.3351583279636834,8.236768021299344,7.90160969333566
2831,0.24307860110935228,8.219364192138736,7.97628559102938
2832,0.3933900309102212,8.384727110595541,7.99133707968532
2833,0.47992535701010036,8.496480443256637,8.01655508624654
2834,0.35652280944415904,8.313369330135725,7.95684652069157
2835,0.38316733174648154,8.352104743482412,7.96893741173593
2836,0.3276085634694524,8.26841091705024,7.94080235358079
2837,0.38272339470859196,8.337189975205922,7.95446658049733
2838,0.4063893194263148,8.315725109605374,7.90933579017906
2839,0.29985548110637017,8.288561643138227,7.98870616203186
2840,0.4212405029973277,8.39504149632725,7.97380099332992
2841,0.4100765269814604,8.2817053802138,7.87162885323234
2842,0.3330224061637597,8.335757543749265,8.00273513758551
2843,0.2525817781447778,8.225450498559663,7.97286872041489
2844,0.3378527718115009,8.32809333375127,7.99024056193977
2845,0.4928049765321016,8.348035269354682,7.85523029282258
2846,0.33242278684838017,8.359086296638345,8.02666350978997
2847,0.25930013175813593,8.229804538193573,7.97050440643544
2848,0.35714417053873265,8.372430877310588,8.01528670677185
2849,0.3839107620765293,8.459827813014561,8.07591705093803
2850,0.40244861166465545,8.394180251108459,7.9917316394438
2851,0.4168746212333032,8.328152393966866,7.91127777273356
2852,0.3117297218300033,8.19135886577684,7.87962914394684
2853,0.38683423745486123,8.35868906833233,7.97185483087747
2854,0.3445594332980725,8.294416854142288,7.94985742084422
2855,0.25271451397549627,8.13108091284655,7.87836639887105
2856,0.3363485027139479,8.246306850217591,7.90995834750364
2857,0.29325099091579915,8.242429743257489,7.94917875234169
2858,0.32639870572308577,8.267104513060426,7.94070580733734
2859,0.37316341154862304,8.287064041514947,7.91390062996632
2860,0.28598383669005245,8.265373079558552,7.9793892428685
2861,0.3448469513631447,8.245441614792723,7.90059466342958
2862,0.3397440829252889,8.309572644772985,7.9698285618477
2863,0.3150570031126945,8.31714796511589,8.00209096200319
2864,0.2867522279193695,8.300340863814158,8.01358863589479
2865,0.27094162150916384,8.198686624817444,7.92774500330828
2866,0.28278714126869253,8.267872489464194,7.9850853481955
2867,0.26225639434329,8.18981120436481,7.92755481002152
2868,0.3089540793198686,8.218549304614545,7.90959522529468
2869,0.3603780207246924,8.18278262790042,7.82240460717573
2870,0.3771535374004697,8.417613061085795,8.04045952368533
2871,0.386508737760756,8.346917330801409,7.96040859304065
2872,0.3648625628232215,8.290476639043654,7.92561407622043
2873,0.2708564901248737,8.249946485064797,7.97908999493992
2874,0.3587843524944926,8.271930904237115,7.91314655174262
2875,0.3785800042057578,8.323813158499265,7.94523315429351
2876,0.34042526635440074,8.396877528374432,8.05645226202003
2877,0.37384555895879734,8.280101132340846,7.90625557338205
2878,0.20510160248367154,8.246895850735328,8.04179424825166
2879,0.42902840588902663,8.352253092456124,7.9232246865671
2880,0.3163121129654181,8.291133848871274,7.97482173590586
2881,0.30673252757422353,8.251257824315795,7.94452529674157
2882,0.30284281565831955,8.196631876218607,7.89378906056029
2883,0.3436194530900095,8.311569756231181,7.96795030314117
2884,0.4383269715045469,8.403606730650985,7.96527975914644
2885,0.4245149402789996,8.394804299790794,7.97028935951179
2886,0.43918135143194426,8.405015762280156,7.96583441084821
2887,0.3084774422149619,8.268802830500764,7.9603253882858
2888,0.2861760764340352,8.341651036977774,8.05547496054374
2889,0.24370591780783785,8.287975144538898,8.04426922673106
2890,0.3281240135870143,8.319960111441045,7.99183609785403
2891,0.35336504678878233,8.232963354206664,7.87959830741788
2892,0.2506658910288507,8.152673141644135,7.90200725061528
2893,0.34271370987082606,8.318661885793544,7.97594817592272
2894,0.43004931816204545,8.428233691677956,7.99818437351591
2895,0.29570239883858684,8.29082590792205,7.99512350908346
2896,0.3861515411736821,8.325536464644495,7.93938492347081
2897,0.40049346621279375,8.356727567029342,7.95623410081655
2898,0.3330115035947369,8.238369306570675,7.90535780297594
2899,0.29984559052628507,8.317155309995776,8.01730971946949
2900,0.4136878540707148,8.331016138263013,7.9173282841923
2901,0.3184109355398022,8.289813486477566,7.97140255093776
2902,0.268577254579225,8.249964931273587,7.98138767669436
2903,0.3289446908808419,8.329059190500109,8.00011449961927
2904,0.4141459713660972,8.383534776938914,7.96938880557282
2905,0.3077225838720159,8.313188972103244,8.00546638823123
2906,0.25807063417378556,8.227436416459176,7.96936578228539
2907,0.3238975877639902,8.280524302922533,7.95662671515854
2908,0.44927216975762496,8.308465564188015,7.85919339443039
2909,0.26130208313400893,8.182915383359308,7.9216133002253
2910,0.3127743491228123,8.218478993567494,7.90570464444468
2911,0.30835901817044,8.28447250760618,7.97611348943574
2912,0.2829947670491124,8.279167978888426,7.99617321183931
2913,0.31312224656867355,8.290155954737155,7.97703370816848
2914,0.1667482458062497,8.138760090827583,7.97201184502133
2915,0.3863353950169456,8.386196098851958,7.99986070383501
2916,0.4370319084380932,8.410340581359204,7.97330867292111
2917,0.339003910612454,8.32449896585226,7.98549505523981
2918,0.3437204835278051,8.380078859362495,8.03635837583469
2919,0.12032198912881915,8.158643175483936,8.03832118635512
2920,0.304980215725269,8.308544973793715,8.00356475806845
2921,0.36899699250447393,8.368093409432797,7.99909641692832
2922,0.2869593062710179,8.356784638110774,8.06982533183976
2923,0.3270377315642465,8.236107945752567,7.90907021418832
2924,0.37035858475508854,8.27161901820909,7.901260433454
2925,0.28698477780594994,8.262900754061064,7.97591597625511
2926,0.3976278750289622,8.333175678903986,7.93554780387502
2927,0.38636561845479034,8.318103603668252,7.93173798521346
2928,0.33097925814940565,8.385143611536419,8.05416435338701
2929,0.31559178869538923,8.333020682912274,8.01742889421688
2930,0.36404766390712046,8.306675368684939,7.94262770477782
2931,0.2821891970996341,8.331255524956669,8.04906632785704
2932,0.33584592498765403,8.310178899343711,7.97433297435606
2933,0.4960447114282286,8.367150547909148,7.87110583648092
2934,0.33451450854925047,8.289026523023427,7.95451201447418
2935,0.35625008240496786,8.3519436147141,7.99569353230913
2936,0.19158043629733743,8.188415071148729,7.99683463485139
2937,0.31413571104629817,8.1924804783808,7.8783447673345
2938,0.28910329087842235,8.318454562503092,8.02935127162467
2939,0.47438295378766077,8.347194299668168,7.87281134588051
2940,0.24907922621804704,8.31700275919567,8.06792353297762
2941,0.3239266970047022,8.330226197887939,8.00629950088324
2942,0.4757917409512346,8.376961782982233,7.901170042031
2943,0.37633805243462426,8.31034794070268,7.93400988826806
2944,0.3719335917687426,8.194005255198716,7.82207166342997
2945,0.22451877674378848,8.319167979763598,8.09464920301981
2946,0.3635485100014302,8.43881941037079,8.07527090036936
2947,0.26979506914920015,8.245830788938347,7.97603571978915
2948,0.3312541411725169,8.306708575817122,7.97545443464461
2949,0.3987394519390096,8.384959497823031,7.98622004588402
2950,0.29040350584449404,8.299249693283494,8.008846187439
2951,0.2984191436338174,8.381429627440843,8.08301048380703
2952,0.38865445151466754,8.305991863439125,7.91733741192446
2953,0.32768555103359076,8.262389858090136,7.93470430705655
2954,0.4938616602837595,8.431974978534422,7.93811331825066
2955,0.29985368327459005,8.205381797972619,7.90552811469803
2956,0.43991394555409535,8.43970749000411,7.99979354445002
2957,0.35890248632435423,8.276923071335975,7.91802058501162
2958,0.40002516375275854,8.279548077384634,7.87952291363188
2959,0.3297293870999226,8.30845727025624,7.97872788315632
2960,0.3943969058233508,8.380587850344916,7.98619094452157
2961,0.3194318885880174,8.345928439130052,8.02649655054203
2962,0.3600927783773162,8.379095921079166,8.01900314270185
2963,0.2025346508137511,8.208274784888552,8.0057401340748
2964,0.3582785476162692,8.329243952939848,7.97096540532358
2965,0.31560905247757676,8.267596452895104,7.95198740041753
2966,0.3332942893389006,8.272973071446978,7.93967878210808
2967,0.40481812621649316,8.355434264775896,7.9506161385594
2968,0.36841245784492443,8.212417737661188,7.84400527981626
2969,0.29486918145574553,8.272350794822257,7.97748161336651
2970,0.24168779197337922,8.279330840359089,8.03764304838571
2971,0.26205520889575135,8.225786817134463,7.96373160823871
2972,0.2894165579863371,8.238185447799639,7.9487688898133
2973,0.33925322554682685,8.312552148972118,7.97329892342529
2974,0.4677094999678557,8.387650636970301,7.91994113700245
2975,0.23316567367540972,8.239003217766458,8.00583754409105
2976,0.3054580748540085,8.300681710319713,7.99522363546571
2977,0.35462317908583185,8.232416872117156,7.87779369303132
2978,0.2777437361254183,8.244289856374818,7.9665461202494
2979,0.19304365565653184,8.1893830841501,7.99633942849357
2980,0.3847188771113235,8.38051940914228,7.99580053203096
2981,0.34422755761758467,8.271101428467077,7.92687387084949
2982,0.38628564239766533,8.276543907307435,7.89025826490977
2983,0.31822524053244083,8.325811956259356,8.00758671572692
2984,0.3290503910517953,8.268920346107995,7.9398699550562
2985,0.3962681975161475,8.267452109624559,7.87118391210841
2986,0.19035065619560426,8.227870926645375,8.03752027044977
2987,0.27051304269867654,8.21760961078937,7.94709656809069
2988,0.3293953372747525,8.369012463241464,8.03961712596671
2989,0.35393665670814833,8.333660656151993,7.97972399944384
2990,0.34031853910401927,8.354203451220837,8.01388491211682
2991,0.28981199410241765,8.180459810967193,7.89064781686478
2992,0.34628285361073513,8.285889840398632,7.9396069867879
2993,0.4009578909041928,8.390856714125606,7.98989882322141
2994,0.3123747825323567,8.252651851856996,7.94027706932464
2995,0.1929945485984228,8.18014714696352,7.9871525983651
2996,0.3540949316074812,8.412108377364108,8.05801344575663
2997,0.3457057709568964,8.261762429102273,7.91605665814538
2998,0.30956300468363523,8.304240679573757,7.99467767489012
2999,0.29806628608469415,8.278399704760904,7.98033341867621
3000,0.30011005255954737,8.220793908197919,7.92068385563837
3001,0.4032088981940115,8.325469429529594,7.92226053133558
3002,0.3187964839410253,8.24355510021224,7.92475861627121
3003,0.270693413319028,8.291174501210639,8.02048108789161
3004,0.3643727091176173,8.330880056360526,7.96650734724291
3005,0.3445085885831205,8.289862276385247,7.94535368780213
3006,0.3744450748807915,8.267307293533836,7.89286221865305
3007,0.3178788287697808,8.244878005559473,7.92699917678969
3008,0.35940961521335746,8.260489573495366,7.90107995828201
3009,0.33564368525359944,8.25668083650695,7.92103715125335
3010,0.3294976333451311,8.122673259653743,7.79317562630861
3011,0.22726699822810525,8.209244876170777,7.98197787794267
3012,0.3335080061496199,8.258684752013702,7.92517674586408
3013,0.26494430368260596,8.281682765146325,8.01673846146372
3014,0.10667951306410015,8.114341406436614,8.00766189337251
3015,0.30041025556501055,8.313017714676135,8.01260745911113
3016,0.4006039540410203,8.35642665499137,7.95582270095035
3017,0.2783364482275158,8.358271233371672,8.07993478514416
3018,0.25659170008228666,8.362769638769432,8.10617793868714
3019,0.3503564281270318,8.28581451077605,7.93545808264902
3020,0.3318362114018735,8.366112112837714,8.03427590143584
3021,0.3099608170759502,8.306967414216217,7.99700659714027
3022,0.34880082520634975,8.389730463793521,8.04092963858717
3023,0.26412575996426046,8.196868911021285,7.93274315105702
3024,0.36543318108749834,8.30456210716607,7.93912892607857
3025,0.2988514407077203,8.275336108401811,7.97648466769409
3026,0.3914888759855181,8.406977400374686,8.01548852438917
3027,0.3688778780805555,8.300466980700671,7.93158910262012
3028,0.24783242798343508,8.256567860007463,8.00873543202403
3029,0.4103564331987082,8.292508243448218,7.88215181024951
3030,0.2138572264101765,8.24917298953334,8.03531576312316
3031,0.31429032476387814,8.307268299665143,7.99297797490127
3032,0.20333157449650507,8.270771784803333,8.06744021030683
3033,0.33869340607637377,8.313845222168677,7.9751518160923
3034,0.42167562350418575,8.234278297943748,7.81260267443956
3035,0.3940296715533484,8.342782887189598,7.94875321563625
3036,0.3189126111246537,8.247213591985219,7.92830098086056
3037,0.4010308642384377,8.35832131511345,7.95729045087501
3038,0.3517996527340329,8.325765088990202,7.97396543625617
3039,0.37303365850667897,8.313917975464188,7.94088431695751
3040,0.46199824612869655,8.400762246288082,7.93876400015939
3041,0.27750639493979606,8.352938454987703,8.07543206004791
3042,0.350265239190568,8.321911995899375,7.97164675670881
3043,0.3648363111189578,8.242525018107777,7.87768870698882
3044,0.3362347514567235,8.283726214993806,7.94749146353708
3045,0.35470856505509624,8.37808145880304,8.02337289374794
3046,0.18149943251470332,8.10425987440571,7.92276044189101
3047,0.3695763265348648,8.377429631918245,8.00785330538338
3048,0.30446139664039806,8.224598990886259,7.92013759424586
3049,0.24436945169603505,8.274811183103063,8.03044173140703
3050,0.30184899336232224,8.292667026200442,7.99081803283812
3051,0.3398413736812982,8.3908691207555,8.0510277470742
3052,0.3611460886350927,8.428889488933526,8.06774340029843
3053,0.3494882580986795,8.36409917421236,8.01461091611368
3054,0.3318480890939011,8.363602057025844,8.03175396793194
3055,0.5402633969545079,8.503904364204187,7.96364096724968
3056,0.3462954652701251,8.29628167664253,7.9499862113724
3057,0.3347118999773958,8.411523818472359,8.07681191849496
3058,0.38308711116017335,8.332875657056036,7.94978854589586
3059,0.3559423919044201,8.30844682256356,7.95250443065914
3060,0.15752117196138746,8.220396110945737,8.06287493898435
3061,0.4738521474430923,8.362443199663671,7.88859105222058
3062,0.34786632807010054,8.275963506390587,7.92809717832049
3063,0.3241567410365077,8.242393363891809,7.9182366228553
3064,0.3019115916660687,8.329344354052653,8.02743276238658
3065,0.38828769077660064,8.3558927523895,7.9676050616129
3066,0.35346908308171526,8.238895189738896,7.88542610665718
3067,0.4454992670842121,8.370937339786337,7.92543807270212
3068,0.29378819840802345,8.254764168113777,7.96097596970575
3069,0.3281052790814785,8.246324660205534,7.91821938112406
3070,0.35598730074015933,8.325722037214641,7.96973473647448
3071,0.3566892282037551,8.31529260950365,7.9586033812999
3072,0.36712205334956555,8.362974193638427,7.99585214028886
3073,0.2988709267590686,8.23307387869928,7.93420295194021
3074,0.3684408590315315,8.310974835327158,7.94253397629563
3075,0.46049523468684095,8.479570224831974,8.01907499014513
3076,0.35853857902365194,8.310445789582092,7.95190721055844
3077,0.21860282751676308,8.285006595332902,8.06640376781614
3078,0.2667415252881214,8.161358946609402,7.89461742132128
3079,0.1808585337581526,8.252669407814942,8.07181087405679
3080,0.43514130863652195,8.33679117291274,7.90164986427622
3081,0.2727560072139022,8.219899771801144,7.94714376458724
3082,0.27006228785110703,8.309973580567064,8.03991129271596
3083,0.3816825031720185,8.363161527077855,7.98147902390584
3084,0.40123524771467667,8.396540741679038,7.99530549396436
3085,0.3958008153462855,8.367213947650914,7.97141313230463
3086,0.44174927109794615,8.453023450663489,8.01127417956554
3087,0.30940602565729386,8.31479111935145,8.00538509369416
3088,0.2671731888737966,8.32787675250447,8.06070356363067
3089,0.3104303969814323,8.324991869356268,8.01456147237483
3090,0.3224897818358875,8.274469448975925,7.95197966714004
3091,0.38737654502997215,8.443645879320584,8.05626933429061
3092,0.37664825442097916,8.347643732693056,7.97099547827208
3093,0.20440758607385826,8.212646588305281,8.00823900223142
3094,0.295108622689868,8.309632731485559,8.01452410879569
3095,0.34904613305777055,8.339275135923492,7.99022900286572
3096,0.3236936135836562,8.304105026563715,7.98041141298006
3097,0.34878856704772027,8.294917983007027,7.94612941595931
3098,0.3798348449756566,8.170378843543528,7.79054399856787
3099,0.3764748557393831,8.405207191330517,8.02873233559113
3100,0.32640494165073736,8.281475165186203,7.95507022353547
3101,0.3652011732037901,8.319533017316834,7.95433184411304
3102,0.3616328735002098,8.347358324911095,7.98572545141089
3103,0.39046008443637437,8.350810450292487,7.96035036585611
3104,0.2976149554991315,8.27465096412436,7.97703600862523
3105,0.27229806803997697,8.343972208453136,8.07167414041316
3106,0.4007099543632648,8.419550916605136,8.01884096224187
3107,0.3416787939680188,8.320848283905175,7.97916948993716
3108,0.2989253775922496,8.261968883001582,7.96304350540933
3109,0.40195616352407704,8.304411044539494,7.90245488101542
3110,0.3675536713592374,8.240685037131689,7.87313136577245
3111,0.4768066986985336,8.499250415664065,8.02244371696553
3112,0.3788978621386569,8.319053523980095,7.94015566184144
3113,0.3759179142607357,8.297619695116794,7.92170178085606
3114,0.3143364940433941,8.263096864958978,7.94876037091558
3115,0.2934085779044381,8.215839436984801,7.92243085908036
3116,0.30047534628480355,8.34116961439768,8.04069426811288
3117,0.4309295549188516,8.399486756750289,7.96855720183144
3118,0.275645119358382,8.384443930383492,8.10879881102511
3119,0.24907677857370022,8.252669445145377,8.00359266657168
3120,0.23532728170459627,8.321374336276921,8.08604705457233
3121,0.3246707774311213,8.352256142105626,8.0275853646745
3122,0.36847311135748684,8.26899271003203,7.90051959867454
3123,0.29659716028735916,8.167923111605711,7.87132595131835
3124,0.2553220356723246,8.171957030441433,7.91663499476911
3125,0.3106402522801897,8.294677909232185,7.98403765695199
3126,0.26473685621022347,8.271780542098833,8.00704368588861
3127,0.39710554468886544,8.530600566522786,8.13349502183392
3128,0.4346417348991123,8.271434699154623,7.83679296425551
3129,0.393569714606065,8.39245482743188,7.99888511282581
3130,0.3084349864710122,8.212015393305776,7.90358040683476
3131,0.28921012929242534,8.292866119652253,8.00365599035983
3132,0.3855473765669289,8.313910887365648,7.92836351079872
3133,0.25365600397151117,8.185051583926446,7.93139557995493
3134,0.4299954139997628,8.354463088897223,7.92446767489746
3135,0.2306884881751931,8.255008048896324,8.02431956072113
3136,0.31401814344850254,8.265438361913052,7.95142021846455
3137,0.2702289875787358,8.283942365944757,8.01371337836602
3138,0.33374831884274436,8.200298040272902,7.86654972143016
3139,0.43858390175964723,8.307290942345837,7.86870704058619
3140,0.3558956090835095,8.272333980260067,7.91643837117656
3141,0.2961499446306964,8.253344389372945,7.95719444474225
3142,0.38407653068281594,8.300203075280459,7.91612654459764
3143,0.37599089001291663,8.395010835971222,8.01901994595831
3144,0.3639542990114167,8.310235051807467,7.94628075279605
3145,0.4068165640106577,8.412145027974386,8.00532846396373
3146,0.3912639936364936,8.27601306075579,7.8847490671193
3147,0.3242711021553903,8.305989445537447,7.98171834338206
3148,0.36979900085714107,8.323500815569764,7.95370181471262
3149,0.2685928455974546,8.20830161391261,7.93970876831516
3150,0.24530665365013773,8.249048746533495,8.00374209288336
3151,0.3049023878344385,8.248000465856338,7.9430980780219
3152,0.38012576412846194,8.272979926090876,7.89285416196241
3153,0.3301193572039529,8.283350844461879,7.95323148725793
3154,0.385342617243929,8.368177487029861,7.98283486978593
3155,0.24583320402653566,8.259470273870665,8.01363706984413
3156,0.39731627174817147,8.366533739868355,7.96921746812018
3157,0.41372548969960027,8.375865476462787,7.96213998676319
3158,0.28703694169537347,8.215999617816227,7.92896267612085
3159,0.2782248293965207,8.27474240035517,7.99651757095865
3160,0.23630152236583218,8.361322919074304,8.12502139670847
3161,0.37432749092990114,8.318734483752593,7.94440699282269
3162,0.32978848899751406,8.25277958403441,7.9229910950369
3163,0.4291170557434126,8.41952806265648,7.99041100691307
3164,0.33155885226907233,8.324707343909441,7.99314849164037
3165,0.3776188470843919,8.330684160401368,7.95306531331698
3166,0.3782508027255271,8.439027081576251,8.06077627885072
3167,0.3920726872277319,8.227536247600327,7.83546356037259
3168,0.3271183387001927,8.182768181955003,7.85564984325481
3169,0.3158021813985904,8.374313576850126,8.05851139545154
3170,0.2952499889045728,8.296349861225233,8.00109987232066
3171,0.30280859566368323,8.270301673354878,7.96749307769119
3172,0.338944647019836,8.185834128959769,7.84688948193993
3173,0.37031275776523886,8.358318433401761,7.98800567563652
3174,0.3070865921044486,8.304350239472651,7.9972636473682
3175,0.4358677018825478,8.436103110823474,8.00023540894093
3176,0.2852563083602798,8.351034603710655,8.06577829535038
3177,0.33942587081632347,8.298659359724537,7.95923348890821
3178,0.30246446228943386,8.323908210566016,8.02144374827658
3179,0.3769234897495806,8.227120391478197,7.85019690172862
3180,0.4833047148921905,8.36982124634032,7.88651653144813
3181,0.4070151773478174,8.363308095529904,7.95629291818209
3182,0.3063770694593216,8.258867901441786,7.95249083198246
3183,0.2346907725643728,8.21581585335377,7.9811250807894
3184,0.3354763858181133,8.237757112134402,7.90228072631629
3185,0.26253638497396753,8.2861618894194,8.02362550444543
3186,0.4120074352493902,8.261184453993927,7.84917701874454
3187,0.39710970936100765,8.398479914433224,8.00137020507222
3188,0.26409408615482405,8.254860839204438,7.99076675304961
3189,0.3161867484163417,8.358409739073634,8.04222299065729
3190,0.2987231797164821,8.185732492293388,7.88700931257691
3191,0.3286400241021375,8.351015300719865,8.02237527661773
3192,0.41427232378161793,8.38891873022888,7.97464640644726
3193,0.32327353505039225,8.328982416545387,8.00570888149499
3194,0.320384725940449,8.369799448923972,8.04941472298352
3195,0.3868524044197915,8.325487559674164,7.93863515525437
3196,0.3987805124648478,8.448652719126313,8.04987220666147
3197,0.2345890508614041,8.182651709894756,7.94806265903335
3198,0.36499913534890144,8.30960696717366,7.94460783182476
3199,0.34571635509803367,8.253494347019735,7.9077779919217
3200,0.35355289250802446,8.341427320749553,7.98787442824153
3201,0.3629426028318766,8.302547806874543,7.93960520404267
3202,0.24341323758179081,8.26276005916039,8.0193468215786
3203,0.2957059869950602,8.318513720235,8.02280773323994
3204,0.3264634463462758,8.283267002981576,7.9568035566353
3205,0.2852715999151784,8.282312850452357,7.99704125053718
3206,0.25626387340827167,8.300170217112194,8.04390634370392
3207,0.28893388069214154,8.251370571722292,7.96243669103015
3208,0.41914600018977205,8.238590725164794,7.81944472497502
3209,0.4728392088166216,8.35542067384584,7.88258146502922
3210,0.22158848058288538,8.264129186033397,8.04254070545051
3211,0.3387086055127123,8.314487408316566,7.97577880280385
3212,0.3102285289553172,8.272731992798711,7.96250346384339
3213,0.4321006473480098,8.337165546208933,7.90506489886092
3214,0.32846587222283063,8.312190906333432,7.9837250341106
3215,0.41561715210241307,8.345468415387264,7.92985126328485
3216,0.3167192776834532,8.335203705591505,8.01848442790805
3217,0.3776489594119702,8.217713759318263,7.84006479990629
3218,0.38361063261330763,8.41647692468868,8.03286629207537
3219,0.3018349093233475,8.348454893334779,8.04661998401143
3220,0.3050095153494094,8.287717329861882,7.98270781451247
3221,0.31858764794750266,8.27180907946568,7.95322143151818
3222,0.3230650322356914,8.282933312490426,7.95986828025474
3223,0.2757174323330281,8.293837512241948,8.01812007990892
3224,0.4135780581915848,8.377899706467298,7.96432164827571
3225,0.3749775212201262,8.332214985955643,7.95723746473552
3226,0.35937392567656756,8.30536789261982,7.94599396694325
3227,0.26822757064661795,8.16909370406805,7.90086613342143
3228,0.32820767490073693,8.251947568594264,7.92373989369353
3229,0.4187515355188924,8.40115914310154,7.98240760758265
3230,0.28982000420276754,8.257847510829087,7.96802750662632
3231,0.2813377179645065,8.338520326429572,8.05718260846507
3232,0.31970626422590676,8.320972147708918,8.00126588348301
3233,0.3314570469634506,8.278439674125764,7.94698262716231
3234,0.3771340220165792,8.276009488470587,7.89887546645401
3235,0.25646756693062017,8.232337413836374,7.97586984690575
3236,0.313656032282199,8.209884202320039,7.89622817003784
3237,0.2825721468325369,8.249990696006382,7.96741854917384
3238,0.2597314645653471,8.333824861422585,8.07409339685724
3239,0.40363661894148234,8.284404507538211,7.88076788859673
3240,0.18238053712858554,8.158624297936514,7.97624376080793
3241,0.2767303324989175,8.241211868871929,7.96448153637301
3242,0.3230306738692259,8.307900664588251,7.98486999071902
3243,0.26619064654624536,8.25978845990522,7.99359781335897
3244,0.37285149679400525,8.271184021750098,7.89833252495609
3245,0.23553972522535968,8.286437430690139,8.05089770546478
3246,0.33610247921531733,8.254676129272235,7.91857365005692
3247,0.3005833787113475,8.318880907165017,8.01829752845367
3248,0.3179822247391351,8.354378855366132,8.036396630627
3249,0.33132610986991046,8.311499456561544,7.98017334669163
3250,0.31215035884595443,8.219348821004418,7.90719846215846
3251,0.25051010162370074,8.187674800468063,7.93716469884436
3252,0.24026835162087626,8.18463772415286,7.94436937253198
3253,0.29942733147325923,8.266512665202239,7.96708533372898
3254,0.38096998803855264,8.315683982520062,7.93471399448151
3255,0.37490534801626374,8.301347227027792,7.92644187901153
3256,0.38809686188013515,8.393612922279967,8.00551606039983
3257,0.27811712212242506,8.276242580986132,7.99812545886371
3258,0.33651675114912266,8.30395550009992,7.9674387489508
3259,0.3061309731385462,8.298000457303653,7.99186948416511
3260,0.35446066741564464,8.358861700579704,8.00440103316406
3261,0.22844900328527173,8.227121855832102,7.99867285254683
3262,0.32005612675915635,8.384043145777087,8.06398701901793
3263,0.3472401059739731,8.406008143439196,8.05876803746522
3264,0.3952990199013401,8.311753681043074,7.91645466114173
3265,0.23426109647138593,8.219142033355629,7.98488093688424
3266,0.41969922978003016,8.329872125581506,7.91017289580148
3267,0.28578341898698667,8.298645879035524,8.01286246004854
3268,0.24003694965814423,8.159241034623092,7.91920408496495
3269,0.3455794552598367,8.348592652598189,8.00301319733835
3270,0.27392791966652846,8.256426021031126,7.9824981013646
3271,0.35998296464542157,8.313943506533617,7.9539605418882
3272,0.3115794238528458,8.34822851243821,8.03664908858536
3273,0.29142040960044635,8.294254686721835,8.00283427712139
3274,0.3748533318773692,8.260980461479972,7.8861271296026
3275,0.34884528298761885,8.439670740213655,8.09082545722604
3276,0.30000837245686024,8.190595718919248,7.89058734646239
3277,0.23467749957521836,8.360215221180885,8.12553772160567
3278,0.4466179728817854,8.35115830508979,7.904540332208
3279,0.3221244042619699,8.307549324097822,7.98542491983585
3280,0.26679282719191283,8.163247890262072,7.89645506307016
3281,0.3314840653648282,8.262892781803963,7.93140871643913
3282,0.38344049702870453,8.359012528519777,7.97557203149107
3283,0.3202041128781416,8.236359602665928,7.91615548978779
3284,0.39407055594697094,8.38710193681916,7.99303138087219
3285,0.4290810007492484,8.308460225035239,7.87937922428599
3286,0.31924543792617327,8.374466738913444,8.05522130098727
3287,0.38108890519199856,8.353134232219789,7.97204532702779
3288,0.2788104215384342,8.254442643375071,7.97563222183664
3289,0.2659778010029822,8.292456969464313,8.02647916846133
3290,0.3946474249346121,8.301065337325692,7.90641791239108
3291,0.30891494456032326,8.331808309881609,8.02289336532129
3292,0.3204787719870839,8.223487045162297,7.90300827317521
3293,0.2621158625296262,8.27404442243279,8.01192855990316
3294,0.3629398922531704,8.32516155959417,7.962221667341
3295,0.3559436179813113,8.173429895113237,7.81748627713193
3296,0.4774576647555178,8.456822878759882,7.97936521400436
3297,0.2732154766153382,8.295056894264146,8.02184141764881
3298,0.3085720705145911,8.372924216207023,8.06435214569243
3299,0.1587198306895336,8.194926220271457,8.03620638958192
3300,0.3331049261902841,8.354391516697671,8.02128659050739
3301,0.3686700536449162,8.412917360665858,8.04424730702094
3302,0.28841847303590723,8.21891774366538,7.93049927062947
3303,0.4350996531373753,8.369972010536058,7.93487235739868
3304,0.33376663114654115,8.402968000241692,8.06920136909515
3305,0.398465004216901,8.281230257488835,7.88276525327193
3306,0.3480422721460527,8.38116640110919,8.03312412896314
3307,0.4154597419828203,8.29085368742753,7.87539394544471
3308,0.27238517405408624,8.273838540998003,8.00145336694392
3309,0.23007910130379824,8.246254163016951,8.01617506171315
3310,0.4259713734631058,8.289212771869046,7.86324139840594
3311,0.2941510052846151,8.212654348847844,7.91850334356323
3312,0.24527112482853713,8.300622187929404,8.05535106310087
3313,0.35149142904133596,8.334945186758725,7.98345375771739
3314,0.33819277711509116,8.243055359010604,7.90486258189551
3315,0.2517252653417613,8.310010871518587,8.05828560617683
3316,0.2607647087512037,8.229361251568175,7.96859654281697
3317,0.3023063725249459,8.340291621523997,8.03798524899905
3318,0.4117800111295276,8.28255208765798,7.87077207652845
3319,0.27229523684955187,8.208691792574704,7.93639655572515
3320,0.34031694440261495,8.290953982050036,7.95063703764742
3321,0.31161429346273384,8.244776221531524,7.93316192806879
3322,0.39662692266174604,8.35852381978776,7.96189689712601
3323,0.3552621999854084,8.336417367260658,7.98115516727525
3324,0.3293201080833909,8.344701857532112,8.01538174944872
3325,0.346973133488824,8.332470273979233,7.98549714049041
3326,0.3177819385048243,8.279077957032765,7.96129601852794
3327,0.23301860052068718,8.29624914340184,8.06323054288115
3328,0.3225969932822581,8.313851079971139,7.99125408668888
3329,0.3448749969024137,8.339515321442969,7.99464032454055
3330,0.30396962389597837,8.270037645295185,7.96606802139921
3331,0.3078346664967815,8.306644774816162,7.99881010831938
3332,0.3228311195547388,8.263643832559254,7.94081271300452
3333,0.25340766042358476,8.251185040751118,7.99777738032753
3334,0.30843445923939716,8.312996385646443,8.00456192640705
3335,0.36897655097987636,8.276320139147119,7.90734358816724
3336,0.29830955365423983,8.186462953384014,7.88815339972977
3337,0.24052826277577818,8.231678540973384,7.99115027819761
3338,0.34709526203337776,8.264053875898004,7.91695861386463
3339,0.2738818081000121,8.233653373988226,7.95977156588821
3340,0.20361652340756708,8.24500263099513,8.04138610758756
3341,0.44385707514535494,8.324815741777442,7.88095866663209
3342,0.4089776879459409,8.31473042578986,7.90575273784392
3343,0.4886590793705002,8.426647120053257,7.93798804068276
3344,0.3672876732668053,8.293168406226304,7.9258807329595
3345,0.2995808539788981,8.257748612324121,7.95816775834522
3346,0.23813612540846277,8.158899028977043,7.92076290356858
3347,0.35876512257203785,8.294622852647864,7.93585773007583
3348,0.2743027681285275,8.312911560821332,8.03860879269281
3349,0.3110109989424623,8.233334764487939,7.92232376554548
3350,0.31638998410605745,8.219810623578867,7.90342063947281
3351,0.33714715659012123,8.279625979598206,7.94247882300809
3352,0.3525010904601056,8.343924689360449,7.99142359890034
3353,0.3810851254297976,8.2631655064799,7.8820803810501
3354,0.23127432886705823,8.233986837649475,8.00271250878242
3355,0.3464149589121134,8.309600922104737,7.96318596319262
3356,0.2847825350133053,8.232074970799612,7.94729243578631
3357,0.36513753452218917,8.2910910172685,7.92595348274631
3358,0.3712610466562774,8.330034520163107,7.95877347350683
3359,0.2610745091811284,8.211623505646704,7.95054899646558
3360,0.4386387765909546,8.390432377651864,7.95179360106091
3361,0.39754476576769365,8.421811250598106,8.02426648483041
3362,0.340198017195551,8.327538498669611,7.98734048147406
3363,0.329373966601056,8.32673687692889,7.99736291032784
3364,0.4414200292619013,8.293819744948046,7.85239971568614
3365,0.35849985124820166,8.260296522177507,7.90179667092931
3366,0.34233767815191146,8.331919865490125,7.98958218733821
3367,0.3998818114485448,8.236219986345468,7.83633817489692
3368,0.29796192024762935,8.248953193813053,7.95099127356542
3369,0.4103304674303272,8.238698737557655,7.82836827012733
3370,0.2875834285998977,8.248368802497152,7.96078537389725
3371,0.36552210289511305,8.344284015067771,7.97876191217266
3372,0.3812782588487985,8.361110923909532,7.97983266506073
3373,0.32485048106089925,8.286011530328597,7.9611610492677
3374,0.3876440119388022,8.378047777563436,7.99040376562463
3375,0.30165076433155047,8.24902121619781,7.94737045186626
3376,0.42576464881088544,8.403201006704407,7.97743635789352
3377,0.23368042297635944,8.232399461672507,7.99871903869615
3378,0.384734151360511,8.247820697563577,7.86308654620307
3379,0.4133290755988485,8.381079334757496,7.96775025915865
3380,0.41858715680414915,8.37841123086781,7.95982407406366
3381,0.3840876713761832,8.362220152643019,7.97813248126684
3382,0.4366157545375945,8.320718619138248,7.88410286460065
3383,0.44592945128215444,8.32445443349169,7.87852498220954
3384,0.347989471943986,8.346689269370717,7.99869979742673
3385,0.4107707041197059,8.330153482388237,7.91938277826853
3386,0.32556930048287724,8.346200133307164,8.02063083282429
3387,0.39060629388325635,8.243837047314251,7.85323075343099
3388,0.3035004905702375,8.24292695064584,7.9394264600756
3389,0.3918621884961397,8.3876135689284,7.99575138043226
3390,0.24805456945745363,8.286317168902057,8.0382625994446
3391,0.2999201290494568,8.285858695841908,7.98593856679245
3392,0.37810945716089633,8.352848155892621,7.97473869873173
3393,0.14721384476110547,8.145780841523864,7.99856699676276
3394,0.2737299113461154,8.254839525844774,7.98110961449866
3395,0.38067436275648775,8.32907702523556,7.94840266247907
3396,0.27794628709213665,8.172640887366677,7.89469460027454
3397,0.25878733522733777,8.19027933949032,7.93149200426298
3398,0.26601755622957823,8.26009352848337,7.99407597225379
3399,0.2980324805550074,8.230667504362135,7.93263502380713
3400,0.4376127203101932,8.352545921562236,7.91493320125204
3401,0.19772475581608487,8.207990936768349,8.01026618095226
3402,0.3535584932259396,8.381474870748374,8.02791637752243
3403,0.3700241240304678,8.275879111586788,7.90585498755632
3404,0.27945342179960386,8.285549572073265,8.00609615027366
3405,0.341985030223153,8.430886717979666,8.08890168775651
3406,0.317263098029122,8.343268205025975,8.02600510699685
3407,0.24642421106652354,8.303999390801309,8.05757517973479
3408,0.29178488821859627,8.24688674514429,7.95510185692569
3409,0.31249760932399023,8.254367069443665,7.94186946011968
3410,0.2891408592018709,8.264103433145719,7.97496257394385
3411,0.3255206860872887,8.262490946060707,7.93697025997342
3412,0.3776444338081267,8.359015257084307,7.98137082327618
3413,0.4060836479363622,8.277964326239896,7.87188067830353
3414,0.39447941015679433,8.3804375665013,7.98595815634451
3415,0.34048195023456806,8.294772535594085,7.95429058535952
3416,0.2692309383357398,8.3834575307835,8.11422659244776
3417,0.30475932964725627,8.268076643754934,7.96331731410768
3418,0.2890043310175501,8.319492012787753,8.0304876817702
3419,0.3574369883506756,8.323973791891115,7.96653680354044
3420,0.318877514367579,8.284907933793955,7.96603041942638
3421,0.3571831870787984,8.309629219812438,7.95244603273364
3422,0.29421213324447315,8.31445176865892,8.02023963541445
3423,0.38796931406070445,8.268116995220465,7.88014768115976
3424,0.2996540535548048,8.322409040967838,8.02275498741303
3425,0.41153254126572697,8.31877936242573,7.90724682116
3426,0.24013949377300545,8.113704054661117,7.87356456088811
3427,0.38312753663636695,8.380639328748245,7.99751179211188
3428,0.3076168817620335,8.424344604633305,8.11672772287127
3429,0.30917369811316864,8.320168868601174,8.01099517048801
3430,0.2691669998590187,8.20000459813227,7.93083759827325
3431,0.36432811854528296,8.292311493498726,7.92798337495344
3432,0.35927615308990224,8.319040913007433,7.95976475991753
3433,0.3426914597564809,8.23671529012353,7.89402383036705
3434,0.30528132356979476,8.28422675225263,7.97894542868284
3435,0.34517829703008956,8.333544828395675,7.98836653136559
3436,0.267776526441171,8.223256810365324,7.95548028392415
3437,0.39349827537004356,8.426337557422329,8.03283928205228
3438,0.33810719835203795,8.281399065166264,7.94329186681423
3439,0.45994397633223544,8.364553623961244,7.90460964762901
3440,0.45022279959200084,8.379907562472342,7.92968476288034
3441,0.21527581630976053,8.269760195392431,8.05448437908267
3442,0.2904407000101344,8.211230024640068,7.92078932462993
3443,0.31454658529217744,8.22171307319154,7.90716648789936
3444,0.29202566600776153,8.294680593674341,8.00265492766658
3445,0.2692943385971237,8.252290698610803,7.98299636001368
3446,0.38352363241413145,8.286986940851783,7.90346330843765
3447,0.3322794464607147,8.214595988712386,7.88231654225167
3448,0.2798984664949394,8.339467712956363,8.05956924646142
3449,0.32931881252051737,8.17396314196984,7.84464432944932
3450,0.35671401400491926,8.36688263588173,8.01016862187681
3451,0.37602107655774997,8.313860621699375,7.93783954514162
3452,0.31845358432170434,8.281434875572874,7.96298129125117
3453,0.3223034011045711,8.288164315385833,7.96586091428126
3454,0.3469972300418605,8.373633123843351,8.02663589380149
3455,0.36350809299037007,8.36321589112248,7.99970779813211
3456,0.3526076311219474,8.298738901882004,7.94613127076006
3457,0.3746533080015185,8.284646742549407,7.90999343454789
3458,0.3073671237412866,8.292111232910727,7.98474410916944
3459,0.3424964236843533,8.339478448502073,7.99698202481772
3460,0.4158465777945017,8.302675964137753,7.88682938634325
3461,0.3114028254896841,8.304144858701584,7.9927420332119
3462,0.293197516343386,8.317187687084267,8.02399017074088
3463,0.39974517789728,8.317503600397927,7.91775842250065
3464,0.2797711973964658,8.220599560983583,7.94082836358712
3465,0.33245883979627666,8.33340823843719,8.00094939864091
3466,0.32173874678645253,8.198150487602854,7.8764117408164
3467,0.35449319979373184,8.285070338220251,7.93057713842652
3468,0.4346011352347001,8.310266410393176,7.87566527515848
3469,0.2954795741450536,8.258531194881042,7.96305162073599
3470,0.29107277329463327,8.234272870052205,7.94320009675757
3471,0.3369903353623704,8.324827474644586,7.98783713928222
3472,0.4413813520003513,8.336598410562852,7.8952170585625
3473,0.3554148842999991,8.27121741773131,7.91580253343131
3474,0.23554886978917408,8.156959098630724,7.92141022884155
3475,0.2864982002156633,8.323895384199473,8.03739718398381
3476,0.36216291982701926,8.335846562556142,7.97368364272912
3477,0.3665020107940483,8.3638000238727,7.99729801307865
3478,0.5074199702565202,8.29950859587148,7.79208862561496
3479,0.5519152528278364,8.189462032397394,7.63754677956956
3480,0.3201905756501267,8.30123456551533,7.9810439898652
3481,0.4572383292154164,8.377042028644555,7.91980369942914
3482,0.3622807694716426,8.326604657470087,7.96432388799844
3483,0.3227028642297094,8.30884834080405,7.98614547657434
3484,0.37873100587898206,8.333859459384405,7.95512845350542
3485,0.3606376884424784,8.306292712723245,7.94565502428077
3486,0.2324178951387313,8.236720796773394,8.00430290163466
3487,0.3583123578627635,8.344049971367363,7.9857376135046
3488,0.2667620495792108,8.157382763878694,7.89062071429948
3489,0.3289264315209779,8.307866795386289,7.97894036386531
3490,0.37651092062839225,8.325702177019497,7.94919125639111
3491,0.36097809815284465,8.277710082593513,7.91673198444067
3492,0.3808889122269041,8.266973690808001,7.8860847785811
3493,0.39316521121093206,8.295885069451124,7.90271985824019
3494,0.45372384222750306,8.424337251764882,7.97061340953738
3495,0.3036717609588535,8.350503909565937,8.04683214860708
3496,0.27033155262909825,8.375163403451653,8.10483185082255
3497,0.26441367738199417,8.20984343110571,7.94542975372372
3498,0.5174302449391693,8.365731429214346,7.84830118427518
3499,0.31691470115403614,8.271914521318758,7.95499982016472
3500,0.25424646040090365,8.213063000597394,7.95881654019649
3501,0.3757435504537874,8.382370076878427,8.00662652642464
3502,0.3068550435681344,8.310953161999164,8.00409811843103
3503,0.25913761696282345,8.352299133118438,8.09316151615561
3504,0.36987957840030716,8.313998020246403,7.9441184418461
3505,0.282015553445882,8.167515638805469,7.88550008535959
3506,0.31848323847863685,8.277810445538039,7.9593272070594
3507,0.3617035591120986,8.316479119877835,7.95477556076574
3508,0.31725953491041,8.314199121693918,7.99693958678351
3509,0.2996502184824312,8.3339230384265,8.03427281994407
3510,0.38445623355070485,8.303070767150041,7.91861453359934
3511,0.2850107965981686,8.323111378497504,8.03810058189934
3512,0.3037181114161775,8.31884943744344,8.01513132602726
3513,0.41180120279617205,8.300279038957363,7.88847783616119
3514,0.2804953271640791,8.23200151859976,7.95150619143568
3515,0.3809195432256206,8.308674611286255,7.92775506806063
3516,0.24043189848100452,8.305615986542309,8.0651840880613
3517,0.26207820874906773,8.286676657764035,8.02459844901497
3518,0.30820206492516206,8.299634494586334,7.99143242966117
3519,0.4104665258265614,8.395321975010466,7.9848554491839
3520,0.3617848368046801,8.344222983130837,7.98243814632616
3521,0.28091815918529733,8.190166880132788,7.90924872094749
3522,0.3652588666438759,8.325554441343035,7.96029557469916
3523,0.44457343539885635,8.36025177193289,7.91567833653403
3524,0.22885380311841313,8.260048176230246,8.03119437311183
3525,0.3988849680219711,8.230218215034663,7.83133324701269
3526,0.3090637308202158,8.282702012079803,7.97363828125959
3527,0.27556515304427975,8.329272928761041,8.05370777571676
3528,0.30658050539617876,8.18044762096815,7.87386711557197
3529,0.28770835843471376,8.281788230824688,7.99407987238997
3530,0.40938535047719987,8.339840620996803,7.9304552705196
3531,0.3753442247308406,8.22036954937855,7.84502532464771
3532,0.31949521066150305,8.426842446807035,8.10734723614553
3533,0.30313034974749026,8.334215158054093,8.0310848083066
3534,0.3637842404367039,8.28456711700188,7.92078287656518
3535,0.4454514931846005,8.304128250589647,7.85867675740505
3536,0.3725114493518151,8.375158827728361,8.00264737837655
3537,0.15723825832711283,8.18308107154948,8.02584281322237
3538,0.3026084998101726,8.212307299940145,7.90969880012997
3539,0.38392894605601346,8.320132421732742,7.93620347567673
3540,0.26739963385918447,8.33614563296656,8.06874599910737
3541,0.3275593725948286,8.340434801580312,8.01287542898548
3542,0.33350975544707595,8.290570889299678,7.9570611338526
3543,0.317152809453916,8.297278006399205,7.98012519694529
3544,0.3396345255952615,8.363749454712169,8.02411492911691
3545,0.34600136806982,8.381490637517425,8.03548926944761
3546,0.2873070662176287,8.292625329825858,8.00531826360823
3547,0.38438110411844884,8.417752760294235,8.03337165617579
3548,0.27795813151493975,8.290869173243115,8.01291104172818
3549,0.33196717178373425,8.305727879086009,7.97376070730227
3550,0.44561205696760653,8.274517870820256,7.82890581385265
3551,0.29305939967845074,8.260246737070611,7.96718733739216
3552,0.28669911050073593,8.286834184530207,8.00013507402947
3553,0.2912187624392367,8.223302266759225,7.93208350431999
3554,0.2889600994024499,8.200545452662393,7.91158535325994
3555,0.4178403807177588,8.375835237512284,7.95799485679453
3556,0.3141923190612346,8.25498032366123,7.94078800459999
3557,0.4139097976943278,8.303255515726448,7.88934571803212
3558,0.46602056401467834,8.450215337207677,7.984194773193
3559,0.3474364506598473,8.294214692860258,7.94677824220041
3560,0.3760870994626081,8.35120268478882,7.97511558532621
3561,0.36784273210078644,8.266914221127752,7.89907148902697
3562,0.3613250485624714,8.282798408195886,7.92147335963341
3563,0.38744881158614236,8.312584616910687,7.92513580532454
3564,0.28336821510471527,8.325049683643828,8.04168146853911
3565,0.33611238350785033,8.329593368303241,7.99348098479539
3566,0.3021631140483335,8.281026333951118,7.97886321990278
3567,0.24318711690362466,8.29331828621412,8.05013116931049
3568,0.35963193727365717,8.256132008349212,7.89650007107555
3569,0.34270566261686175,8.399989633615558,8.0572839709987
3570,0.3926948907540212,8.316780411128452,7.92408552037443
3571,0.3592713035269353,8.409549772872998,8.05027846934606
3572,0.21871337900803117,8.254118274588548,8.03540489558052
3573,0.2845367512608081,8.29487474875239,8.01033799749158
3574,0.3448361034523293,8.28418982632432,7.93935372287199
3575,0.39322746640158746,8.317923017125588,7.924695550724
3576,0.2586505101003358,8.258616367746221,7.99996585764589
3577,0.24540676912299764,8.207027023570951,7.96162025444795
3578,0.32350282207469205,8.344192505678643,8.02068968360395
3579,0.27477737903808946,8.277834395318939,8.00305701628085
3580,0.3702497754182801,8.308769823171609,7.93852004775333
3581,0.3069393512858669,8.285871564767051,7.97893221348118
3582,0.4029468383634,8.254961528640269,7.85201469027687
3583,0.3687577719375571,8.3651454725127,7.99638770057514
3584,0.3882469213646037,8.346434179089655,7.95818725772505
3585,0.23041197774048774,8.261268888206663,8.03085691046618
3586,0.34627692599958476,8.217816636759022,7.87153971075944
3587,0.3313745300110978,8.29308191229873,7.96170738228763
3588,0.3226006305923518,8.237687371828532,7.91508674123618
3589,0.3317671583777208,8.229226671846051,7.89745951346833
3590,0.17351519431710402,8.180790102223037,8.00727490790593
3591,0.28357934391618345,8.186368126308322,7.90278878239214
3592,0.3800987120493,8.29471776129437,7.91461904924507
3593,0.2641861335111052,8.282354319331482,8.01816818582038
3594,0.4012880609015204,8.277702365414786,7.87641430451327
3595,0.3850314684163649,8.25077959052752,7.86574812211115
3596,0.2855604767633478,8.27553972698266,7.98997925021931
3597,0.26837025034845763,8.30796757910684,8.03959732875838
3598,0.3834874271831068,8.3249279250325,7.94144049784939
3599,0.4375310299418442,8.32783412363286,7.89030309369102
3600,0.3413651154909243,8.274642438441822,7.9332773229509
3601,0.4201506729314448,8.357519677852872,7.93736900492143
3602,0.3498804819837271,8.414152573222589,8.06427209123886
3603,0.2243276584814073,8.153897489498483,7.92956983101708
3604,0.27735022263885356,8.304950785001534,8.02760056236268
3605,0.32850685901226995,8.19293541925577,7.8644285602435
3606,0.182497048537648,8.1762735822642,7.99377653372655
3607,0.4067536516924456,8.398978019539333,7.99222436784689
3608,0.35254654146934156,8.250180143991162,7.89763360252182
3609,0.43347413139760793,8.387151774717745,7.95367764332014
3610,0.26850049703879386,8.227228890056871,7.95872839301808
3611,0.3160786404730252,8.251269917954497,7.93519127748147
3612,0.3387974572723299,8.412802325271997,8.07400486799967
3613,0.37567272908091137,8.300281453292044,7.92460872421113
3614,0.27548995759159467,8.236013291375924,7.96052333378433
3615,0.3764018645056248,8.305678631932237,7.92927676742661
3616,0.3841069164942366,8.378055497112946,7.99394858061871
3617,0.29382856096342114,8.240690227158144,7.94686166619472
3618,0.3380588864402564,8.271341964583435,7.93328307814318
3619,0.3760169699096423,8.332906729913216,7.95688976000357
3620,0.29292004773794034,8.265689290358743,7.9727692426208
3621,0.32450116949170404,8.212554776201237,7.88805360670953
3622,0.32901263967193634,8.286693504790584,7.95768086511865
3623,0.2943438624580173,8.356603906053696,8.06226004359568
3624,0.28378291424256163,8.262101738102158,7.9783188238596
3625,0.37247226144577583,8.32520210165535,7.95272984020957
3626,0.32141077714693583,8.301801383526692,7.98039060637976
3627,0.22371292540590149,8.258883206639583,8.03517028123368
3628,0.2753133878575681,8.174129001781731,7.89881561392416
3629,0.3196282280263653,8.298024995180176,7.97839676715381
3630,0.46830649451378187,8.349761124524868,7.88145463001109
3631,0.2442298075680657,8.19042576740764,7.94619595983958
3632,0.21717399582026625,8.323629995368973,8.10645599954871
3633,0.2978840655562331,8.324210949223183,8.02632688366695
3634,0.41022048128305094,8.2941107663925,7.88389028510945
3635,0.3160418754053244,8.155306130619632,7.83926425521431
3636,0.2895436027187103,8.339414531321994,8.04987092860328
3637,0.2932240782782503,8.316572549035167,8.02334847075692
3638,0.3217944456366041,8.364195483690986,8.04240103805438
3639,0.20246995856364405,8.26784838262691,8.06537842406327
3640,0.3104025718368194,8.242962816389792,7.93256024455297
3641,0.367109847266221,8.381519420541819,8.0144095732756
3642,0.40218185415721935,8.357226460087233,7.95504460593001
3643,0.3982676733819375,8.281180047331667,7.88291237394973
3644,0.3288042878943538,8.34726863450519,8.01846434661084
3645,0.399097761644082,8.397464752911217,7.99836699126713
3646,0.27118302012494827,8.203557102865776,7.93237408274083
3647,0.33985853074580263,8.25431041870477,7.91445188795897
3648,0.3609704979784878,8.282945740368664,7.92197524239018
3649,0.3252074026450602,8.201495302484329,7.87628789983927
3650,0.3874152576245217,8.41385415557054,8.02643889794602
3651,0.33434523611165107,8.261130821755279,7.92678558564363
3652,0.3140335104884895,8.216354993383815,7.90232148289533
3653,0.38101293736158787,8.240784406983753,7.85977146962217
3654,0.25560421105070835,8.270380913518279,8.01477670246757
3655,0.3306207534542157,8.34728737420836,8.01666662075414
3656,0.38062584000092864,8.36024663746494,7.97962079746401
3657,0.42797842227074395,8.39715959704588,7.96918117477514
3658,0.2929952635227754,8.23352254450857,7.94052728098579
3659,0.3905666900155846,8.268191998640356,7.87762530862477
3660,0.37925722307626936,8.348408808564665,7.9691515854884
3661,0.4258624406468891,8.342629460004842,7.91676701935795
3662,0.35434302370986315,8.241460871860179,7.88711784815032
3663,0.363647956634649,8.334365157831098,7.97071720119645
3664,0.3534287505317738,8.317535851806582,7.96410710127481
3665,0.2996458486217849,8.195009283260745,7.89536343463896
3666,0.3257606247702844,8.352425528815026,8.02666490404474
3667,0.261806841056672,8.260102499022752,7.99829565796608
3668,0.35042869216631123,8.29997185424606,7.94954316207975
3669,0.3001058334331332,8.426477951124117,8.12637211769098
3670,0.3028171341890078,8.29949502200226,7.99667788781325
3671,0.3507554950175028,8.337316642031885,7.98656114701438
3672,0.38998079616638537,8.342458457298429,7.95247766113204
3673,0.35840040039421955,8.298672237925725,7.94027183753151
3674,0.3769117187629579,8.299161841226898,7.92225012246394
3675,0.3283399977733678,8.325024427354386,7.99668442958102
3676,0.2682088429874183,8.279153046181335,8.01094420319392
3677,0.34803255476784284,8.289314642350687,7.94128208758284
3678,0.42881795164500924,8.381844408347451,7.95302645670244
3679,0.32114419200477856,8.336379111689787,8.01523491968501
3680,0.328472774821138,8.262996707892013,7.93452393307087
3681,0.364123377331645,8.328631858387933,7.96450848105629
3682,0.33154466103906016,8.31749901092404,7.98595434988498
3683,0.4087974764898514,8.248884704586699,7.84008722809685
3684,0.3026783569869217,8.19612803866491,7.89344968167799
3685,0.356021831290054,8.349038528622009,7.99301669733195
3686,0.45283189045651767,8.408864730091816,7.9560328396353
3687,0.4073690573185731,8.407388852411572,8.000019795093
3688,0.24862543807669205,8.257705236512177,8.00907979843548
3689,0.31722946000781105,8.275173574452879,7.95794411444507
3690,0.35334817868332913,8.2901538831883,7.93680570450497
3691,0.32819124599476096,8.31925559294016,7.9910643469454
3692,0.39229622434056993,8.345599588330906,7.95330336399034
3693,0.2898806998277954,8.29229485897199,8.00241415914419
3694,0.2635905822066158,8.250500699188132,7.98691011698152
3695,0.3586426141477555,8.330395851493344,7.97175323734559
3696,0.43126826491702935,8.302490148317373,7.87122188340034
3697,0.33710651295644695,8.328351756323853,7.99124524336741
3698,0.32954618447805145,8.227859731236823,7.89831354675877
3699,0.316529199785604,8.20884106671371,7.89231186692811
3700,0.2928301617583767,8.200067423404334,7.90723726164596
3701,0.3229025263819208,8.273493154804378,7.95059062842246
3702,0.39002710916051453,8.33866865226255,7.94864154310204
3703,0.296706646778269,8.309323274385466,8.0126166276072
3704,0.4048909596795229,8.290105148029372,7.88521418834985
3705,0.2756904823999423,8.302570192941017,8.02687971054107
3706,0.34533379398752434,8.345547010430042,8.00021321644252
3707,0.34986954431861217,8.32261467106699,7.97274512674838
3708,0.2807981537573075,8.219315213949104,7.9385170601918
3709,0.4378700186454665,8.432844323715388,7.99497430506992
3710,0.31799054602967003,8.407970793814481,8.08998024778481
3711,0.39714134829250136,8.338869528771705,7.9417281804792
3712,0.3842560572202283,8.342669589764377,7.95841353254415
3713,0.24673526453609992,8.192314434098236,7.94557916956214
3714,0.49558111941622046,8.387279867773994,7.89169874835777
3715,0.4491744788787946,8.372196961656073,7.92302248277728
3716,0.236936923366431,8.272253519219419,8.03531659585299
3717,0.32566540465826077,8.29876235096124,7.97309694630298
3718,0.2179869269748017,8.098749487431357,7.88076256045656
3719,0.3469535115682744,8.370626851525689,8.02367333995741
3720,0.3796714902613156,8.211466384968853,7.83179489470754
3721,0.275980882996832,8.38549290630544,8.10951202330861
3722,0.27990805406895886,8.232136284227416,7.95222823015846
3723,0.30377519352774973,8.236090557579171,7.93231536405142
3724,0.34151730462327123,8.281362720855986,7.93984541623272
3725,0.34867557719950554,8.280384026466889,7.93170844926738
3726,0.4302489117312977,8.311274342082058,7.88102543035076
3727,0.35941571952919776,8.18705810225988,7.82764238273068
3728,0.36351218319534545,8.399634431677622,8.03612224848228
3729,0.3312469031449436,8.324929932445427,7.99368302930048
3730,0.4407744890287766,8.298982309618031,7.85820782058925
3731,0.35203501362009126,8.292170507110814,7.94013549349072
3732,0.29882235724222084,8.308931141528156,8.01010878428593
3733,0.3151586529376109,8.247737766716957,7.93257911377935
3734,0.5027467806710453,8.485557725589395,7.98281094491835
3735,0.38118862762549,8.319866280945389,7.9386776533199
3736,0.3612972332585858,8.309813164749933,7.94851593149135
3737,0.3053485129648139,8.421575019262006,8.11622650629719
3738,0.27272703624820716,8.245032069830774,7.97230503358257
3739,0.35179391842403557,8.352308578297347,8.00051465987331
3740,0.4000759296595868,8.438126560330016,8.03805063067043
3741,0.25376831696600693,8.224592984945872,7.97082466797986
3742,0.34399579086555787,8.253016785025059,7.9090209941595
3743,0.2541748200304719,8.21107594369771,7.95690112366724
3744,0.19526248385779307,8.316515848536362,8.12125336467857
3745,0.24252548400191143,8.194148151339569,7.95162266733766
3746,0.2810151435973942,8.303256406839175,8.02224126324178
3747,0.25228193501049667,8.224237836395982,7.97195590138549
3748,0.4073374073031036,8.196399838629471,7.78906243132637
3749,0.2518831155738676,8.305273816212532,8.05339070063866
3750,0.3736499982277136,8.301951748518633,7.92830175029092
3751,0.4182522389101175,8.415600790630924,7.99734855172081
3752,0.24894753727076027,8.231885407445931,7.98293787017517
3753,0.4031761939150387,8.328767458394719,7.92559126447968
3754,0.32158428368285896,8.299771518854252,7.97818723517139
3755,0.35835509369179513,8.362562717063545,8.00420762337175
3756,0.24218984248938544,8.27805989686271,8.03587005437332
3757,0.3793354515043389,8.320933658985465,7.94159820748113
3758,0.29072861501373304,8.361472807235387,8.07074419222165
3759,0.28114672992715034,8.280027257311993,7.99888052738484
3760,0.3909154751948179,8.303073596950815,7.912158121756
3761,0.3690730800847199,8.35196789102852,7.9828948109438
3762,0.4064721702358464,8.268460612816908,7.86198844258106
3763,0.2965946028446063,8.322539046002161,8.02594444315755
3764,0.4159599782018472,8.329778110058086,7.91381813185624
3765,0.300240242187521,8.221391527892008,7.92115128570449
3766,0.31412719246097226,8.233548849272427,7.91942165681145
3767,0.32443581603850913,8.333319998829229,8.00888418279072
3768,0.3780110424643509,8.318115180082682,7.94010413761833
3769,0.3964426067427386,8.306947689235237,7.9105050824925
3770,0.29263187225687953,8.210972766262344,7.91834089400546
3771,0.32144517230263403,8.228808364050368,7.90736319174773
3772,0.34255409101975326,8.22128696872803,7.87873287770828
3773,0.3618587453686531,8.243522137434683,7.88166339206603
3774,0.32775584048853196,8.271254224402592,7.94349838391406
3775,0.3829590744128557,8.337000974843994,7.95404190043114
3776,0.4642535611240862,8.383024022056205,7.91877046093212
3777,0.2561589204192534,8.30366993394069,8.04751101352144
3778,0.36275968068670766,8.177290743525097,7.81453106283839
3779,0.37614544114694226,8.329494316588912,7.95334887544197
3780,0.3431259874658063,8.324579266718903,7.9814532792531
3781,0.3005678312847876,8.22299221471424,7.92242438342945
3782,0.35125524994974144,8.324093332584445,7.9728380826347
3783,0.25312848034193314,8.256633824305187,8.00350534396325
3784,0.3227700133637058,8.414811484601904,8.0920414712382
3785,0.36686367267924047,8.27870756072672,7.91184388804748
3786,0.30848463971978013,8.252495894961976,7.9440112552422
3787,0.3948317211042784,8.297143880890381,7.9023121597861
3788,0.2695513123369305,8.328786942248534,8.0592356299116
3789,0.3799332105196449,8.32260355985387,7.94267034933423
3790,0.3207553290115179,8.327979192075361,8.00722386306384
3791,0.2609034317197056,8.23596411164333,7.97506067992362
3792,0.26596602608525133,8.168046807617502,7.90208078153225
3793,0.2655458853172545,8.21119171830876,7.9456458329915
3794,0.2719696267343204,8.349592968196328,8.07762334146201
3795,0.36619927714789424,8.28561183483933,7.91941255769144
3796,0.2605779304684451,8.2675968045436,8.00701887407516
3797,0.3237254607246332,8.260560168376498,7.93683470765187
3798,0.2534024607469057,8.278526607625126,8.02512414687822
3799,0.21119225400004324,8.267047840338329,8.05585558633829
3800,0.31482298704973566,8.301450172600427,7.98662718555069
3801,0.4012519745730822,8.392422210541376,7.99117023596829
3802,0.36571576709396275,8.296353206014292,7.93063743892033
3803,0.3936366878581465,8.31477902991793,7.92114234205978
3804,0.30420376859752574,8.351482115689894,8.04727834709237
3805,0.40128866960384185,8.357868209387544,7.9565795397837
3806,0.36829292023211274,8.373910314457511,8.0056173942254
3807,0.4107960412234532,8.30972565470842,7.89892961348497
3808,0.3904385479888154,8.268547344629667,7.87810879664085
3809,0.2388101857874963,8.27406360772455,8.03525342193705
3810,0.3165448985434382,8.331235524933124,8.01469062638969
3811,0.3569867153847238,8.329247223416882,7.97226050803216
3812,0.30849118450038626,8.314002289773487,8.0055111052731
3813,0.35846348916660387,8.365574429647415,8.00711094048081
3814,0.32981835104227436,8.25361213932737,7.92379378828509
3815,0.23916929464227987,8.350586362811708,8.11141706816943
3816,0.38913513212962264,8.354275805918524,7.9651406737889
3817,0.32186494276557204,8.273547009334804,7.95168206656923
3818,0.3723547999615572,8.348457980714779,7.97610318075322
3819,0.360867401516811,8.27807281055136,7.91720540903455
3820,0.3544082715643794,8.37615516155272,8.02174688998834
3821,0.3654717369955718,8.367685361419518,8.00221362442395
3822,0.30566231847114445,8.350310023616503,8.04464770514536
3823,0.3240024871195086,8.372107403595958,8.04810491647645
3824,0.4858271305483268,8.351460216193258,7.86563308564493
3825,0.2996222667329738,8.303286906737524,8.00366464000455
3826,0.3433048339763983,8.235354595578492,7.89204976160209
3827,0.3263450592819379,8.302866608791874,7.97652154950994
3828,0.3917588743019061,8.429372795356127,8.03761392105422
3829,0.3089420195404304,8.339238017590723,8.03029599805029
3830,0.35907628249719886,8.251483631220609,7.89240734872341
3831,0.28681994754096496,8.303352157161006,8.01653220962004
3832,0.3182996898967635,8.28592147004751,7.96762178015075
3833,0.269518892568702,8.318899762449337,8.04938086988064
3834,0.2592396673717763,8.182741964761053,7.92350229738928
3835,0.33697025493508087,8.39127648915845,8.05430623422337
3836,0.24316888103224252,8.316842293589398,8.07367341255716
3837,0.4293736635686717,8.316391606727509,7.88701794315884
3838,0.30530599600189706,8.283498119023402,7.97819212302151
3839,0.2808231474236167,8.147832377074078,7.86700922965046
3840,0.30076117292030663,8.211458942507157,7.91069776958685
3841,0.3554715154661109,8.293384351587198,7.93791283612109
3842,0.2690341844884507,8.349654055186427,8.08061987069798
3843,0.4156836650219467,8.367979815957584,7.95229615093564
3844,0.2542914699856625,8.23867481881664,7.98438334883098
3845,0.33052674483289635,8.357164759475296,8.0266380146424
3846,0.3327533099589906,8.305643130710276,7.97288982075129
3847,0.2690072624561633,8.204949152238354,7.93594188978219
3848,0.32157418381550756,8.234182888281433,7.91260870446593
3849,0.3177162048965244,8.304112282528365,7.98639607763184
3850,0.35921530952980457,8.402490720639035,8.04327541110923
3851,0.4099394348700816,8.395335488164147,7.98539605329406
3852,0.32443914014244185,8.288738545479031,7.96429940533659
3853,0.3228823108891474,8.294356097101357,7.97147378621221
3854,0.28216088608592216,8.305055777001979,8.02289489091606
3855,0.3433977729075464,8.335913262062173,7.99251548915463
3856,0.4423503992704336,8.467629636501652,8.02527923723122
3857,0.2976892866291231,8.26808045662123,7.97039116999211
3858,0.39551334117136383,8.335430514265601,7.93991717309424
3859,0.38673399190341295,8.345827786797354,7.95909379489394
3860,0.39654797412465403,8.374545629328466,7.97799765520381
3861,0.25219457021128683,8.409530776287454,8.15733620607617
3862,0.4273916886499089,8.33029517859477,7.90290348994486
3863,0.2981182049867164,8.206662313381337,7.90854410839462
3864,0.3467753280809061,8.282290339914905,7.935515011834
3865,0.2825034743432018,8.307094810837444,8.02459133649424
3866,0.3716146365525998,8.289903427866108,7.91828879131351
3867,0.2877610693227862,8.26014931333887,7.97238824401608
3868,0.4428838934180357,8.285327052527325,7.84244315910929
3869,0.3243917805740156,8.297220568376893,7.97282878780288
3870,0.4145994683197514,8.383880371775499,7.96928090345575
3871,0.3786288096725997,8.342043186727038,7.96341437705444
3872,0.27715015943473226,8.194308214568757,7.91715805513403
3873,0.4234287397665939,8.339067827634885,7.91563908786829
3874,0.328271812659896,8.360213012759182,8.03194120009929
3875,0.27829564184197836,8.278062639791724,7.99976699794975
3876,0.2664062157090453,8.282030630400376,8.01562441469133
3877,0.36248622606455544,8.244175635712473,7.88168940964792
3878,0.33953038159986026,8.262419343639081,7.92288896203922
3879,0.294887483572761,8.283079032467318,7.98819154889456
3880,0.4006575286527559,8.443469054340287,8.04281152568753
3881,0.4042986622145885,8.351163640664817,7.94686497845023
3882,0.4004617863200162,8.31691475490214,7.91645296858212
3883,0.36162704317678085,8.374578133979275,8.01295109080249
3884,0.3453273171173449,8.379357020479075,8.03402970336173
3885,0.3384077537800723,8.38524690496692,8.04683915118685
3886,0.3310166420784788,8.328503096539436,7.99748645446096
3887,0.2798225799861815,8.228363997101468,7.94854141711529
3888,0.317241930093295,8.285353358218035,7.96811142812474
3889,0.32083576795836866,8.272973460550878,7.95213769259251
3890,0.27000435248266885,8.191998147593427,7.92199379511076
3891,0.27082396014827426,8.319242611233086,8.04841865108481
3892,0.334262423997244,8.351878724807253,8.01761630081001
3893,0.28261743571739956,8.253734730472944,7.97111729475554
3894,0.44024708597732126,8.315448213665404,7.87520112768808
3895,0.33311964777931463,8.298295980195972,7.96517633241666
3896,0.35767067008188685,8.328267912924769,7.97059724284288
3897,0.3746004535192489,8.325268098458723,7.95066764493947
3898,0.39156765597773646,8.248106037738669,7.85653838176093
3899,0.40762388251504844,8.341230173568718,7.93360629105367
3900,0.24984666983141574,8.263735452012991,8.01388878218158
3901,0.39871624165777464,8.192506737686017,7.79379049602824
3902,0.3446003528100195,8.350910532506317,8.0063101796963
3903,0.3662360841360678,8.366317648409966,8.0000815642739
3904,0.3426808135588316,8.444271061885075,8.10159024832624
3905,0.24749714470958867,8.217249034045436,7.96975188933585
3906,0.2977246336266308,8.247004491515701,7.94927985788907
3907,0.34290783944686376,8.312280286523384,7.96937244707652
3908,0.22237699805741,8.261101271356342,8.03872427329893
3909,0.2822368419238782,8.241406745270249,7.95916990334637
3910,0.3576658535292275,8.276219580118449,7.91855372658922
3911,0.43899102064723733,8.374160326858398,7.93516930621116
3912,0.20014407044882823,8.304354272178788,8.10421020172996
3913,0.46318201832960715,8.357520673264297,7.89433865493469
3914,0.3355208176291074,8.353136060636654,8.01761524300755
3915,0.3020088194932385,8.252268887691917,7.95026006819868
3916,0.31552562575577875,8.31009151097221,7.99456588521643
3917,0.4153208464993138,8.320879700096873,7.90555885359756
3918,0.3469078613103053,8.322177438509332,7.97526957719903
3919,0.32366532969851447,8.304562164171724,7.98089683447321
3920,0.2599420093140397,8.239460931458064,7.97951892214402
3921,0.38234305307071154,8.34958416824252,7.96724111517181
3922,0.29036003813226574,8.280933846391745,7.99057380825948
3923,0.36110052494932016,8.347300961459004,7.98620043650968
3924,0.3247209400847964,8.437572316598578,8.11285137651378
3925,0.3376650087174493,8.278792912982002,7.94112790426455
3926,0.3728995269081548,8.342164945205655,7.9692654182975
3927,0.37733756336154917,8.35608280091344,7.97874523755189
3928,0.2782066342260819,8.264745435463052,7.98653880123697
3929,0.2899205353128166,8.231819648435799,7.94189911312298
3930,0.3203597151770133,8.237604494508828,7.91724477933181
3931,0.26416705691194636,8.128464288461652,7.86429723154971
3932,0.2991678086711191,8.210068264248157,7.91090045557704
3933,0.33725374762122995,8.340550887849137,8.00329714022791
3934,0.2720673086256252,8.18049935175362,7.90843204312799
3935,0.33696226828171266,8.27334389140808,7.93638162312637
3936,0.32170492575280435,8.358145665510085,8.03644073975728
3937,0.3627590169243231,8.311837643771614,7.94907862684729
3938,0.30417973987398467,8.30836792015546,8.00418818028148
3939,0.2943231581884083,8.36962120202859,8.07529804384018
3940,0.36569059383431773,8.311466361061761,7.94577576722744
3941,0.24733774132803685,8.203958742620697,7.95662100129266
3942,0.40185845964949984,8.335674308912628,7.93381584926313
3943,0.31389755330452906,8.250332113828781,7.93643456052425
3944,0.41920505416053955,8.35054985199859,7.93134479783805
3945,0.222395804728625,8.227727048185143,8.00533124345652
3946,0.23225996200974125,8.214253309212605,7.98199334720286
3947,0.3524648555187099,8.42131374914936,8.06884889363065
3948,0.2980023282305385,8.174890306393653,7.87688797816311
3949,0.34324261689344315,8.38584086475567,8.04259824786223
3950,0.3878582162972573,8.351032258836785,7.96317404253953
3951,0.23141672436550412,8.2901976276543,8.0587809032888
3952,0.37072848312518564,8.267861796161814,7.89713331303663
3953,0.3013852341033921,8.199837199145628,7.89845196504224
3954,0.2986365246978158,8.399160989823852,8.10052446512604
3955,0.39534943688620666,8.333297436956613,7.93794800007041
3956,0.32443740809770844,8.385949215488045,8.06151180739034
3957,0.2641861875674799,8.24781716368657,7.98363097611909
3958,0.4093325283618553,8.355506847642614,7.94617431928076
3959,0.3669962640614444,8.32164637078376,7.95465010672232
3960,0.30472707153815876,8.198419471920621,7.89369240038246
3961,0.24691485945969957,8.225643588205347,7.97872872874565
3962,0.3718283822558451,8.38077320586902,8.00894482361317
3963,0.32354992803309957,8.336642313341804,8.0130923853087
3964,0.31746717064745394,8.282261811542357,7.9647946408949
3965,0.27263930714419404,8.36242953782309,8.0897902306789
3966,0.3843649803168933,8.312940017427742,7.92857503711085
3967,0.27604212267976147,8.235627763782109,7.95958564110235
3968,0.3477461638479634,8.314912210004836,7.96716604615687
3969,0.41708599824802134,8.344089270533187,7.92700327228517
3970,0.40879141774108846,8.28676601259029,7.8779745948492
3971,0.2953904836470185,8.2558627584615,7.96047227481448
3972,0.4252932032968642,8.26442230034339,7.83912909704653
3973,0.3419813502176908,8.334958269128897,7.99297691891121
3974,0.3142139373926603,8.388586623754625,8.07437268636196
3975,0.3846193158176027,8.339401838277167,7.95478252245956
3976,0.30779013835268204,8.265618048907193,7.95782791055451
3977,0.3671414239446238,8.280314934630601,7.91317351068598
3978,0.36113813457049115,8.270368311056231,7.90923017648574
3979,0.26649069500052097,8.382560016638594,8.11606932163807
3980,0.4112230895988566,8.29273141632229,7.88150832672343
3981,0.30648694119454767,8.268596382399727,7.96210944120518
3982,0.4853568024660058,8.398459230468093,7.91310242800209
3983,0.35960525975824936,8.321963490996328,7.96235823123808
3984,0.363915474697028,8.38096480796043,8.0170493332634
3985,0.2990600036328165,8.288830082889204,7.98977007925639
3986,0.22947051185833311,8.2663707555202,8.03690024366187
3987,0.40938340393734324,8.309303971400288,7.89992056746294
3988,0.4073395033747601,8.350327318430924,7.94298781505616
3989,0.2646589574441596,8.354474192588452,8.08981523514429
3990,0.3163111975643465,8.297493683239912,7.98118248567557
3991,0.3693174743388088,8.374859473450936,8.00554199911213
3992,0.38542292521404486,8.380120557530994,7.99469763231695
3993,0.33109599095258124,8.266696620768073,7.93560062981549
3994,0.25480370772115285,8.258407644997513,8.00360393727636
3995,0.3334431911123119,8.366674458230651,8.03323126711834
3996,0.3108296451604406,8.303525370116454,7.99269572495601
3997,0.3792515559334159,8.369139093827032,7.98988753789362
3998,0.2878510150562032,8.251522649614893,7.96367163455869
3999,0.3178834539214877,8.29337840638225,7.97549495246076
4000,0.2872500257943589,8.254907120362267,7.96765709456791
4001,0.3826202712905876,8.27173447878688,7.88911420749629
4002,0.3280581607035529,8.2377147009683,7.90965654026475
4003,0.38238001765903973,8.273921800930008,7.89154178327097
4004,0.3731583957759387,8.38246488764052,8.00930649186458
4005,0.3531736170867835,8.312453062200653,7.95927944511387
4006,0.3058645547643693,8.313210080031773,8.0073455252674
4007,0.3353915877336617,8.344896249239108,8.00950466150545
4008,0.29730573545663924,8.218499977820217,7.92119424236358
4009,0.29005239351912826,8.306694603554417,8.01664221003529
4010,0.35600163615006947,8.350302348692747,7.99430071254268
4011,0.42837220446190205,8.367285307150436,7.93891310268853
4012,0.32204686911602665,8.292515498903049,7.97046862978702
4013,0.300907049733179,8.242218148887735,7.94131109915456
4014,0.3437772978520124,8.266914539031072,7.92313724117906
4015,0.3531529548229766,8.258858086458082,7.9057051316351
4016,0.3315690483096832,8.276762437451294,7.94519338914161
4017,0.3333008026299572,8.255851492744142,7.92255069011418
4018,0.3808029666410194,8.336969334104065,7.95616636746305
4019,0.2713190821554759,8.185967191532132,7.91464810937666
4020,0.28299237559034096,8.29466326871379,8.01167089312345
4021,0.35994550188167285,8.27063056155291,7.91068505967124
4022,0.3014597067594899,8.266900717321745,7.96544101056226
4023,0.4172736070218817,8.302991119798953,7.88571751277707
4024,0.3322447640558687,8.320207629196837,7.98796286514097
4025,0.34114779398778605,8.365021741173077,8.02387394718529
4026,0.30768840154024696,8.307214266705975,7.99952586516573
4027,0.28375443121729005,8.252510466247967,7.96875603503068
4028,0.17504341053837028,8.231469053451136,8.05642564291277
4029,0.34796816039089157,8.31315613562285,7.96518797523196
4030,0.2616841591403143,8.244407288712845,7.98272312957253
4031,0.34066266491312003,8.32758538578215,7.98692272086903
4032,0.2779183991207348,8.101766259846798,7.82384786072606
4033,0.33307582364644567,8.337864369373815,8.00478854572737
4034,0.4277957443737773,8.346895265068104,7.91909952069433
4035,0.300167014411195,8.34862570983057,8.04845869541937
4036,0.37339666850494085,8.307843756103816,7.93444708759888
4037,0.25359978652685716,8.159002791472595,7.90540300494574
4038,0.37688515394501404,8.355247793008042,7.97836263906303
4039,0.2794065339017487,8.277304448995027,7.99789791509328
4040,0.2867366090080034,8.305652624201672,8.01891601519367
4041,0.2617569422971411,8.328099787436363,8.06634284513922
4042,0.36005930052997215,8.21220692894073,7.85214762841076
4043,0.36163193857550746,8.285229430585016,7.92359749200951
4044,0.23459749057876525,8.244411787674803,8.00981429709604
4045,0.30032266180976497,8.288780785417913,7.98845812360815
4046,0.4030142252028538,8.364791461671743,7.96177723646889
4047,0.30174870921625835,8.324309824602176,8.02256111538592
4048,0.4323337347338996,8.367741163977001,7.9354074292431
4049,0.2516329841384911,8.299777250785727,8.04814426664724
4050,0.32904874729764094,8.306038014202858,7.97698926690522
4051,0.22080351202706872,8.226493645367556,8.00569013334049
4052,0.41419037847823864,8.432740575270795,8.01855019679256
4053,0.2645611852244902,8.253672286360644,7.98911110113615
4054,0.3880177503163098,8.330173925059219,7.94215617474291
4055,0.3739768726196494,8.347370812997136,7.97339394037749
4056,0.3619451526528011,8.379349900443083,8.01740474779028
4057,0.2960937890761369,8.330812110028793,8.03471832095266
4058,0.31703264353979355,8.294634126892863,7.97760148335307
4059,0.15804860760350514,8.199867683151027,8.04181907554752
4060,0.3308769432060945,8.282095488982398,7.9512185457763
4061,0.3456034630654539,8.278797422162759,7.9331939590973
4062,0.28839587194454425,8.351060780234537,8.06266490828999
4063,0.2641910918341825,8.28569641537287,8.02150532353869
4064,0.26773626591983035,8.166656966580938,7.89892070066111
4065,0.32930228301933046,8.243997596432886,7.91469531341355
4066,0.4233773442638471,8.357581546500926,7.93420420223708
4067,0.28694433769076816,8.291800688588832,8.00485635089806
4068,0.3780324769431741,8.267251133176034,7.88921865623286
4069,0.3008847800063034,8.36320307288283,8.06231829287653
4070,0.32737973065123616,8.266831849436672,7.93945211878544
4071,0.23866251674421426,8.151524247895274,7.91286173115106
4072,0.316113084777184,8.288436854753693,7.97232376997651
4073,0.2954293237593451,8.295221951502993,7.99979262774365
4074,0.38152099678952334,8.312356304223883,7.93083530743436
4075,0.3604440533550626,8.22714411664853,7.86670006329347
4076,0.3695357698446032,8.305689313289147,7.93615354344454
4077,0.34951145147853396,8.294942338644077,7.94543088716554
4078,0.3421828633902668,8.326358805561089,7.98417594217082
4079,0.3735128321297003,8.452332313820854,8.07881948169115
4080,0.30381360041285743,8.384214021760554,8.0804004213477
4081,0.36999830870841494,8.256667165902554,7.88666885719414
4082,0.32895025982049425,8.32145889000861,7.99250863018812
4083,0.20317129483481614,8.289738154440466,8.08656685960565
4084,0.30497206140293626,8.245854734806843,7.94088267340391
4085,0.4657718192108943,8.280017677634468,7.81424585842357
4086,0.2858018435916823,8.363816862606813,8.07801501901513
4087,0.4520954821463765,8.297902876375932,7.84580739422956
4088,0.3550337839902456,8.437983436262416,8.08294965227217
4089,0.3036911980966407,8.253081089016835,7.94938989092019
4090,0.3656596533734252,8.299262783025137,7.93360312965171
4091,0.3493203233916484,8.351693013575012,8.00237269018336
4092,0.30125170936056095,8.29411307642377,7.99286136706321
4093,0.34889501821130303,8.275424815786472,7.92652979757517
4094,0.3127450412698969,8.315178143996622,8.00243310272672
4095,0.3656756249510487,8.295772679237105,7.93009705428606
4096,0.42176405879008516,8.231653433266173,7.80988937447609
4097,0.24372727954924367,8.087856772024532,7.84412949247529
4098,0.3546313594326913,8.248983125936713,7.89435176650402
4099,0.2503839416004931,8.30704709913649,8.056663157536
4100,0.27148957605570934,8.180686270200844,7.90919669414513
4101,0.3399852318142173,8.420307019209265,8.08032178739505
4102,0.3205617110452972,8.289170676387117,7.96860896534182
4103,0.2843674533627074,8.411515145325389,8.12714769196268
4104,0.37575860977995684,8.314682221272001,7.93892361149204
4105,0.4080365260118008,8.343206673063436,7.93517014705164
4106,0.28811687753738896,8.278569156999426,7.99045227946204
4107,0.2833884041756284,8.29400278006066,8.01061437588503
4108,0.3782324551208813,8.298514459724844,7.92028200460396
4109,0.27888317978475907,8.272193297612432,7.99331011782767
4110,0.3770757086908059,8.398154217657835,8.02107850896703
4111,0.3901486662604109,8.402091765124217,8.01194309886381
4112,0.42392280045480984,8.371120853284165,7.94719805282935
4113,0.26088853103410653,8.353461922980506,8.0925733919464
4114,0.20405506162840842,8.221718031391871,8.01766296976346
4115,0.3723584166714617,8.283653761347919,7.91129534467646
4116,0.307617751972802,8.30739981210976,7.99978206013696
4117,0.4507641793543085,8.32294586558952,7.87218168623521
4118,0.2456578174711597,8.277199729040436,8.03154191156928
4119,0.24488411836355192,8.224669956385373,7.97978583802182
4120,0.4020772472043243,8.44483239381424,8.04275514660991
4121,0.29661193227538324,8.240671463583888,7.9440595313085
4122,0.36299511237874027,8.2874635254514,7.92446841307266
4123,0.3450169406118828,8.385056223833393,8.04003928322151
4124,0.3595276768914718,8.348712908163813,7.98918523127234
4125,0.28389718368652517,8.372582956762027,8.0886857730755
4126,0.28908415820399225,8.266106531504576,7.97702237330058
4127,0.43349336901798885,8.249559655375249,7.81606628635726
4128,0.2864137049048664,8.291205268213004,8.00479156330814
4129,0.31015688424433685,8.267543624336039,7.9573867400917
4130,0.3911746001905635,8.307297951346563,7.916123351156
4131,0.2774326157795341,8.304247383446878,8.02681476766734
4132,0.3142026937253761,8.229551025864644,7.91534833213927
4133,0.2943157970008701,8.210642102800103,7.91632630579923
4134,0.42713763361661583,8.417287143085566,7.99014950946895
4135,0.20590075642225597,8.290002406034208,8.08410164961195
4136,0.3853641705710048,8.348945626315057,7.96358145574405
4137,0.48375425035021485,8.405284503690215,7.92153025334
4138,0.32808556736885164,8.270977414414459,7.94289184704561
4139,0.2969019248863969,8.312010365050181,8.01510844016378
4140,0.3918923320138508,8.279872397517558,7.88798006550371
4141,0.44722230942708135,8.304603104227835,7.85738079480075
4142,0.3306653914650977,8.242104317518141,7.91143892605304
4143,0.3279533063374562,8.242328210553259,7.9143749042158
4144,0.40536602014930834,8.341644076915461,7.93627805676615
4145,0.32153457686740283,8.248919864265199,7.9273852873978
4146,0.2342683713936204,8.206267740861348,7.97199936946773
4147,0.32901999595947035,8.30899882268924,7.97997882672977
4148,0.37903829293781044,8.283410669160153,7.90437237622234
4149,0.3335920596921966,8.224024834006482,7.89043277431429
4150,0.2854817335657959,8.266966915991738,7.98148518242594
4151,0.3468949982867811,8.34067364666613,7.99377864837935
4152,0.4837658059519512,8.424098059398789,7.94033225344684
4153,0.3164727320971765,8.266278859385373,7.9498061272882
4154,0.2732322325589966,8.214446015683377,7.94121378312438
4155,0.18102123880905335,8.28373495404409,8.10271371523504
4156,0.2906534775167831,8.304740405473728,8.01408692795695
4157,0.3643116866525383,8.33007629085332,7.96576460420078
4158,0.3006442281358341,8.23517404307876,7.93452981494293
4159,0.32509524687052116,8.317669831342677,7.99257458447216
4160,0.3143483835512875,8.288034742206195,7.97368635865491
4161,0.4035941622789519,8.410973995844117,8.00737983356517
4162,0.2448828085797487,8.175210762290588,7.93032795371084
4163,0.3468684473451013,8.313575075854631,7.96670662850953
4164,0.3307008766486122,8.305656523849963,7.97495564720135
4165,0.34608032171069264,8.274297338556083,7.92821701684539
4166,0.2982743450309047,8.330208679577293,8.03193433454639
4167,0.3619994736291966,8.29494040973942,7.93294093611022
4168,0.38313118771507815,8.37690665121097,7.99377546349589
4169,0.355579077598409,8.185242223182499,7.82966314558409
4170,0.30294586176969585,8.208121168305738,7.90517530653604
4171,0.3260388365279258,8.292886865796792,7.96684802926887
4172,0.2865146519187469,8.311674457129941,8.02515980521119
4173,0.42481973031936654,8.328662500499059,7.90384277017969
4174,0.3463655265754427,8.31852828893868,7.97216276236324
4175,0.2941662581252736,8.279832973721327,7.98566671559605
4176,0.3322939748470516,8.356727012832721,8.02443303798567
4177,0.33262702458347115,8.321709421613166,7.9890823970297
4178,0.41047737900643005,8.303803208341266,7.89332582933484
4179,0.30885285103009597,8.097066968600428,7.78821411757033
4180,0.3874120515947335,8.306460343380598,7.91904829178586
4181,0.343777730615563,8.324526032763922,7.98074830214836
4182,0.3826388767395583,8.277531722080703,7.89489284534114
4183,0.3352251770373473,8.293465434766025,7.95824025772868
4184,0.3135619121395159,8.302699695030745,7.98913778289123
4185,0.35019753257739883,8.271973728853345,7.92177619627595
4186,0.37989197370750377,8.464872188594871,8.08498021488737
4187,0.4359283053296473,8.314268032351862,7.87833972702221
4188,0.14621377250404494,8.195239501273504,8.04902572876946
4189,0.4134918492679083,8.437652988267036,8.02416113899913
4190,0.3585472800951851,8.29746765824916,7.93892037815397
4191,0.3630177579552592,8.36593140983901,8.00291365188375
4192,0.3971211136129299,8.357300308005575,7.96017919439265
4193,0.35597558727338263,8.315648747460163,7.95967316018678
4194,0.4061615318450525,8.276792926310751,7.8706313944657
4195,0.3256505267899631,8.267204600999106,7.94155407420914
4196,0.3518560540153245,8.315081757354442,7.96322570333912
4197,0.21574171952605428,8.20384685694186,7.98810513741581
4198,0.3941663157027732,8.387083831989592,7.99291751628682
4199,0.2046604215929414,8.324114892156324,8.11945447056338
4200,0.3264347557288144,8.34351572844309,8.01708097271428
4201,0.24533961067014196,8.195974167312464,7.95063455664232
4202,0.38914145475381984,8.257046290352953,7.86790483559913
4203,0.24971843110607522,8.219765537443683,7.97004710633761
4204,0.3000224484056544,8.172278627160653,7.872256178755
4205,0.32130156213875394,8.30797986326191,7.98667830112316
4206,0.36457352835501666,8.316754379824852,7.95218085146984
4207,0.3161705169915316,8.270114940150101,7.95394442315857
4208,0.2842568358956982,8.219456556508378,7.93519972061268
4209,0.28081393403537236,8.233004766865978,7.95219083283061
4210,0.31855431405555606,8.319677221134699,8.00112290707914
4211,0.29967644071052235,8.33854544330998,8.03886900259946
4212,0.29822049150268504,8.36158527916943,8.06336478766675
4213,0.3080793286458733,8.30077700820936,7.99269767956349
4214,0.386800552638133,8.269206173816825,7.88240562117869
4215,0.36044118515886003,8.35118861684278,7.99074743168392
4216,0.13575204332264695,8.130248757779333,7.99449671445669
4217,0.39981372681897737,8.253602886511683,7.85378915969271
4218,0.32525134544671946,8.288071902607658,7.96282055716094
4219,0.24209704191944417,8.278568610799447,8.03647156888
4220,0.3721993896744499,8.3795259907879,8.00732660111345
4221,0.32747610823593926,8.288460257591932,7.96098414935599
4222,0.4185383049924761,8.441810811127395,8.02327250613492
4223,0.2982381521082962,8.25496236688968,7.95672421478138
4224,0.36069480791063485,8.377312841276781,8.01661803336615
4225,0.3317319783973857,8.24497820811852,7.91324622972113
4226,0.37170384814492985,8.342989995866894,7.97128614772196
4227,0.2599645930463873,8.34425373039332,8.08428913734693
4228,0.22405692265807828,8.226362349513238,8.00230542685516
4229,0.2958804748533236,8.306233291377998,8.01035281652467
4230,0.24256780580703866,8.287801684783886,8.04523387897685
4231,0.3110764788737702,8.327769897014962,8.01669341814119
4232,0.3754352441284422,8.35689099215157,7.98145574802313
4233,0.38046580798295004,8.438545218718367,8.05807941073542
4234,0.30009084263149793,8.404766685927372,8.10467584329587
4235,0.3567329124128201,8.370465180968448,8.01373226855563
4236,0.34514006476203285,8.349465197097484,8.00432513233545
4237,0.3483408683006549,8.29187606434197,7.94353519604132
4238,0.3652440327275177,8.343370367634666,7.97812633490715
4239,0.2838236836995105,8.228776115131563,7.94495243143205
4240,0.3881368197253179,8.384869450924757,7.99673263119944
4241,0.35398637369228586,8.463588058927362,8.10960168523508
4242,0.2590432367771458,8.258547142263353,7.99950390548621
4243,0.31873849983202335,8.213088363792114,7.89434986396009
4244,0.27048977968832766,8.18928460532823,7.9187948256399
4245,0.37522490330745417,8.223994992877783,7.84877008957033
4246,0.4098899035604787,8.322056744282403,7.91216684072192
4247,0.18969834718082848,8.289304903982798,8.09960655680197
4248,0.24413804475473255,8.229457007463925,7.98531896270919
4249,0.3367734079112973,8.321091836619136,7.98431842870784
4250,0.2725583322905938,8.249681298092819,7.97712296580223
4251,0.3119683909219334,8.35436397769617,8.04239558677424
4252,0.43496592653404287,8.360843482449917,7.92587755591587
4253,0.37343920306267137,8.176371810104667,7.802932607042
4254,0.4251674577788203,8.385533470097377,7.96036601231856
4255,0.3811958522370674,8.356450310947519,7.97525445871045
4256,0.2399899302055517,8.251289627234348,8.0112996970288
4257,0.3689977577518542,8.323821078488281,7.95482332073643
4258,0.3165755433148066,8.312040526198397,7.99546498288359
4259,0.2822751892100206,8.296882371055469,8.01460718184545
4260,0.25389587486040943,8.322153368281297,8.06825749342089
4261,0.20172074732017878,8.201073555016771,7.99935280769659
4262,0.38764948311839587,8.37497733607355,7.98732785295516
4263,0.24903938227603195,8.304976007762582,8.05593662548655
4264,0.2880468368454678,8.380862340342924,8.09281550349746
4265,0.30454779985312846,8.194602943933122,7.89005514407999
4266,0.3209408431829053,8.377286653895498,8.05634581071259
4267,0.32218509165693787,8.353310380595008,8.03112528893807
4268,0.34017131068078604,8.300227689913784,7.960056379233
4269,0.250674416250823,8.36408160924347,8.11340719299265
4270,0.2598570540611795,8.240316301443382,7.9804592473822
4271,0.38710119631485235,8.324883434514957,7.9377822382001
4272,0.36945744677062886,8.399021006557042,8.02956355978641
4273,0.3297336845247073,8.309607417729579,7.97987373320487
4274,0.41266638603981415,8.448420798612599,8.03575441257278
4275,0.4633033571482326,8.335824392665176,7.87252103551694
4276,0.4579064144030092,8.295532123401157,7.83762570899815
4277,0.2893760744193412,8.359646747056969,8.07027067263763
4278,0.29770963163381403,8.217824392712243,7.92011476107843
4279,0.4236517382338301,8.327236581702595,7.90358484346876
4280,0.3325070766956139,8.2846798645334,7.95217278783779
4281,0.36964195769784153,8.28521621547843,7.91557425778059
4282,0.3221316633828127,8.320237273438739,7.99810561005593
4283,0.3662097311663237,8.313522906002921,7.9473131748366
4284,0.35640379499005764,8.36648371288502,8.01007991789496
4285,0.3594498792128411,8.256085557578542,7.8966356783657
4286,0.34103573503069023,8.21225614786038,7.87122041282969
4287,0.2963058093777881,8.24803881906256,7.95173300968477
4288,0.3277772082520526,8.361874625902942,8.03409741765089
4289,0.2612875575469585,8.246268878891039,7.98498132134408
4290,0.42103140120987176,8.355127337341553,7.93409593613168
4291,0.332439287358756,8.32149550556115,7.98905621820239
4292,0.3821214059204273,8.310365498516722,7.92824409259629
4293,0.2722638744562442,8.313729082709969,8.04146520825372
4294,0.31270378215947026,8.317911219986975,8.0052074378275
4295,0.22539759962213246,8.174559910445437,7.9491623108233
4296,0.29494400215229555,8.2593059439093,7.96436194175701
4297,0.3287367293048672,8.219524209933525,7.89078748062866
4298,0.3942033962860272,8.310351794794817,7.91614839850879
4299,0.3203466138009854,8.296616087157005,7.97626947335602
4300,0.2825577043591486,8.344773048502617,8.06221534414347
4301,0.25303201874324016,8.177931156416939,7.9248991376737
4302,0.32120443428106304,8.269278387364547,7.94807395308348
4303,0.3305977209508318,8.369381361328768,8.03878364037794
4304,0.21723876646526932,8.24451544446763,8.02727667800236
4305,0.32748831103374143,8.324309114263016,7.99682080322927
4306,0.2607662541780737,8.296146787141938,8.03538053296386
4307,0.4336752534016969,8.319695098315645,7.88601984491395
4308,0.2950123216233127,8.323881236906585,8.02886891528327
4309,0.3336609631721251,8.281755825249995,7.94809486207787
4310,0.5699426970989802,8.507316905458536,7.93737420835956
4311,0.44361509639928,8.340922685845337,7.89730758944606
4312,0.3249273664483636,8.30184978327209,7.97692241682373
4313,0.3414303690705923,8.34427838012457,8.00284801105398
4314,0.40997020653727995,8.361808284137421,7.95183807760014
4315,0.3516724124382842,8.371492427247984,8.0198200148097
4316,0.3328488531774301,8.353358292109787,8.02050943893236
4317,0.43774735662302133,8.386473964768294,7.94872660814527
4318,0.36911433776470587,8.207155679463124,7.83804134169842
4319,0.3950585263633193,8.317901201423588,7.92284267506027
4320,0.2733255501510534,8.172068621719568,7.89874307156851
4321,0.24712026228253867,8.275592861751408,8.02847259946887
4322,0.32540629405507704,8.320319663580882,7.99491336952581
4323,0.2510552382889621,8.23974979420166,7.9886945559127
4324,0.34724797575725924,8.2977237331022,7.95047575734494
4325,0.3250831732246226,8.327749272825645,8.00266609960102
4326,0.324413898350785,8.272943800180364,7.94852990182958
4327,0.36541070738485987,8.329513126353529,7.96410241896867
4328,0.24851504372518476,8.258053707918904,8.00953866419372
4329,0.3329804436565553,8.257342303775372,7.92436186011882
4330,0.29302002887010387,8.28677364329032,7.99375361442022
4331,0.4141921062065537,8.3293851645302,7.91519305832365
4332,0.2692628042965327,8.288293851302464,8.01903104700593
4333,0.34775571662078697,8.325803551222766,7.97804783460198
4334,0.2782747075521087,8.199353872877504,7.92107916532539
4335,0.2703929389553472,8.21966087382912,7.94926793487377
4336,0.33826982420835394,8.244051383799208,7.90578155959085
4337,0.4119682368215677,8.37239440561534,7.96042616879377
4338,0.4330912742905601,8.346452948640486,7.91336167434993
4339,0.36019313712882467,8.297757605057123,7.9375644679283
4340,0.2652733041134269,8.235557609942516,7.97028430582909
4341,0.38220818725171873,8.25878665922185,7.87657847197013
4342,0.36751266609941985,8.267243228345086,7.89973056224567
4343,0.38589260964735367,8.36204483679698,7.97615222714963
4344,0.2369804996231581,8.262889826409515,8.02590932678636
4345,0.35189405300068766,8.38792964242021,8.03603558941952
4346,0.39328906562572963,8.346561771761426,7.9532727061357
4347,0.42660760607609016,8.394173837213888,7.9675662311378
4348,0.3224522723200651,8.378288286883098,8.05583601456303
4349,0.357825852716618,8.291521806921438,7.93369595420482
4350,0.31341016641428365,8.254113925923185,7.9407037595089
4351,0.32553251477355594,8.178028473797747,7.85249595902419
4352,0.29602635565222624,8.2918463619254,7.99582000627317
4353,0.3928489550894787,8.299073357253944,7.90622440216447
4354,0.31036762196441725,8.279713543326293,7.96934592136188
4355,0.29574390199846484,8.2992336905176,8.00348978851913
4356,0.3338362685187163,8.291192554919327,7.95735628640061
4357,0.3637002032874729,8.272785461444508,7.90908525815704
4358,0.3613331414585081,8.31943607683198,7.95810293537347
4359,0.3812239320375299,8.288725499721592,7.90750156768406
4360,0.2515634858178879,8.329765520495464,8.07820203467758
4361,0.3158623406381464,8.282621740007468,7.96675939936932
4362,0.2937505663855528,8.220488008330628,7.92673744194508
4363,0.39504046560459233,8.368786894063128,7.97374642845854
4364,0.2744984693916465,8.31979659210852,8.04529812271687
4365,0.3067704331408967,8.284100263519319,7.97732983037842
4366,0.39425439720200545,8.315778484311533,7.92152408710953
4367,0.18096109885610184,8.205225625749168,8.02426452689307
4368,0.33568350667215624,8.24559361884327,7.90991011217111
4369,0.27271043142134666,8.197352660396199,7.92464222897485
4370,0.37119212580677896,8.268032210982907,7.89684008517613
4371,0.2922222682841881,8.195972604139934,7.90375033585575
4372,0.4606304918260265,8.352539193315762,7.89190870148974
4373,0.35802515991493045,8.331691344330325,7.97366618441539
4374,0.3633220014407102,8.326143626803946,7.96282162536324
4375,0.37428982035162184,8.465025550297034,8.09073572994541
4376,0.4266208880562568,8.377522109385854,7.9509012213296
4377,0.36572323895574954,8.387965570349827,8.02224233139408
4378,0.25281992929950653,8.293183461984562,8.04036353268505
4379,0.32923896351716075,8.281489359327276,7.95225039581012
4380,0.39311333102918394,8.258113956408552,7.86500062537937
4381,0.36015753200240186,8.294795492256217,7.93463796025381
4382,0.350077831601732,8.369516980724738,8.01943914912301
4383,0.3375789365757885,8.31378833740387,7.97620940082808
4384,0.3040409287834998,8.254750081301006,7.95070915251751
4385,0.27336568110075526,8.243128929561648,7.96976324846089
4386,0.32839502146424593,8.310104250571294,7.98170922910705
4387,0.4199973538193278,8.360457834967375,7.94046048114805
4388,0.4261965133654615,8.333299516170783,7.90710300280532
4389,0.2866257810239846,8.269977467640786,7.9833516866168
4390,0.34341872626730857,8.288091491682561,7.94467276541525
4391,0.2891852264833765,8.381564765780798,8.09237953929742
4392,0.40656995363200527,8.429610919986688,8.02304096635468
4393,0.31804175126379136,8.331865696547462,8.01382394528367
4394,0.3155182791368471,8.267872195547907,7.95235391641106
4395,0.3790870995445375,8.257310436071757,7.87822333652722
4396,0.3841755825837915,8.327123806540918,7.94294822395713
4397,0.434880405937323,8.32767175753039,7.89279135159307
4398,0.35774450008234043,8.339329872451604,7.98158537236926
4399,0.261742695476358,8.231375697365243,7.96963300188888
4400,0.38443415490312716,8.363063602001544,7.97862944709842
4401,0.3510356858396146,8.295260172347389,7.94422448650777
4402,0.2569675005761342,8.308475862827663,8.05150836225153
4403,0.3462882788867081,8.212887191254357,7.86659891236765
4404,0.2104595698624223,8.239073899947343,8.02861433008492
4405,0.264832615563654,8.262067455094575,7.99723483953092
4406,0.2702384394939259,8.168596041266696,7.89835760177277
4407,0.33956055522572093,8.279007139279843,7.93944658405412
4408,0.24181589532116765,8.26653401804423,8.02471812272306
4409,0.2989397313403827,8.152883850650237,7.85394411930985
4410,0.32719296946942467,8.29641445138609,7.96922148191666
4411,0.40735969676361306,8.26628059432034,7.85892089755673
4412,0.2990481712274601,8.272257686406801,7.97320951517934
4413,0.4386877512987193,8.452113245189123,8.0134254938904
4414,0.36503321890602514,8.348387909757731,7.98335469085171
4415,0.3732008621726122,8.362689652195542,7.98948879002293
4416,0.3045436577501286,8.322054505923857,8.01751084817373
4417,0.41269010343837037,8.372855426630467,7.9601653231921
4418,0.32073096469654394,8.32316763629634,8.0024366715998
4419,0.3331511424276902,8.299419065412723,7.96626792298503
4420,0.33362099191316996,8.305497793143406,7.97187680123024
4421,0.377684250483189,8.324916516006045,7.94723226552286
4422,0.32065281793878014,8.219910383867004,7.89925756592822
4423,0.3983626101840992,8.387267840406809,7.98890523022271
4424,0.3048959081817668,8.293315239425828,7.98841933124406
4425,0.368461234257059,8.39335004471462,8.02488881045756
4426,0.4124085416783678,8.40283147462613,7.99042293294776
4427,0.3505504891742744,8.184037812116635,7.83348732294236
4428,0.388510179120857,8.355883842191398,7.96737366307054
4429,0.3055342425664725,8.394785044234242,8.08925080166777
4430,0.30325265403312845,8.257123557089328,7.9538709030562
4431,0.33721489252266057,8.268526959983046,7.93131206746038
4432,0.34142897866473687,8.421054638038132,8.0796256593734
4433,0.2779551993103166,8.325562219628152,8.04760702031784
4434,0.23145426887231849,8.244597222687858,8.01314295381554
4435,0.26883012376724597,8.229690662700476,7.96086053893323
4436,0.24774362614408366,8.267747221157673,8.02000359501359
4437,0.32156976160901335,8.242640106705622,7.92107034509661
4438,0.4403361900359899,8.43485217880304,7.99451598876705
4439,0.3542688530831017,8.24148164632999,7.88721279324689
4440,0.3724995169348744,8.430525401316196,8.05802588438132
4441,0.3954086782856433,8.291269647743631,7.89586096945799
4442,0.3198010987164825,8.317404628786859,7.99760353007038
4443,0.32009700828896975,8.396757508667827,8.07666050037886
4444,0.33549488192383836,8.300079257832016,7.96458437590818
4445,0.25893047934660507,8.206362322075554,7.94743184272895
4446,0.3430841722683802,8.14953454246759,7.80645037019921
4447,0.33570459093166244,8.318321569778076,7.98261697884641
4448,0.3683877288213912,8.239046515995543,7.87065878717415
4449,0.4248845537453358,8.341385287574072,7.91650073382874
4450,0.38489775615622135,8.391298005605034,8.00640024944881
4451,0.36241265171325604,8.25222432165931,7.88981166994605
4452,0.3117260321621915,8.261091350749467,7.94936531858728
4453,0.3250869081699947,8.321602378933344,7.99651547076335
4454,0.25201741792820126,8.285038580696662,8.03302116276846
4455,0.28119722187570767,8.342324518273525,8.06112729639782
4456,0.4140405685859458,8.232324835094188,7.81828426650824
4457,0.3223656214699068,8.233101162675235,7.91073554120533
4458,0.35625546066496666,8.371040987912302,8.01478552724734
4459,0.3847187974827785,8.354728300785965,7.97000950330319
4460,0.33837092025738047,8.33460035254208,7.9962294322847
4461,0.26808051600861516,8.350609305084053,8.08252878907544
4462,0.23834725780787386,8.312553057843155,8.07420580003528
4463,0.13420927853225204,8.234272133053494,8.10006285452124
4464,0.3048125434098234,8.256977990297766,7.95216544688794
4465,0.35334477848364343,8.254885951349587,7.90154117286594
4466,0.381560777935901,8.233970437573081,7.85240965963718
4467,0.2687697963620479,8.250680766755108,7.98191097039306
4468,0.4037814977850293,8.262156778093225,7.85837528030819
4469,0.3740850608136703,8.374437839711609,8.00035277889794
4470,0.29196560333187105,8.338196665697563,8.04623106236569
4471,0.3654458776905496,8.250079016606676,7.88463313891613
4472,0.27363867677915493,8.285563518907006,8.01192484212785
4473,0.21372170545692284,8.261054568459569,8.04733286300265
4474,0.3708670957885371,8.276355180760838,7.9054880849723
4475,0.44252968779117036,8.470028633974342,8.02749894618317
4476,0.28014511086592486,8.250935497252316,7.97079038638639
4477,0.28682683693613203,8.347171631529672,8.06034479459354
4478,0.30063381743700546,8.342523533141186,8.04188971570418
4479,0.2576674450278037,8.354301134328924,8.09663368930112
4480,0.3070321857544104,8.27683860772831,7.9698064219739
4481,0.36128234377467827,8.279530065476441,7.91824772170176
4482,0.3450089272568425,8.43117052942102,8.08616160216418
4483,0.34832370531944234,8.33644059741409,7.98811689209465
4484,0.29453587641889606,8.159202135277505,7.86466625885861
4485,0.3478910839591455,8.297895752733675,7.95000466877453
4486,0.3142092827420294,8.148172536643855,7.83396325390183
4487,0.3402864375429891,8.408449912094621,8.06816347455163
4488,0.2989586316436867,8.223015836578243,7.92405720493456
4489,0.3152873443753801,8.346332911012018,8.03104556663664
4490,0.2995538055657911,8.2705181925771,7.97096438701131
4491,0.227871030037889,8.16837736328812,7.94050633325023
4492,0.35977964431119697,8.389604522519356,8.02982487820816
4493,0.4348320454230386,8.279101434548945,7.84426938912591
4494,0.27657978472312666,8.239833735096111,7.96325395037298
4495,0.37926213292093813,8.374101064308618,7.99483893138768
4496,0.35523824114188574,8.378235739152487,8.0229974980106
4497,0.408623051235638,8.38068615182439,7.97206310058875
4498,0.47169256904650186,8.386473190174081,7.91478062112758
4499,0.2611232188892202,8.210604530855587,7.94948131196637
4500,0.3725309095875361,8.269919403234903,7.89738849364737
4501,0.2948206621204404,8.216159204144498,7.92133854202406
4502,0.3105741919885557,8.314391952983396,8.00381776099484
4503,0.37045898078701717,8.237872649867173,7.86741366908016
4504,0.41429935856646244,8.41815023717556,8.0038508786091
4505,0.34813065215163963,8.279063053483236,7.9309324013316
4506,0.34660321531404414,8.208968961088543,7.8623657457745
4507,0.40744861714671027,8.31505215746169,7.90760354031498
4508,0.3131841309966918,8.247204215442936,7.93402008444624
4509,0.4749270307955269,8.43760563007722,7.96267859928169
4510,0.3459248273153428,8.338885732866922,7.99296090555158
4511,0.30522768582107085,8.213090875115526,7.90786318929446
4512,0.3341322664054375,8.361733316304521,8.02760104989908
4513,0.3408939100992372,8.253975296855488,7.91308138675625
4514,0.34127640181651403,8.3877227408297,8.04644633901319
4515,0.4251119682326598,8.453336523212451,8.02822455497979
4516,0.37554158610645616,8.301360974783748,7.92581938867729
4517,0.2448691646571603,8.29271872330517,8.04784955864801
4518,0.3684414207687041,8.358023389325409,7.9895819685567
4519,0.2947303597611685,8.289585986127552,7.99485562636638
4520,0.22804529632519394,8.217630098640894,7.9895848023157
4521,0.28057406099437016,8.313896121964246,8.03332206096988
4522,0.31171935991701416,8.370292202599503,8.05857284268249
4523,0.406427566488122,8.37874181016323,7.97231424367511
4524,0.41808499758923917,8.32448766199112,7.90640266440188
4525,0.28872469222215325,8.267770390490877,7.97904569826872
4526,0.4521600474282944,8.37250389219896,7.92034384477067
4527,0.2343914136734218,8.26739391543713,8.03300250176371
4528,0.38751263595487434,8.392669362726437,8.00515672677156
4529,0.2837791104109608,8.288619711282326,8.00484060087136
4530,0.24045846427879303,8.20687652829396,7.96641806401517
4531,0.33224704523822196,8.27253187836391,7.94028483312569
4532,0.2320314559652281,8.283401464987266,8.05137000902204
4533,0.38255788606428937,8.263636110760018,7.88107822469573
4534,0.40590164798057343,8.336205142659928,7.93030349467935
4535,0.2328761550954788,8.248574625486288,8.01569847039081
4536,0.32808035734290447,8.222660923830615,7.89458056648771
4537,0.3312804329930724,8.31045892369047,7.9791784906974
4538,0.41327309917578653,8.417439703391961,8.00416660421618
4539,0.27171174015413013,8.259827906551699,7.98811616639757
4540,0.41708416905037676,8.361343107680232,7.94425893862986
4541,0.23250638217301287,8.222382526003631,7.98987614383062
4542,0.28005101739129706,8.295966048696101,8.0159150313048
4543,0.27974889219264626,8.249148428322883,7.96939953613024
4544,0.35781797885032923,8.275658930865625,7.9178409520153
4545,0.2512024741655188,8.307196556896619,8.0559940827311
4546,0.3858712011802859,8.328647397910077,7.94277619672979
4547,0.30723867877770794,8.330431271567111,8.0231925927894
4548,0.347538800042999,8.331177335599314,7.98363853555631
4549,0.3393524662965389,8.314738857104091,7.97538639080755
4550,0.33428079845051084,8.353986318525035,8.01970552007452
4551,0.24466929542288415,8.236586400113914,7.99191710469103
4552,0.33275936450159965,8.304130488885264,7.97137112438366
4553,0.3881267093498815,8.246058377045133,7.85793166769525
4554,0.14908170282275657,8.217367106671002,8.06828540384824
4555,0.32789327874683943,8.305292251908533,7.97739897316169
4556,0.38168299845260323,8.381774531172237,8.00009153271963
4557,0.2306499150601368,8.22805182209384,7.9974019070337
4558,0.3746342425134101,8.321055351009496,7.94642110849609
4559,0.3738777337288451,8.524196623026944,8.1503188892981
4560,0.34172764222158414,8.32779614688306,7.98606850466148
4561,0.3238716334818051,8.293450432307159,7.96957879882535
4562,0.37340322714043495,8.328640898526285,7.95523767138585
4563,0.3031402310047404,8.202829438362828,7.89968920735809
4564,0.36442674760812765,8.332170486654672,7.96774373904654
4565,0.3046218107957845,8.279300314193765,7.97467850339798
4566,0.40184472220200623,8.26206280176873,7.86021807956672
4567,0.3644691339650896,8.336287058936172,7.97181792497108
4568,0.33312417650427556,8.303053760876955,7.96992958437268
4569,0.3571813301491073,8.302574601302078,7.94539327115297
4570,0.2238055626570136,8.264758277281937,8.04095271462492
4571,0.27570323037284483,8.332213539136449,8.0565103087636
4572,0.2882571333013878,8.29940711433793,8.01114998103654
4573,0.2604214415760349,8.249579341292263,7.98915789971623
4574,0.35117794778865535,8.353070424032918,8.00189247624426
4575,0.293585444118973,8.3237963758011,8.03021093168213
4576,0.42243956184688014,8.394074252922547,7.97163469107567
4577,0.3385334098654717,8.261338587176816,7.92280517731134
4578,0.37177187036879694,8.257288367929883,7.88551649756109
4579,0.3399624765664965,8.26529758191235,7.92533510534585
4580,0.29801688299860124,8.229259944023546,7.93124306102495
4581,0.35709768985270257,8.255770683123812,7.89867299327111
4582,0.405156364925469,8.386810181854829,7.98165381692936
4583,0.43488225777673417,8.333837052589706,7.89895479481297
4584,0.3104445424340866,8.170668081768675,7.86022353933459
4585,0.30602177907735517,8.293289507103287,7.98726772802593
4586,0.3317231803072519,8.344239485317726,8.01251630501047
4587,0.31927255034143526,8.313497497773978,7.99422494743254
4588,0.3653519961021642,8.3513151666671,7.98596317056494
4589,0.3475530904826438,8.37280679203733,8.02525370155469
4590,0.3272943913726741,8.40934231382175,8.08204792244907
4591,0.3932982924792158,8.321282196386996,7.92798390390778
4592,0.318571741445673,8.367032419741712,8.04846067829604
4593,0.38787812154270895,8.32865235929979,7.94077423775708
4594,0.3466096725211732,8.352799511824415,8.00618983930324
4595,0.29062671375594057,8.322447818984404,8.03182110522846
4596,0.3362178924057731,8.383831664019393,8.04761377161362
4597,0.4088087989403093,8.355994212382692,7.94718541344238
4598,0.43491932464541444,8.329796462470014,7.8948771378246
4599,0.36605026109244776,8.385049364330412,8.01899910323796
4600,0.2924790766824066,8.207907268641371,7.91542819195896
4601,0.4473404762103488,8.383648346061358,7.93630786985101
4602,0.3465086381019902,8.306140953352136,7.95963231525015
4603,0.4145226664059202,8.234178794463844,7.81965612805792
4604,0.3321577317886754,8.343274204810918,8.01111647302224
4605,0.36238468155891723,8.351630706630262,7.98924602507134
4606,0.310304159315107,8.386673472032264,8.07636931271716
4607,0.41149891443843367,8.337100595090186,7.92560168065175
4608,0.30500902365763743,8.337266917333887,8.03225789367625
4609,0.3318199921579204,8.245698590962936,7.91387859880502
4610,0.367676654855518,8.357353165272572,7.98967651041705
4611,0.2719653744232938,8.333853544318771,8.06188816989548
4612,0.35912026298679195,8.249165056519752,7.89004479353296
4613,0.3926176670444436,8.273799383939572,7.88118171689513
4614,0.3223829754737719,8.391620870022901,8.06923789454913
4615,0.4203329913754516,8.322883320969982,7.90255032959453
4616,0.37705805497746925,8.1803074694905,7.80324941451303
4617,0.33716459754150346,8.282417580289179,7.94525298274768
4618,0.27766625240976184,8.27147708083115,7.99381082842139
4619,0.41543567482370886,8.414154098204795,7.99871842338109
4620,0.23623302461265266,8.24930218384618,8.01306915923353
4621,0.35895391343323696,8.24842727743972,7.88947336400648
4622,0.3830775413114934,8.295943789667804,7.91286624835631
4623,0.36563810581990447,8.272537365238241,7.90689925941834
4624,0.29296623598345756,8.360694397438401,8.06772816145494
4625,0.2811754211012271,8.270445869792965,7.98927044869174
4626,0.33946613489151195,8.244269839298001,7.90480370440649
4627,0.3151006490270133,8.331564690845356,8.01646404181834
4628,0.2516449410812002,8.209905999351639,7.95826105827044
4629,0.2709256061228819,8.17551730477486,7.90459169865198
4630,0.4280539468696882,8.336381370234426,7.90832742336474
4631,0.4340159613372063,8.304629716971519,7.87061375563431
4632,0.3770120332372716,8.344317339700991,7.96730530646372
4633,0.3670434717876066,8.330571860538615,7.96352838875101
4634,0.34879036806596264,8.276970691603351,7.92818032353739
4635,0.2940792475924655,8.134613954456603,7.84053470686414
4636,0.3302491844970785,8.38791484366994,8.05766565917286
4637,0.43610779811721484,8.427554141260636,7.99144634314342
4638,0.32599528969583647,8.289203516197704,7.96320822650187
4639,0.35258036562614214,8.299817441497892,7.94723707587175
4640,0.3677979869389967,8.227762768069425,7.85996478113043
4641,0.3858885766684819,8.24333415025621,7.85744557358773
4642,0.3187478083844402,8.310724234733309,7.99197642634887
4643,0.2906532296853884,8.297618423909821,8.00696519422443
4644,0.4826382229182404,8.485963197627955,8.00332497470971
4645,0.32798815145008964,8.305828560416296,7.97784040896621
4646,0.31335585284056583,8.27348654593992,7.96013069309935
4647,0.2706963667410837,8.303720000933748,8.03302363419266
4648,0.2311996801343915,8.257939991737182,8.02674031160279
4649,0.3306507541169213,8.295221845178059,7.96457109106114
4650,0.29393815658351063,8.358364023778455,8.06442586719494
4651,0.3074537264794294,8.28082192791524,7.97336820143581
4652,0.2992780398849854,8.307361651810009,8.00808361192502
4653,0.2932928985203975,8.349923267485751,8.05663036896535
4654,0.2825353663658928,8.337806385022825,8.05527101865693
4655,0.27552303694109437,8.315162634250697,8.0396395973096
4656,0.3499375417165111,8.404423574906541,8.05448603319003
4657,0.2816919635338251,8.226755403199583,7.94506343966576
4658,0.3969782581796227,8.392577291696036,7.99559903351641
4659,0.38503074443251784,8.290201192594115,7.9051704481616
4660,0.3989177498267853,8.28681014448071,7.88789239465392
4661,0.30262863795955963,8.328075290666428,8.02544665270687
4662,0.4295043546241161,8.358755803076908,7.92925144845279
4663,0.35141662537156626,8.294844372874241,7.94342774750267
4664,0.1899888780538051,8.186149108945488,7.99616023089168
4665,0.292881254106706,8.261781427028529,7.96890017292182
4666,0.2623297608610291,8.266776176396256,8.00444641553523
4667,0.31525135288674383,8.307495683412116,7.99224433052537
4668,0.23375980639100452,8.284632154891389,8.05087234850038
4669,0.3459169042891345,8.342067377422781,7.99615047313365
4670,0.3141712808436633,8.272484174880486,7.95831289403682
4671,0.407570144362588,8.441845514314727,8.03427536995214
4672,0.3574431648670852,8.368671037889012,8.01122787302193
4673,0.36975152487881124,8.380759869615668,8.01100834473686
4674,0.3162323360167117,8.29432283074827,7.97809049473156
4675,0.3579798663920324,8.311848172443767,7.95386830605174
4676,0.39262533919683995,8.30492552938941,7.91230019019257
4677,0.29294293020962114,8.311736140869984,8.01879321066036
4678,0.3665199698811458,8.378243074216707,8.01172310433556
4679,0.3412644979805803,8.271559089516265,7.93029459153568
4680,0.294957767108277,8.253107117870151,7.95814935076187
4681,0.36812221651318283,8.328458703285733,7.96033648677255
4682,0.2772812685235488,8.283595285326818,8.00631401680327
4683,0.32711052220084424,8.307702059652186,7.98059153745134
4684,0.40705052374218637,8.334891383080608,7.92784085933842
4685,0.37478884215823793,8.24915717828514,7.8743683361269
4686,0.3033393122537682,8.276291064954927,7.97295175270116
4687,0.25403939481502913,8.308232843204118,8.05419344838909
4688,0.23747238780307797,8.282816968963889,8.04534458116081
4689,0.25715487880387594,8.322593105400607,8.06543822659673
4690,0.3186522907046643,8.215825581762095,7.89717329105743
4691,0.3278694630725579,8.339498231721146,8.01162876864859
4692,0.40714046871001536,8.349004062294181,7.94186359358417
4693,0.30915720320813506,8.233633881148238,7.9244766779401
4694,0.353131892707631,8.327207418462129,7.9740755257545
4695,0.2871294063424158,8.186266107396017,7.8991367010536
4696,0.4081639117965816,8.294483840287132,7.88631992849055
4697,0.3088403246706583,8.28383599053295,7.97499566586229
4698,0.3681347242976495,8.37235404109091,8.00421931679326
4699,0.30359558525658187,8.271851701691343,7.96825611643476
4700,0.38254117344117594,8.28466543961231,7.90212426617113
4701,0.43686666902930255,8.316286270083566,7.87941960105426
4702,0.38652099117897426,8.242405305848415,7.85588431466944
4703,0.3206829909697485,8.327245158410722,8.00656216744097
4704,0.3965651525312,8.30992908259719,7.91336393006599
4705,0.35259092750939114,8.304865016826767,7.95227408931738
4706,0.3158217971014059,8.237623678698913,7.92180188159751
4707,0.4081940848238208,8.335905163063936,7.92771107824012
4708,0.5089305152850253,8.326051308980446,7.81712079369542
4709,0.3017631258865147,8.284105834669235,7.98234270878272
4710,0.30136993563892234,8.27719248361997,7.97582254798105
4711,0.39720493545694985,8.320595904393443,7.92339096893649
4712,0.33785813543393284,8.342147658319773,8.00428952288584
4713,0.32632618479381553,8.279585506375613,7.9532593215818
4714,0.26247060258873106,8.155448386974905,7.89297778438617
4715,0.2378668991088941,8.200450262434792,7.9625833633259
4716,0.34808084708562115,8.251064226065909,7.90298337898029
4717,0.3299424625824042,8.27726532773944,7.94732286515704
4718,0.35537566362453066,8.332558395188052,7.97718273156352
4719,0.3679483088813752,8.311024768333523,7.94307645945215
4720,0.3526017180036968,8.29407047802713,7.94146876002343
4721,0.31057095723697387,8.350524029374862,8.03995307213789
4722,0.419590913840829,8.38163178479541,7.96204087095458
4723,0.3654489076627943,8.348253669319167,7.98280476165637
4724,0.28769828788277285,8.19946639753632,7.91176810965355
4725,0.2648597114405088,8.165818523608182,7.90095881216767
4726,0.33421058618319865,8.30887320127654,7.97466261509334
4727,0.32723551029513054,8.34924358931663,8.0220080790215
4728,0.40034668114716754,8.317815834114556,7.91746915296739
4729,0.28983187463082116,8.41292356362378,8.12309168899296
4730,0.3072006311580395,8.25554384323341,7.94834321207537
4731,0.3071181175721202,8.368648059278945,8.06152994170682
4732,0.4073824067895284,8.410985930319931,8.0036035235304
4733,0.34679478634614175,8.319408601751277,7.97261381540514
4734,0.2777848717596223,8.334798853116565,8.05701398135694
4735,0.3176095845770441,8.246716678178188,7.92910709360114
4736,0.32689739979854365,8.34031686509935,8.01341946530081
4737,0.3036576648413948,8.16025974012649,7.8566020752851
4738,0.19904062711505047,8.27187152860427,8.07283090148922
4739,0.32737988352312775,8.202810214538898,7.87543033101577
4740,0.3849982285669923,8.39374358954709,8.0087453609801
4741,0.3639260185458375,8.25920184731558,7.89527582876974
4742,0.29566351681658226,8.245071815961547,7.94940829914496
4743,0.18775819545484979,8.194819500280554,8.0070613048257
4744,0.3106438330324745,8.284834369907472,7.974190536875
4745,0.33369440856285615,8.272695981313927,7.93900157275107
4746,0.26001823996192347,8.370984095477665,8.11096585551574
4747,0.3323199953946638,8.239724016127456,7.90740402073279
4748,0.3344902065796609,8.352243784329419,8.01775357774976
4749,0.28174092032193987,8.280151151340666,7.99841023101873
4750,0.44440720163386366,8.404806518087124,7.96039931645326
4751,0.32545229169572026,8.288610853714449,7.96315856201873
4752,0.39278330359544894,8.319928760832966,7.92714545723752
4753,0.253474108185195,8.28378831326214,8.03031420507694
4754,0.261528146874194,8.246442704522162,7.98491455764797
4755,0.222913575815207,8.174655526633883,7.95174195081868
4756,0.21626155063150757,8.387918026284588,8.17165647565308
4757,0.3085808365834645,8.236584037309164,7.9280032007257
4758,0.3521244296305606,8.322276897149589,7.97015246751903
4759,0.33000791078903163,8.286645662594708,7.95663775180568
4760,0.3386786493970247,8.242706347626434,7.90402769822941
4761,0.41968927785882165,8.40405007355019,7.98436079569137
4762,0.38445203246738413,8.358494642265553,7.97404260979817
4763,0.38830351385385153,8.271970390037175,7.88366687618332
4764,0.3363356260584861,8.267136493146412,7.93080086708793
4765,0.35869556090008137,8.287701181076645,7.92900562017656
4766,0.3319006771499049,8.281132406875857,7.94923172972595
4767,0.37745692404857123,8.285547901892098,7.90809097784353
4768,0.23048055618232485,8.256463463205199,8.02598290702287
4769,0.2389623405557996,8.20899423395401,7.97003189339821
4770,0.43035645384318866,8.249642259394713,7.81928580555152
4771,0.30229059710045825,8.278949899639903,7.97665930253944
4772,0.3254598918727385,8.244167428697608,7.91870753682487
4773,0.3787074262911461,8.363255616430237,7.98454819013909
4774,0.2625039503489576,8.23133741498569,7.96883346463673
4775,0.2808201398180933,8.309033792621056,8.02821365280296
4776,0.25451700319212733,8.359293801973568,8.10477679878144
4777,0.39042938896190815,8.373013729680276,7.98258434071837
4778,0.20975578204155326,8.090977814120391,7.88122203207884
4779,0.4802321018092319,8.309427363360411,7.82919526155118
4780,0.4050095021861523,8.351205963539295,7.94619646135314
4781,0.21941975915307263,8.29518955965442,8.07576980050135
4782,0.3881859756648644,8.30533698092019,7.91715100525533
4783,0.29799691508363135,8.274366632075848,7.97636971699222
4784,0.3300148934721361,8.255310547632316,7.92529565416018
4785,0.21421253080527763,8.285573395417632,8.07136086461236
4786,0.4053593842582941,8.404909549915159,7.99955016565686
4787,0.2573997080912297,8.220629324824184,7.96322961673295
4788,0.44359857069359276,8.33584736365594,7.89224879296235
4789,0.30887088824140696,8.23306403465473,7.92419314641332
4790,0.34844046795125383,8.264230858213821,7.91579039026257
4791,0.3282359676962484,8.35305093791216,8.02481497021591
4792,0.395981687979974,8.390961954333127,7.99498026635315
4793,0.42064972158618064,8.456842837934243,8.03619311634806
4794,0.38331595258713286,8.277586041546401,7.89427008895927
4795,0.3171829908493154,8.260836582813097,7.94365359196378
4796,0.28030858016030635,8.322799350830266,8.04249077066996
4797,0.34024779896757995,8.204261869134479,7.8640140701669
4798,0.3678984464413021,8.293153222552414,7.92525477611111
4799,0.34202356832851727,8.342894522337819,8.0008709540093
4800,0.26473405445714493,8.362927251007653,8.09819319655051
4801,0.2903260892211465,8.243756010704056,7.95342992148291
4802,0.4295464098305968,8.351563859013451,7.92201744918285
4803,0.22477479701075265,8.252875038082383,8.02810024107163
4804,0.31318392789674443,8.301947491795167,7.98876356389842
4805,0.28349445506920684,8.283545617929654,8.00005116286045
4806,0.33247704510411624,8.244079395445452,7.91160235034134
4807,0.26697748985503317,8.196398081240238,7.92942059138521
4808,0.32831487622842365,8.261025799833394,7.93271092360497
4809,0.3857292976930024,8.315421908862044,7.92969261116904
4810,0.27946454568313456,8.211888459965037,7.9324239142819
4811,0.33092321176660394,8.236657950060698,7.90573473829409
4812,0.24944546144609298,8.352915720134673,8.10347025868858
4813,0.34783601437505307,8.335750910351553,7.9879148959765
4814,0.20317446151366422,8.166151208778217,7.96297674726455
4815,0.36101102117692746,8.365610524391839,8.00459950321491
4816,0.20671541244260191,8.241055304272848,8.03433989183025
4817,0.2835071596967708,8.29226735270522,8.00876019300845
4818,0.34789508296299226,8.33223426007625,7.98433917711326
4819,0.3455072672742471,8.275455244020092,7.92994797674585
4820,0.40347361011681415,8.350466364892945,7.94699275477613
4821,0.15783849502588237,8.261041339673337,8.10320284464746
4822,0.3588399383665339,8.407062752535838,8.0482228141693
4823,0.41245939339803617,8.341877400017658,7.92941800661962
4824,0.38654037718840606,8.424255864541657,8.03771548735325
4825,0.38072231306064913,8.271014095976904,7.89029178291625
4826,0.3633416112977849,8.259241455835474,7.89589984453769
4827,0.22856477326868707,8.20372687370763,7.97516210043894
4828,0.3904414925597679,8.457680650050424,8.06723915749066
4829,0.30666903741083035,8.283551851458514,7.97688281404768
4830,0.38197607154485774,8.30486394938997,7.92288787784511
4831,0.4195712446489769,8.383527477067545,7.96395623241857
4832,0.37878003801150995,8.333727735287722,7.95494769727621
4833,0.2598691837415925,8.205713454253189,7.9458442705116
4834,0.23281987609091834,8.276354691943052,8.04353481585213
4835,0.3441329441143909,8.2615951508079,7.91746220669351
4836,0.4756976034036576,8.357812626542067,7.88211502313841
4837,0.24739622877472767,8.226294084583914,7.97889785580919
4838,0.21497592993590595,8.237695624068474,8.02271969413257
4839,0.34329987242413024,8.304280528993356,7.96098065656923
4840,0.3023542947004881,8.284833314490454,7.98247901978997
4841,0.24939429812267075,8.233972663826357,7.98457836570369
4842,0.33093669532441955,8.260388011669514,7.92945131634509
4843,0.34941662899604053,8.292488852528262,7.94307222353222
4844,0.2990999157788572,8.29257078381693,7.99347086803807
4845,0.22936258188445027,8.3262633664883,8.09690078460385
4846,0.2936545220078585,8.194626303098863,7.900971781091
4847,0.36159064791633233,8.189126508155237,7.8275358602389
4848,0.31333027290978455,8.270264594062109,7.95693432115232
4849,0.28506248605137186,8.242037039028164,7.95697455297679
4850,0.32598760114659586,8.352258191525584,8.02627059037899
4851,0.31285575554402295,8.419671191925824,8.1068154363818
4852,0.4518114030725029,8.413287910563996,7.96147650749149
4853,0.3638863696041263,8.201515984485908,7.83762961488178
4854,0.2971866845109588,8.184419717275524,7.88723303276457
4855,0.34388280200386656,8.282148031667731,7.93826522966386
4856,0.24737939515440668,8.241813475424161,7.99443408026975
4857,0.3747507895316495,8.385731393021045,8.0109806034894
4858,0.2672384131124418,8.23961803054297,7.97237961743053
4859,0.5155794159483512,8.339739150744403,7.82415973479605
4860,0.32831283136827266,8.268091240271174,7.9397784089029
4861,0.30864586274891126,8.246375726117098,7.93772986336819
4862,0.3924641396429992,8.323782237272479,7.93131809762948
4863,0.3924723896849515,8.443153812481198,8.05068142279625
4864,0.3908313647115019,8.30114326524197,7.91031190053047
4865,0.38242138928557884,8.392906327594487,8.01048493830891
4866,0.30099498833393384,8.268575701335628,7.96758071300169
4867,0.356827108158541,8.397621829012499,8.04079472085396
4868,0.30818372750823636,8.220041410474364,7.91185768296613
4869,0.31661760042336895,8.27075104403148,7.95413344360811
4870,0.306531449007731,8.257414284734526,7.9508828357268
4871,0.31168949215410957,8.316208661905836,8.00451916975173
4872,0.2654027264011407,8.22969187348643,7.96428914708529
4873,0.41242455481659696,8.28609235162718,7.87366779681058
4874,0.26588653584858674,8.231073829223568,7.96518729337498
4875,0.3319251286546669,8.293095414544311,7.96117028588964
4876,0.3897001256094262,8.271290222527133,7.88159009691771
4877,0.13737776612206828,8.143014129336917,8.00563636321485
4878,0.3072751659241775,8.276349083341419,7.96907391741724
4879,0.4324778496993232,8.431855111319857,7.99937726162053
4880,0.31370992941012255,8.20766471550491,7.89395478609479
4881,0.3795693388651934,8.286719203402908,7.90714986453771
4882,0.40120844915526815,8.360096685897634,7.95888823674237
4883,0.3133450273140701,8.35257629818709,8.03923127087302
4884,0.3567398834398706,8.380219342059673,8.0234794586198
4885,0.3580719265264164,8.259310137021599,7.90123821049518
4886,0.2261421692159704,8.253376201758881,8.02723403254291
4887,0.2931989192772903,8.250726542791686,7.9575276235144
4888,0.35630717960664154,8.242522902719795,7.88621572311315
4889,0.3443826170330933,8.40974913157773,8.06536651454464
4890,0.34005952694698155,8.291942045416027,7.95188251846905
4891,0.31657496598553986,8.383621060399783,8.06704609441424
4892,0.2964631593660493,8.329308837043868,8.03284567767782
4893,0.3381774040768135,8.293351081624035,7.95517367754722
4894,0.41993739200486996,8.357572365006938,7.93763497300207
4895,0.2929608699933446,8.297422263893978,8.00446139390063
4896,0.3298375402579075,8.292212746379155,7.96237520612125
4897,0.35261710885179065,8.26964869610535,7.91703158725356
4898,0.2225921263455137,8.28019919285729,8.05760706651178
4899,0.3541046454247972,8.308770341748119,7.95466569632332
4900,0.28262964417547703,8.2331162977064,7.95048665353092
4901,0.17885091539124137,8.241039152635913,8.06218823724467
4902,0.4024522422112567,8.22773374468533,7.82528150247407
4903,0.32636691893791453,8.248426016807775,7.92205909786986
4904,0.3377898943780988,8.289955604723314,7.95216571034522
4905,0.3737316674064749,8.303251763076,7.92952009566952
4906,0.3126492904063395,8.268454572801708,7.95580528239537
4907,0.25604045976880757,8.221235468866345,7.96519500909754
4908,0.36443643012715493,8.325790782290218,7.96135435216306
4909,0.30856615644351404,8.373288075576486,8.06472191913297
4910,0.4270468440015793,8.389258760961859,7.96221191696028
4911,0.3851253773368401,8.336525195116485,7.95139981777964
4912,0.23156918836322735,8.221762174850106,7.99019298648688
4913,0.3027790400229706,8.274446970772177,7.97166793074921
4914,0.33483227836924184,8.277731126714404,7.94289884834516
4915,0.36607673862825485,8.380210888157222,8.01413414952897
4916,0.3601460003092209,8.37157258092324,8.01142658061402
4917,0.2791820320278959,8.262425913787796,7.9832438817599
4918,0.2767323981119627,8.296269041823772,8.01953664371181
4919,0.2644488995323744,8.12041614002066,7.85596724048829
4920,0.307868917003881,8.344054439520729,8.03618552251685
4921,0.30059136469913905,8.307908362032505,8.00731699733337
4922,0.4195342313475318,8.310484760558541,7.89095052921101
4923,0.43155502818712443,8.320889543502068,7.88933451531494
4924,0.24239109392104,8.249415129568451,8.00702403564741
4925,0.4072745485449011,8.270317304564593,7.86304275601969
4926,0.37290547052223555,8.334055729554954,7.96115025903272
4927,0.3549917775055086,8.344665598700635,7.98967382119513
4928,0.2519261811685517,8.203084673936463,7.95115849276791
4929,0.34562960809816606,8.256871350890293,7.91124174279213
4930,0.2912859911713677,8.26318993948194,7.97190394831057
4931,0.2793768078454935,8.303793550216632,8.02441674237114
4932,0.28097896790327787,8.232881081212202,7.95190211330892
4933,0.3165501283156864,8.253632809758168,7.93708268144248
4934,0.3617239153128268,8.283725398840156,7.92200148352733
4935,0.43954903527290584,8.38910269442797,7.94955365915506
4936,0.30584536490654096,8.277734369807739,7.9718890049012
4937,0.4019883636355056,8.439263426949765,8.03727506331426
4938,0.2959815871997817,8.313459797728346,8.01747821052856
4939,0.3959257577578826,8.28917470649742,7.89324894873954
4940,0.347569398277041,8.26975915573457,7.92218975745753
4941,0.2539190316479983,8.204121630494544,7.95020259884655
4942,0.17815228408418254,8.1900465831628,8.01189429907862
4943,0.2737410841081385,8.292922746947648,8.01918166283951
4944,0.3936353778199965,8.291941596214269,7.89830621839427
4945,0.30572221617571277,8.283503675462317,7.9777814592866
4946,0.3375229177404534,8.260271819562897,7.92274890182244
4947,0.31165552909224903,8.19265941535436,7.88100388626211
4948,0.3714688641502737,8.362238900131295,7.99077003598102
4949,0.24103019471132922,8.18791916469823,7.9468889699869
4950,0.34912739073615845,8.263331890419714,7.91420449968356
4951,0.39235754443149,8.316141602530498,7.92378405809901
4952,0.2766013123670943,8.284017335062801,8.00741602269571
4953,0.47566740237338756,8.415570497729552,7.93990309535616
4954,0.471914519389127,8.348504790686047,7.87659027129692
4955,0.3095788276102123,8.336210416622631,8.02663158901242
4956,0.30866074305970986,8.303840547349877,7.99517980429017
4957,0.31596648318716475,8.30417525985606,7.98820877666889
4958,0.308589287292813,8.21326808753085,7.90467880023804
4959,0.3265997471701751,8.337638736814451,8.01103898964428
4960,0.2753814323748423,8.229213187107979,7.95383175473314
4961,0.26699792372997766,8.1923045829546,7.92530665922462
4962,0.31271276385008434,8.308022438973358,7.99530967512327
4963,0.2962748635006521,8.284460105430801,7.98818524193015
4964,0.27555987084759054,8.260437348892049,7.98487747804446
4965,0.3324711744080982,8.291250296212587,7.95877912180449
4966,0.3535283122839448,8.363612026401455,8.01008371411751
4967,0.32514019101452823,8.366032437680706,8.04089224666618
4968,0.2749749301193057,8.22602258835435,7.95104765823505
4969,0.25874148498738697,8.312395513876137,8.05365402888875
4970,0.4248076446852536,8.300467390541792,7.87565974585654
4971,0.3687124740954864,8.275225799325101,7.90651332522961
4972,0.3578473717363925,8.266475132002467,7.90862776026608
4973,0.33763917729922677,8.46546549233695,8.12782631503772
4974,0.31576975062134505,8.30662077203358,7.99085102141224
4975,0.403084711851345,8.40635003058182,8.00326531873047
4976,0.32054382784669494,8.30256305386603,7.98201922601934
4977,0.34793966226784323,8.222816318330702,7.87487665606286
4978,0.32396192073220764,8.256662160267679,7.93270023953547
4979,0.32557412046927187,8.347716131781645,8.02214201131237
4980,0.35827351903090904,8.340408159560194,7.98213464052929
4981,0.36157350591214793,8.334358991505374,7.97278548559323
4982,0.3229409435003664,8.348765382132253,8.02582443863189
4983,0.23569340138884973,8.236321362477561,8.00062796108871
4984,0.31019393490137454,8.309549781204934,7.99935584630356
4985,0.3955287643234607,8.248869424063464,7.85334065974
4986,0.31321196853982963,8.249260270323958,7.93604830178413
4987,0.27092186921150535,8.240030235865143,7.96910836665364
4988,0.4263383960321479,8.388627411515671,7.96228901548352
4989,0.39551982680414094,8.391175808014111,7.99565598120997
4990,0.36447755795665754,8.3002236154159,7.93574605745924
4991,0.2963076786889271,8.339994711775729,8.0436870330868
4992,0.31295068699696627,8.38446990620077,8.0715192192038
4993,0.40213685049354253,8.33091474621423,7.92877789572069
4994,0.40145406849906795,8.416754594155943,8.01530052565688
4995,0.29477417557137225,8.218394637256644,7.92362046168527
4996,0.4175552873668402,8.365005627383333,7.94745034001649
4997,0.33289398826041594,8.282917876600303,7.95002388833989
4998,0.3397183021440581,8.321627035284628,7.98190873314057
4999,0.3567504335274724,8.301266120191599,7.94451568666413
5000,0.33695706172982215,8.310424858921014,7.97346779719119
5001,0.29624683298042725,8.320139473693558,8.02389264071313
5002,0.40357543919910394,8.247083056704337,7.84350761750523
5003,0.22205824961389642,8.285077080868056,8.06301883125416
5004,0.2111143127581771,8.184219440968931,7.97310512821075
5005,0.291069527566006,8.271601992795361,7.98053246522935
5006,0.27040135616002525,8.277066512355935,8.00666515619591
5007,0.29951715248457017,8.261627666311806,7.96211051382724
5008,0.33275621101625613,8.18381403995726,7.851057828941
5009,0.3345641915320657,8.28446665593194,7.94990246439987
5010,0.34599341982475934,8.313866927185357,7.9678735073606
5011,0.3954550663381545,8.325354706078569,7.92989963974041
5012,0.44473171198759115,8.290845857497832,7.84611414551024
5013,0.269098996811605,8.279524251661577,8.01042525484997
5014,0.31882045911638207,8.333679170331354,8.01485871121497
5015,0.30743611483488514,8.331224796856867,8.02378868202198
5016,0.3802403165318543,8.306004373360373,7.92576405682852
5017,0.30712296460058,8.222995099096725,7.91587213449614
5018,0.36503425653369337,8.381556148435523,8.01652189190183
5019,0.3294448597079022,8.243643436226877,7.91419857651898
5020,0.4057670675253866,8.348306870901538,7.94253980337615
5021,0.3615628362941372,8.28728956870984,7.9257267324157
5022,0.28749631167598905,8.361645577092702,8.07414926541671
5023,0.3813936327395906,8.340876311468922,7.95948267872933
5024,0.3255165787843041,8.41296917627794,8.08745259749364
5025,0.2680838687407457,8.30248390471875,8.034400035978
5026,0.29964561256534594,8.351214749500713,8.05156913693537
5027,0.2994503545505195,8.339101878976214,8.03965152442569
5028,0.3073961025913013,8.359032177858465,8.05163607526716
5029,0.21487570215750695,8.144697492457645,7.92982179030014
5030,0.23331622660916124,8.26023203242337,8.02691580581421
5031,0.31694502349241216,8.423197941305844,8.10625291781343
5032,0.3232806668721283,8.297609847829825,7.9743291809577
5033,0.32626530782827523,8.311008067121122,7.98474275929285
5034,0.2505396363707634,8.31001915095561,8.05947951458485
5035,0.31090595826372996,8.331311080055361,8.02040512179163
5036,0.35197884363801246,8.21549827476915,7.86351943113114
5037,0.38250704386372725,8.345121573086708,7.96261452922298
5038,0.25351129975373354,8.300781040026605,8.04726974027287
5039,0.31408279917807486,8.325960286608263,8.01187748743019
5040,0.42943971220113647,8.411693904305336,7.9822541921042
5041,0.26464838637455185,8.32103936290776,8.05639097653321
5042,0.2804191992928767,8.29907121111385,8.01865201182097
5043,0.2501440607085614,8.23240340360927,7.98225934290071
5044,0.38449556456849204,8.301707948130376,7.91721238356188
5045,0.3444006921781532,8.294647643638493,7.95024695146034
5046,0.35366443603449926,8.30792505094155,7.95426061490705
5047,0.3551349924031254,8.257617832551093,7.90248284014797
5048,0.330712943659403,8.34107587043762,8.01036292677822
5049,0.33391806833146104,8.376230614418395,8.04231254608693
5050,0.306044089349906,8.293321185080455,7.98727709573055
5051,0.437883296554235,8.298107937367012,7.86022464081278
5052,0.30139166985988886,8.315024703141507,8.01363303328162
5053,0.3352927634068074,8.342169340234932,8.00687657682812
5054,0.310542094810358,8.210404450509582,7.89986235569922
5055,0.3539512880139698,8.2772978295862,7.92334654157223
5056,0.29453071433009936,8.25356229696434,7.95903158263424
5057,0.298604738617981,8.34058747956595,8.04198274094797
5058,0.25539853740227153,8.218309624729198,7.96291108732693
5059,0.41241447911156087,8.363975216016197,7.95156073690464
5060,0.3382757815838624,8.239622967244275,7.90134718566041
5061,0.287445006010141,8.299636282349713,8.01219127633957
5062,0.3764213789763642,8.248376621547841,7.87195524257148
5063,0.37833800952103147,8.364788070939209,7.98645006141818
5064,0.24311937552415072,8.277912621786633,8.03479324626248
5065,0.3777891945853343,8.35891488820766,7.98112569362233
5066,0.2765169005899208,8.276348435129043,7.99983153453912
5067,0.3735270998928605,8.305775867114448,7.93224876722159
5068,0.34484532621393893,8.260466280229695,7.91562095401576
5069,0.2139669588610007,8.292607793368095,8.07864083450709
5070,0.3319492263133662,8.275577494184985,7.94362826787162
5071,0.27553404031497597,8.156912869622477,7.8813788293075
5072,0.32298214152655724,8.429155563714392,8.10617342218783
5073,0.41226009044422196,8.368146754486013,7.95588666404179
5074,0.38425754344489726,8.43047229991865,8.04621475647375
5075,0.43662235728407367,8.379183219677694,7.94256086239362
5076,0.33508015660213,8.30654085061293,7.9714606940108
5077,0.364274366873883,8.310583866880616,7.94630950000673
5078,0.2955252910929437,8.268491715082808,7.97296642398986
5079,0.24538733465227427,8.273828100464566,8.02844076581229
5080,0.30622780411610284,8.27244242223044,7.96621461811434
5081,0.36667579539375844,8.296704195175254,7.9300283997815
5082,0.40540743204504803,8.307819508413612,7.90241207636856
5083,0.31004863441403613,8.264249656773725,7.95420102235969
5084,0.3224452832933727,8.31733819629446,7.99489291300109
5085,0.31579008200259595,8.277694788215152,7.96190470621256
5086,0.37886418221940094,8.28315339217427,7.90428920995487
5087,0.3093163390153076,8.277716658011505,7.9684003189962
5088,0.3570850171382412,8.42043941247045,8.06335439533221
5089,0.34424139303962864,8.314989298218656,7.97074790517903
5090,0.4069901947305256,8.263388485523368,7.85639829079284
5091,0.3852452755330312,8.300004412587182,7.91475913705415
5092,0.35719153368046647,8.37525221206846,8.01806067838799
5093,0.44795114595714464,8.335762632326862,7.88781148636972
5094,0.3177224347894941,8.33385045428837,8.01612801949888
5095,0.3381709707463576,8.248250566702175,7.91007959595582
5096,0.22208550514235287,8.197007402718755,7.9749218975764
5097,0.305307806773437,8.29446897403686,7.98916116726342
5098,0.2972441187108513,8.335185221185752,8.0379411024749
5099,0.31515051866436494,8.143390565636349,7.82824004697198
5100,0.28726217310514385,8.373481100657214,8.08621892755207
5101,0.38721713706842287,8.35069310857837,7.96347597150995
5102,0.3729305634388619,8.334536732706976,7.96160616926811
5103,0.28850359818029725,8.24968467854485,7.96118108036455
5104,0.3781843081089255,8.295538685959476,7.91735437785055
5105,0.21226435820839545,8.172800748773511,7.96053639056512
5106,0.34510833413414743,8.317885242192913,7.97277690805877
5107,0.2861355722345426,8.312125806566156,8.02599023433161
5108,0.33349060043333706,8.367169765255424,8.03367916482209
5109,0.3196273689171414,8.281010722142408,7.96138335322527
5110,0.2855520927153146,8.304185567007357,8.01863347429204
5111,0.41257574171938977,8.365986671492214,7.95341092977282
5112,0.39561048282891603,8.319735211318822,7.92412472848991
5113,0.3693411205533351,8.301410407488055,7.93206928693472
5114,0.3630341126157591,8.330315299234169,7.96728118661841
5115,0.3021460671075128,8.278995715547689,7.97684964844018
5116,0.3316386256643078,8.363576514373058,8.03193788870875
5117,0.2985381252661946,8.265135267895893,7.9665971426297
5118,0.23668868652505196,8.23091077347471,7.99422208694966
5119,0.2904694321744744,8.30652138114518,8.01605194897071
5120,0.32478917482476694,8.327101275985703,8.00231210116094
5121,0.3202263979361771,8.270769008297018,7.95054261036084
5122,0.25184242625567677,8.273731274278411,8.02188884802274
5123,0.28234779803413734,8.303603212900223,8.02125541486608
5124,0.34238062334695585,8.289406911177656,7.9470262878307
5125,0.4105212689609354,8.255347737837834,7.8448264688769
5126,0.2647420318147961,8.248518929407782,7.98377689759299
5127,0.2991090348206507,8.37253075614168,8.07342172132103
5128,0.30650210912504594,8.272759100221268,7.96625699109622
5129,0.2576019616799607,8.414339275727622,8.15673731404766
5130,0.270698482576191,8.27711930480976,8.00642082223357
5131,0.26794522482522876,8.24960593845628,7.98166071363105
5132,0.3903625358386077,8.318308127213808,7.9279455913752
5133,0.3496404654003329,8.296543683361392,7.94690321796106
5134,0.43199161049742685,8.309880593737137,7.87788898323971
5135,0.3093084555688621,8.23991697090599,7.93060851533713
5136,0.35137741727948474,8.293942660707225,7.94256524342774
5137,0.21256670813671416,8.279798595429634,8.06723188729292
5138,0.450334257180848,8.325212003398436,7.87487774621759
5139,0.24939596457625612,8.224128385475066,7.97473242089881
5140,0.21801742972812616,8.262174086922242,8.04415665719412
5141,0.3749101411337616,8.340266685707434,7.96535654457367
5142,0.2725318936014744,8.22029285801075,7.94776096440927
5143,0.3236316507575079,8.300882742278759,7.97725109152125
5144,0.36673006873411773,8.300518515259553,7.93378844652544
5145,0.4178886437023984,8.30066102718636,7.88277238348396
5146,0.2609846935923922,8.241790951176277,7.98080625758389
5147,0.274151862025194,8.210526482210373,7.93637462018518
5148,0.25230229649863495,8.217331582204931,7.9650292857063
5149,0.199462994658349,8.263047480839987,8.06358448618164
5150,0.25650945938818676,8.216572204814799,7.96006274542661
5151,0.23575946026594374,8.275631327799664,8.03987186753372
5152,0.29081196219130434,8.376144991377087,8.08533302918578
5153,0.3523440351977351,8.240387198583687,7.88804316338595
5154,0.23087287725066544,8.204256489858459,7.97338361260779
5155,0.2565111452514611,8.38112723466652,8.12461608941506
5156,0.3224540044592867,8.28457055922465,7.96211655476536
5157,0.32340896583852674,8.36214655154919,8.03873758571066
5158,0.27596007934666117,8.326800967098901,8.05084088775224
5159,0.36360025380907485,8.218620564098485,7.85502031028941
5160,0.303483853166715,8.314198114229315,8.0107142610626
5161,0.34261643589775787,8.3015192773627,7.95890284146494
5162,0.2860949742892387,8.325676283693111,8.03958130940387
5163,0.33708843914114395,8.330652407875062,7.99356396873392
5164,0.2995748351819943,8.267581164313732,7.96800632913174
5165,0.31596944377143166,8.273777812647733,7.9578083688763
5166,0.32691867182831624,8.311111272349592,7.98419260052128
5167,0.3156807880033133,8.33149885081181,8.0158180628085
5168,0.4283906833130098,8.328629417521924,7.90023873420891
5169,0.27300160945680735,8.169724214580128,7.89672260512332
5170,0.37940866457305733,8.312088446788835,7.93267978221578
5171,0.3802647000560066,8.294402342385053,7.91413764232905
5172,0.41530920009925004,8.426707961326388,8.01139876122714
5173,0.3180157147950025,8.190819243532122,7.87280352873712
5174,0.30371356527616344,8.248204991553951,7.94449142627779
5175,0.367808798071555,8.24646235849588,7.87865356042432
5176,0.29102320639798385,8.237685805788383,7.9466625993904
5177,0.37166495699520347,8.454652123742662,8.08298716674746
5178,0.3292283355073834,8.278872792722417,7.94964445721503
5179,0.33249552168107716,8.435415133531226,8.10291961185015
5180,0.28487518777926435,8.26348575263877,7.97861056485951
5181,0.3571954589867861,8.371653822925174,8.01445836393839
5182,0.30372132099736177,8.246230859511584,7.94250953851422
5183,0.318729383433681,8.283330586339131,7.96460120290545
5184,0.32960803806453104,8.265478464003,7.93587042593847
5185,0.36426546908991936,8.242886550998186,7.87862108190827
5186,0.3716659158467171,8.262725458572206,7.89105954272549
5187,0.3275360654662697,8.31422943021427,7.986693364748
5188,0.2975169309105461,8.254291008703902,7.95677407779336
5189,0.3696912603198333,8.356997542951488,7.98730628263165
5190,0.3699689624912187,8.47737391700798,8.10740495451676
5191,0.3700585734200458,8.383454457359367,8.01339588393932
5192,0.32999574453846026,8.2187857244434,7.88878997990494
5193,0.3687275676269306,8.373889717081951,8.00516214945502
5194,0.28866292219019646,8.299725367671133,8.01106244548094
5195,0.3638629275560894,8.381514790039839,8.01765186248375
5196,0.2443486879937591,8.22494745993781,7.98059877194405
5197,0.32410878470046023,8.38992577629124,8.06581699159078
5198,0.310703368652278,8.250462056348507,7.93975868769623
5199,0.33982825406445666,8.320807834702,7.98097958063754
5200,0.2854645277461398,8.318172351212594,8.03270782346645
5201,0.30954061288127166,8.276196279959338,7.96665566707807
5202,0.3004601548238929,8.334223895508572,8.03376374068468
5203,0.32616550774932135,8.279836735952625,7.9536712282033
5204,0.37365078708138394,8.224369768155128,7.85071898107374
5205,0.3577714000500319,8.168885507983905,7.81111410793387
5206,0.18410490977774124,8.220898340403519,8.03679343062578
5207,0.3500390651784877,8.231431292724107,7.88139222754562
5208,0.3477067673044004,8.275771039546688,7.92806427224229
5209,0.3319360091041568,8.309300937939355,7.9773649288352
5210,0.4141182109650772,8.25626999236606,7.84215178140098
5211,0.4194707831654578,8.370367787926526,7.95089700476107
5212,0.3754715518559866,8.278033614780675,7.90256206292469
5213,0.3592284359184929,8.376637584054754,8.01740914813626
5214,0.2909745095796933,8.348796461866781,8.05782195228709
5215,0.44296927928657776,8.408164819750995,7.96519554046442
5216,0.29033340842403477,8.223589062723288,7.93325565429925
5217,0.42498698019556547,8.293331883762303,7.86834490356674
5218,0.3258540389684312,8.235765055805905,7.90991101683747
5219,0.3607714598463706,8.299191049932482,7.93841959008611
5220,0.48411949576198393,8.415133330853946,7.93101383509196
5221,0.3756348990296908,8.485208207714027,8.10957330868434
5222,0.23413528206955023,8.238653982190085,8.00451870012053
5223,0.31713639289087314,8.295202922677271,7.9780665297864
5224,0.14803808001240323,8.257391401081046,8.10935332106864
5225,0.2847049273641938,8.297939841391916,8.01323491402772
5226,0.4656279414716496,8.430665772756603,7.96503783128495
5227,0.4660830244505946,8.308856379323489,7.84277335487289
5228,0.38069503728761184,8.326436997611411,7.9457419603238
5229,0.3763239177958235,8.305480091383993,7.92915617358817
5230,0.3344186129046063,8.204231181450401,7.86981256854579
5231,0.3102320884197998,8.154227616326866,7.84399552790707
5232,0.3066299127383866,8.325322360527133,8.01869244778875
5233,0.27457684982731495,8.298144480016054,8.02356763018874
5234,0.2554413194082167,8.34728158516256,8.09184026575434
5235,0.1894513806489194,8.14947499429844,7.96002361364952
5236,0.3745829994453284,8.263365326788335,7.88878232734301
5237,0.21369780283863948,8.23120165893457,8.01750385609593
5238,0.3172571521497421,8.311987410089941,7.9947302579402
5239,0.3268827871256654,8.317251119013953,7.99036833188829
5240,0.358097731343573,8.400447013332478,8.0423492819889
5241,0.40153158958115803,8.300648055690923,7.89911646610976
5242,0.34770389123774215,8.369636282353175,8.02193239111543
5243,0.36958712116688414,8.415985245147459,8.04639812398058
5244,0.3624413510882457,8.38266379857246,8.02022244748422
5245,0.2911556707009224,8.306002565255955,8.01484689455503
5246,0.34897089491651734,8.278711994302656,7.92974109938614
5247,0.29980830749383763,8.221738245972071,7.92192993847823
5248,0.3226788378756259,8.323397143978195,8.00071830610257
5249,0.3824233279287581,8.275215591176687,7.89279226324793
5250,0.40588029493308936,8.328534085980703,7.92265379104761
5251,0.367085070403073,8.267544865537936,7.90045979513486
5252,0.34603401964202235,8.368767668559641,8.02273364891762
5253,0.27166025374399744,8.275291057755375,8.00363080401138
5254,0.4511584853323972,8.32897089034286,7.87781240501046
5255,0.17213305726736974,8.214761042529073,8.0426279852617
5256,0.35849263420466954,8.313611507230785,7.95511887302612
5257,0.4345504900834149,8.285783809878774,7.85123331979536
5258,0.3892023689287041,8.389632295293403,8.0004299263647
5259,0.3294591973160712,8.283839842267056,7.95438064495099
5260,0.23588646757655277,8.262557218832882,8.02667075125633
5261,0.2854351470849852,8.195457864957248,7.91002271787226
5262,0.28464052208019475,8.280029445441544,7.99538892336135
5263,0.28441649881987124,8.321470843957933,8.03705434513806
5264,0.25303214986766087,8.306242790583688,8.05321064071603
5265,0.3834176737337833,8.441579498578664,8.05816182484488
5266,0.2402295846959694,8.288965035682462,8.04873545098649
5267,0.33061278003806527,8.260998146499695,7.93038536646163
5268,0.3839607601977209,8.404240577764451,8.02027981756673
5269,0.3765834595714093,8.484886591393778,8.10830313182237
5270,0.3637962799326932,8.349110599871974,7.98531431993928
5271,0.3817987339796934,8.278559307866404,7.89676057388671
5272,0.20466586632514014,8.26561775251857,8.06095188619343
5273,0.3709339436165094,8.317705617933205,7.9467716743167
5274,0.4182751294237979,8.366269731412284,7.94799460198849
5275,0.3455792769435661,8.336984521138485,7.99140524419492
5276,0.2644903640691091,8.297064980008217,8.03257461593911
5277,0.2929060359399617,8.356213460236793,8.06330742429683
5278,0.2870010604794787,8.336219509969062,8.04921844948958
5279,0.2964325865991286,8.246635648552953,7.95020306195382
5280,0.41710356607603327,8.337427130494229,7.9203235644182
5281,0.34154369430670295,8.325045189510963,7.98350149520426
5282,0.4072876588424131,8.31396120328303,7.90667354444062
5283,0.3335993243763168,8.385185112441453,8.05158578806514
5284,0.3509787087740137,8.247243017597535,7.89626430882352
5285,0.3412722787326524,8.401739939443765,8.06046766071111
5286,0.40153560690965356,8.348664891553897,7.94712928464424
5287,0.2991818400003329,8.253905521176206,7.95472368117587
5288,0.4009139321658648,8.325507703427542,7.92459377126168
5289,0.35136771543459827,8.324243853519212,7.97287613808461
5290,0.3062199600281022,8.309447675597351,8.00322771556925
5291,0.38550151465451554,8.275418796113176,7.88991728145866
5292,0.3508710540661535,8.370155605307772,8.01928455124162
5293,0.39736316992714155,8.32356954210908,7.92620637218194
5294,0.27017942311307547,8.246889987546952,7.97671056443388
5295,0.36046638844074563,8.303938308350496,7.94347191990975
5296,0.45360936144128616,8.398623178703028,7.94501381726174
5297,0.23589568118910326,8.236312448419616,8.00041676723051
5298,0.3242701500252252,8.250888919649114,7.92661876962389
5299,0.26015584731345104,8.203469165689791,7.94331331837634
5300,0.38215509902826966,8.32183088752746,7.93967578849919
5301,0.3910843164093322,8.319504853822997,7.92842053741366
5302,0.41068955537111956,8.403408564828412,7.99271900945729
5303,0.32788037996355746,8.269325776028623,7.94144539606507
5304,0.24906431997895506,8.23568904029162,7.98662472031266
5305,0.3611016683839402,8.305585697836037,7.9444840294521
5306,0.3153954881542954,8.253688228510075,7.93829274035578
5307,0.36621507587095536,8.27975493132159,7.91353985545063
5308,0.32454552121233887,8.244646174894786,7.92010065368245
5309,0.2927248800348609,8.275413900481999,7.98268902044714
5310,0.34947672481665204,8.204183062601766,7.85470633778511
5311,0.3113215943842249,8.26522094853399,7.95389935414977
5312,0.30039043312682207,8.341373557126671,8.04098312399985
5313,0.26827967503329614,8.256320327185755,7.98804065215246
5314,0.3992243469748749,8.375815890367239,7.97659154339236
5315,0.28100545879829814,8.211179673655293,7.93017421485699
5316,0.2759871477679048,8.382188772049993,8.10620162428209
5317,0.3159034267772223,8.34006101651757,8.02415758974035
5318,0.2009578752053311,8.170788928668113,7.96983105346278
5319,0.3092209580555995,8.319146511496612,8.00992555344101
5320,0.377819176741855,8.309697853633939,7.93187867689208
5321,0.38799322446074846,8.261375802133012,7.87338257767226
5322,0.3937029062587456,8.35419974606002,7.96049683980127
5323,0.3569543832525335,8.357165541318714,8.00021115806618
5324,0.44490077272116985,8.328031719249841,7.88313094652867
5325,0.17901792513620826,8.139254162260091,7.96023623712388
5326,0.2859117872806605,8.220303307349145,7.93439152006848
5327,0.33419118566795025,8.338944064750594,8.00475287908264
5328,0.24592001644716086,8.250491160624996,8.00457114417784
5329,0.2995031878415216,8.413941876450394,8.11443868860887
5330,0.40260482730090463,8.32588206536343,7.92327723806253
5331,0.2742969945069186,8.198528274167856,7.92423127966094
5332,0.33975853947472845,8.376284952375206,8.03652641290048
5333,0.262469677787095,8.289558705470279,8.02708902768318
5334,0.30799615736904146,8.377854918585266,8.06985876121622
5335,0.26659556985604016,8.347898486637009,8.08130291678097
5336,0.4422793618654623,8.392954726990665,7.9506753651252
5337,0.32776470108047806,8.401932724518582,8.07416802343811
5338,0.37305811863396865,8.299722107733912,7.92666398909994
5339,0.2641188048103574,8.256419722876446,7.99230091806609
5340,0.20620632416541718,8.310712907953054,8.10450658378764
5341,0.2702942205178272,8.253009568511775,7.98271534799395
5342,0.3767458221844864,8.314913056818298,7.93816723463381
5343,0.36655695338163374,8.242725234601556,7.87616828121992
5344,0.2774304907760435,8.25490307080409,7.97747258002805
5345,0.34438468233034275,8.322839593276914,7.97845491094657
5346,0.2950598856549892,8.222945080192183,7.92788519453719
5347,0.2148925664248523,8.321908877971696,8.10701631154684
5348,0.395128198207474,8.427762404625076,8.0326342064176
5349,0.35359889481902695,8.272663646915513,7.91906475209649
5350,0.3471364783862857,8.354119734427258,8.00698325604097
5351,0.34790891271157237,8.314788012262019,7.96687909955045
5352,0.36637295204754694,8.333759137546227,7.96738618549868
5353,0.33010868997875376,8.349091921809176,8.01898323183042
5354,0.41482179251066675,8.374828688322932,7.96000689581227
5355,0.17732072708993024,8.201835142022288,8.02451441493236
5356,0.26884074287310594,8.312015444393605,8.0431747015205
5357,0.37061987468495877,8.355022614144321,7.98440273945936
5358,0.28214358374231074,8.281365879818166,7.99922229607585
5359,0.35386923615505467,8.263588737714963,7.90971950155991
5360,0.3908220810980203,8.335383831839318,7.9445617507413
5361,0.33555718011732427,8.350241625108247,8.01468444499092
5362,0.33062467711820787,8.30965972832781,7.9790350512096
5363,0.2656419694976688,8.233271343298734,7.96762937380107
5364,0.4336928895309531,8.339436026225988,7.90574313669504
5365,0.26790079127387156,8.313313486371214,8.04541269509734
5366,0.31892066692754995,8.332254216581909,8.01333354965436
5367,0.2835432545851972,8.25646307146367,7.97291981687847
5368,0.3058129905803114,8.26579741993571,7.9599844293554
5369,0.32956994674507395,8.224457091675912,7.89488714493084
5370,0.29085762890912753,8.288820281973905,7.99796265306478
5371,0.27637846911909736,8.343214470332132,8.06683600121304
5372,0.23202084724830016,8.229894107730988,7.99787326048269
5373,0.3013722299169175,8.238163742472295,7.93679151255538
5374,0.25260804429277545,8.33079688516224,8.07818884086946
5375,0.33103587981475613,8.319764848627232,7.98872896881248
5376,0.38022518519205406,8.266106688622019,7.88588150342996
5377,0.34190226456202233,8.30928985547011,7.96738759090809
5378,0.1976588434169952,8.219999985089947,8.02234114167295
5379,0.2731489949917683,8.242319861521622,7.96917086652985
5380,0.35054035345014667,8.338971192617606,7.98843083916746
5381,0.3745714504896293,8.31158207252815,7.93701062203852
5382,0.38656501760513434,8.342675686400149,7.95611066879501
5383,0.304358584737606,8.212070878155712,7.90771229341811
5384,0.3287790338236984,8.237429015926107,7.90864998210241
5385,0.2994819929121515,8.260955220894774,7.96147322798262
5386,0.4010337029505989,8.293475967431144,7.89244226448054
5387,0.3576499921346506,8.282390119979413,7.92474012784476
5388,0.3742946866055422,8.251849188163591,7.87755450155805
5389,0.24629184412418031,8.23635396912508,7.9900621250009
5390,0.2952140921033451,8.209797978824108,7.91458388672076
5391,0.37879117142887614,8.431870689052738,8.05307951762386
5392,0.38177188407712964,8.318602361026,7.93683047694887
5393,0.29206735044879123,8.265786026903305,7.97371867645451
5394,0.3792420154975144,8.300667345357516,7.92142532986
5395,0.33647152028204624,8.249906400892964,7.91343488061092
5396,0.21787108212377101,8.27037419704406,8.05250311492029
5397,0.3065248265008788,8.387601065628385,8.08107623912751
5398,0.5074124953629788,8.351138647858185,7.84372615249521
5399,0.28103129512717634,8.28767283616723,8.00664154104005
5400,0.4058184914613322,8.312514148687477,7.90669565722614
5401,0.29260035282309815,8.254145890899819,7.96154553807672
5402,0.35322319867976953,8.307409583129724,7.95418638444995
5403,0.41944965724023026,8.286733868707623,7.86728421146739
5404,0.2939284679125028,8.293776176706658,7.99984770879415
5405,0.3352712388692068,8.364270998641118,8.02899975977191
5406,0.35454801234694455,8.336474380173923,7.98192636782698
5407,0.4507903392788267,8.270250748072353,7.81946040879353
5408,0.19700563691574963,8.188754110191052,7.9917484732753
5409,0.3971464573462326,8.367053361447915,7.96990690410168
5410,0.4237038866514266,8.36446207228218,7.94075818563075
5411,0.3665784726673263,8.297256202279936,7.93067772961261
5412,0.31829248436503815,8.240954212797165,7.92266172843213
5413,0.4192262382964865,8.202210382171925,7.78298414387544
5414,0.30637923821862406,8.348053633668943,8.04167439545032
5415,0.38008191957643106,8.364911495167886,7.98482957559146
5416,0.24822546333629605,8.245105195507476,7.99687973217118
5417,0.29514792571506054,8.137864086786978,7.84271616107192
5418,0.23484163206264197,8.252070454402322,8.01722882233968
5419,0.3016433342284809,8.320196813316821,8.01855347908834
5420,0.3422249072621745,8.363190808543454,8.02096590128128
5421,0.21069704427062194,8.33867019022449,8.12797314595387
5422,0.3963840829412376,8.392493816847072,7.99610973390583
5423,0.3500394812505332,8.319305552424625,7.96926607117409
5424,0.27093637678886123,8.289936180930441,8.01899980414158
5425,0.37324514876171,8.267262841326627,7.89401769256492
5426,0.38195908445965354,8.36744230053281,7.98548321607316
5427,0.4144196635574324,8.335939885767512,7.92152022221008
5428,0.24664811934047173,8.297962318695387,8.05131419935491
5429,0.35106887835374906,8.360536074746376,8.00946719639263
5430,0.39592950044869707,8.264839154795952,7.86890965434725
5431,0.32755956648977136,8.296308306357135,7.96874873986736
5432,0.3997272639366391,8.348927310810721,7.94920004687408
5433,0.43982662055228444,8.402863160300845,7.96303653974856
5434,0.305099460188695,8.326721106654375,8.02162164646568
5435,0.40994718372665045,8.327526568702014,7.91757938497536
5436,0.31143147218255324,8.317701554928837,8.00627008274628
5437,0.23768984913026212,8.191132253294425,7.95344240416416
5438,0.30411561469137505,8.237560090664658,7.93344447597328
5439,0.29727601173756724,8.366368822376293,8.06909281063873
5440,0.27446994233217925,8.282927570792875,8.0084576284607
5441,0.3205560296276426,8.314581410787211,7.99402538115957
5442,0.3591403706045653,8.329283326113726,7.97014295550916
5443,0.39846362793193035,8.300425983349701,7.90196235541777
5444,0.4306893258569877,8.306586396247775,7.87589707039079
5445,0.3793514838022635,8.371743601794634,7.99239211799237
5446,0.30755471559206154,8.25524822435323,7.94769350876117
5447,0.3752500332497542,8.226369040320584,7.85111900707083
5448,0.2307244240156098,8.239681482014383,8.00895705799877
5449,0.309017542668636,8.329941188559156,8.02092364589052
5450,0.32501567864777814,8.199105108302112,7.87408942965433
5451,0.2926047082741344,8.25768401769803,7.9650793094239
5452,0.39867169970683813,8.33054286371132,7.93187116400448
5453,0.3351714710268754,8.307222702106708,7.97205123107983
5454,0.3136158127456205,8.342417605306744,8.02880179256112
5455,0.4776457513549687,8.356100986867071,7.8784552355121
5456,0.3211243937210038,8.347578300736798,8.02645390701579
5457,0.22954943143158646,8.1341116820253,7.90456225059371
5458,0.3203338420181061,8.255960165580003,7.9356263235619
5459,0.3878790089866045,8.281495956312229,7.89361694732562
5460,0.34738905816193627,8.329905914349466,7.98251685618753
5461,0.406475504720952,8.370115387911921,7.96363988319097
5462,0.22246664189808793,8.286708520583014,8.06424187868493
5463,0.25597868840178656,8.322188810780318,8.06621012237853
5464,0.30713251583019907,8.307610627586751,8.00047811175655
5465,0.37738577720404337,8.331210445154515,7.95382466795047
5466,0.31020344906075364,8.236852520602366,7.92664907154161
5467,0.37637705589868026,8.374505803618975,7.99812874772029
5468,0.3634080131431969,8.376871026582524,8.01346301343933
5469,0.2977861088004154,8.274539391307442,7.97675328250703
5470,0.347508683383331,8.283471312980062,7.93596262959673
5471,0.31393028167883175,8.295315761711075,7.98138548003224
5472,0.3844690670680854,8.249470568495498,7.86500150142741
5473,0.34938398444170005,8.259576425595538,7.91019244115384
5474,0.1911308665910634,8.232316610160618,8.04118574356955
5475,0.39132040104394145,8.300139392678796,7.90881899163485
5476,0.26934154934404547,8.14061832043978,7.87127677109573
5477,0.311196892823771,8.291096406390709,7.97989951356694
5478,0.30856685032709263,8.245722381349024,7.93715553102193
5479,0.21856774082004038,8.340727195128432,8.12215945430839
5480,0.3260914621141972,8.316438999690527,7.99034753757633
5481,0.31537757801987115,8.316743397451825,8.00136581943195
5482,0.36917792798597154,8.215844084713131,7.84666615672716
5483,0.37709311063910766,8.326157167649075,7.94906405700997
5484,0.2973125457544173,8.194937367602538,7.89762482184812
5485,0.39551157124393005,8.315779935507125,7.92026836426319
5486,0.2904039350103518,8.261709629900803,7.97130569489045
5487,0.3453965091935497,8.383006067175318,8.03760955798177
5488,0.2914242793354232,8.22930527059164,7.93788099125622
5489,0.2846519090602892,8.360847219203906,8.07619531014362
5490,0.38095449894352873,8.333780211300983,7.95282571235745
5491,0.3553712049806376,8.329117708236316,7.97374650325568
5492,0.27228571152991904,8.274035389638419,8.0017496781085
5493,0.2520515761248337,8.197020213166814,7.94496863704198
5494,0.3944428836270676,8.366464978444139,7.97202209481707
5495,0.3215167676907807,8.30272514892951,7.98120838123873
5496,0.3794772304683121,8.408544723818082,8.02906749334977
5497,0.36627982408479015,8.360676066869855,7.99439624278506
5498,0.44356445097727293,8.408735934965783,7.96517148398851
5499,0.386197875018545,8.343370138972169,7.95717226395362
5500,0.2862533203045157,8.32278296038024,8.03652964007572
5501,0.2810649957587586,8.333043014517484,8.05197801875873
5502,0.32665234326245857,8.293349920082758,7.9666975768203
5503,0.37693745386129035,8.35244523256528,7.97550777870399
5504,0.35272346982157915,8.390787782278398,8.03806431245682
5505,0.3277416067636729,8.394065766017226,8.06632415925355
5506,0.26894127197620615,8.342854907582952,8.07391363560675
5507,0.3551981836527911,8.397432454589676,8.04223427093689
5508,0.3337188325807446,8.35519597281417,8.02147714023343
5509,0.27025358349451484,8.326613762253093,8.05636017875858
5510,0.329456621536883,8.326452864977249,7.99699624344037
5511,0.3566652138682662,8.428364652387508,8.07169943851924
5512,0.26508452302422797,8.21907431791818,7.95398979489395
5513,0.30319730577041126,8.31478754458684,8.01159023881643
5514,0.33994358625851023,8.30128546602543,7.96134187976692
5515,0.2542546271521221,8.236736385039212,7.98248175788709
5516,0.32077470410341463,8.275821390510755,7.95504668640734
5517,0.2681394101914931,8.267071496126388,7.99893208593489
5518,0.366369271380683,8.306855419224673,7.94048614784399
5519,0.3345925323297381,8.21200664965046,7.87741411732072
5520,0.35649839499487573,8.261709226483061,7.90521083148819
5521,0.29705089696191933,8.423554087469395,8.12650319050748
5522,0.47670117633032616,8.463335275617844,7.98663409928752
5523,0.42778776619814346,8.351330556687255,7.92354279048911
5524,0.3309229194868878,8.252757321216992,7.9218344017301
5525,0.34525636753384026,8.314416783029248,7.96916041549541
5526,0.3377025105959413,8.203954287272385,7.86625177667644
5527,0.3161395311490638,8.334670260504309,8.01853072935524
5528,0.44963045516869055,8.408401713138177,7.95877125796949
5529,0.4620330900534234,8.32829219285356,7.86625910280014
5530,0.33352668553653303,8.405569884806383,8.07204319926985
5531,0.31267804753496015,8.215471380044947,7.90279333250999
5532,0.1571944462807598,8.170480316354872,8.01328587007411
5533,0.3388021863619265,8.268336908905875,7.92953472254395
5534,0.324410829686614,8.350639696987402,8.02622886730079
5535,0.2850803529026789,8.293193567921854,8.00811321501918
5536,0.2774182594219199,8.428492813513527,8.15107455409161
5537,0.23739515034610986,8.281908000539437,8.04451285019333
5538,0.3213423329502578,8.285844504900084,7.96450217194983
5539,0.32782957448415767,8.392062290419535,8.06423271593538
5540,0.39700748533283253,8.392239042838145,7.99523155750531
5541,0.32493634012085804,8.307888377266305,7.98295203714545
5542,0.30461007422991654,8.274435847183536,7.96982577295362
5543,0.364689393237336,8.326623933444859,7.96193454020752
5544,0.3649604185777995,8.335510541644863,7.97055012306706
5545,0.25986984546439984,8.33507615311768,8.07520630765328
5546,0.343445238995249,8.318908963959059,7.97546372496381
5547,0.23403887409805554,8.322438437059983,8.08839956296193
5548,0.2964472155113139,8.198945265781116,7.9024980502698
5549,0.3257988288992087,8.344523894249733,8.01872506535052
5550,0.35466084316820534,8.320124556092532,7.96546371292433
5551,0.34366275515834216,8.283509477306875,7.93984672214853
5552,0.34911987564422486,8.334592919972405,7.98547304432818
5553,0.31762826752447465,8.25480004891,7.93717178138553
5554,0.33055752416939344,8.25878579049241,7.92822826632302
5555,0.40904860813890137,8.413377491769431,8.00432888363053
5556,0.49001593494313117,8.330686824777244,7.84067088983411
5557,0.3823165038880657,8.373624094389926,7.99130759050186
5558,0.4090346280050873,8.390168028484464,7.98113340047938
5559,0.3575749976028283,8.333341151390492,7.97576615378766
5560,0.22915968866172928,8.137018763359876,7.90785907469815
5561,0.3517180231607371,8.21815411331357,7.86643609015283
5562,0.38382674154156265,8.367613646052268,7.98378690451071
5563,0.3634045375874384,8.406714988995377,8.04331045140794
5564,0.3184892152783181,8.30151823216036,7.98302901688204
5565,0.22387797537467505,8.143478997576853,7.91960102220218
5566,0.4439576207174406,8.385810777178618,7.94185315646118
5567,0.4061516181849375,8.327890202848966,7.92173858466403
5568,0.36049880326810385,8.313134887962297,7.95263608469419
5569,0.32940791431715405,8.2561201610368,7.92671224671964
5570,0.3796546195942787,8.250706643208556,7.87105202361428
5571,0.3893711126278098,8.289958846829718,7.90058773420191
5572,0.26534143764642804,8.2674884767961,8.00214703914967
5573,0.22017561564885996,8.21912786905489,7.99895225340603
5574,0.31316270133139607,8.262489995539216,7.94932729420782
5575,0.33250895095065924,8.255717156836708,7.92320820588605
5576,0.2903682369743109,8.223047622373642,7.93267938539933
5577,0.403500910550174,8.337420046222777,7.9339191356726
5578,0.23120347801050717,8.217912157768525,7.98670867975802
5579,0.3482865808112971,8.295158296906168,7.94687171609487
5580,0.34592735494544724,8.306220164219553,7.96029280927411
5581,0.41028813257321783,8.351171383649874,7.94088325107666
5582,0.2301601121165218,8.195853550342987,7.96569343822646
5583,0.2993275895494705,8.272424048595479,7.97309645904601
5584,0.40736466392960774,8.22153269563723,7.81416803170762
5585,0.49365707531907627,8.409404445123405,7.91574736980433
5586,0.3763488785867453,8.28572480891343,7.90937593032668
5587,0.2803804742420155,8.163354545664454,7.88297407142244
5588,0.32474412297764904,8.368715672960043,8.04397154998239
5589,0.2795893700929732,8.306551264688007,8.02696189459503
5590,0.359351225111571,8.36236158820569,8.00301036309412
5591,0.2286091794814936,8.234514538335494,8.005905358854
5592,0.427042928992106,8.29321698709643,7.86617405810432
5593,0.35813078722913866,8.244247246457052,7.88611645922791
5594,0.26956497059032897,8.279605319717536,8.01004034912721
5595,0.4333862465127328,8.368319085879765,7.93493283936703
5596,0.34976167176340284,8.352530726959797,8.00276905519639
5597,0.36369096595193395,8.329499725631413,7.96580875967948
5598,0.3142440759672016,8.219935795171613,7.90569171920441
5599,0.1855435231896987,8.228522394089463,8.04297887089976
5600,0.32132616648663803,8.286016875637701,7.96469070915106
5601,0.34681359161346553,8.324131963233471,7.97731837162001
5602,0.15916708522312423,8.229795006830699,8.07062792160757
5603,0.40080924078326524,8.357417221965974,7.95660798118271
5604,0.2957847026624361,8.360581986947132,8.0647972842847
5605,0.34838523679355093,8.38250462087404,8.03411938408049
5606,0.3509895332172333,8.315262724203345,7.96427319098611
5607,0.3053820147833113,8.299559366492506,7.99417735170919
5608,0.3496264336635621,8.314356560244905,7.96473012658134
5609,0.2941731889164224,8.216837447489059,7.92266425857264
5610,0.35476299718950016,8.268125629268658,7.91336263207916
5611,0.21862616699096607,8.148252409062547,7.92962624207158
5612,0.27886834999620674,8.320720105515411,8.0418517555192
5613,0.268719410229136,8.273710083459624,8.00499067323049
5614,0.2370036792243599,8.254056515422217,8.01705283619786
5615,0.40652764148785075,8.4514167748278,8.04488913333995
5616,0.321469405470918,8.341118374533648,8.01964896906273
5617,0.40420751862575016,8.422145817011254,8.0179382983855
5618,0.352138136009999,8.309944504683523,7.95780636867352
5619,0.3731616225588036,8.271769833345417,7.89860821078661
5620,0.22932950769579782,8.142682156686181,7.91335264899038
5621,0.3492875036750684,8.379331947526573,8.03004444385151
5622,0.2913854664333832,8.318174635526614,8.02678916909323
5623,0.2581740335683413,8.191279885904702,7.93310585233636
5624,0.2950829851821094,8.289748153577765,7.99466516839566
5625,0.30410260461146676,8.344303842104624,8.04020123749316
5626,0.26576853590401756,8.240895156653737,7.97512662074972
5627,0.4129453120884816,8.366312839530426,7.95336752744194
5628,0.2744507677240188,8.175928522590981,7.90147775486696
5629,0.39751064493589683,8.302451414910127,7.90494076997423
5630,0.24999688973823464,8.320538427824266,8.07054153808603
5631,0.3792853805701223,8.268331895373283,7.88904651480316
5632,0.3308068707990068,8.301677702997008,7.970870832198
5633,0.2452251461509563,8.228816005092572,7.98359085894162
5634,0.3095739417669025,8.252201032875167,7.94262709110826
5635,0.36759628589514076,8.254911698905946,7.88731541301081
5636,0.2887548025057143,8.281857082211896,7.99310227970618
5637,0.3814011129882409,8.322014099706161,7.94061298671792
5638,0.4038274982275276,8.337060726931888,7.93323322870436
5639,0.4066533401031567,8.322189919106547,7.91553657900339
5640,0.4210766279085366,8.366042074898228,7.94496544698969
5641,0.35099982154684367,8.308614703331457,7.95761488178461
5642,0.35500333809418844,8.292036028666713,7.93703269057252
5643,0.26402685513471114,8.214026826905044,7.94999997177033
5644,0.23829724392493803,8.139715864302598,7.90141862037766
5645,0.3914420472753269,8.264518274350927,7.8730762270756
5646,0.22553091084880955,8.223424310094753,7.99789339924594
5647,0.22294477851572833,8.303049985665554,8.08010520714983
5648,0.262606378325143,8.247608886640315,7.98500250831517
5649,0.34979184546346775,8.394456040479657,8.04466419501619
5650,0.4882066371186253,8.457696551680794,7.96948991456217
5651,0.3421932346844908,8.339833101546107,7.99763986686162
5652,0.42070110362411445,8.409136261709882,7.98843515808577
5653,0.3175297355722699,8.364912649417182,8.04738291384491
5654,0.3531893369219241,8.2327552263223,7.87956588940038
5655,0.2942334594744381,8.323045925419883,8.02881246594545
5656,0.3702938160296494,8.326259538561773,7.95596572253212
5657,0.34099390635382504,8.235380399793854,7.89438649344003
5658,0.36057138462509886,8.329607942451888,7.96903655782679
5659,0.2695825727821424,8.281150016658593,8.01156744387645
5660,0.2629463140123821,8.30985178592693,8.04690547191455
5661,0.28872909731707164,8.295437900622085,8.00670880330501
5662,0.33663264852713104,8.276470493678731,7.9398378451516
5663,0.2330997085897075,8.162099271213743,7.92899956262404
5664,0.15913768295877975,8.283400285857807,8.12426260289903
5665,0.2269910659082302,8.263703282573571,8.03671221666534
5666,0.36294805987237916,8.364176314387842,8.00122825451546
5667,0.27247937665027105,8.270014134847612,7.99753475819734
5668,0.3493729136431008,8.357386712079435,8.00801379843633
5669,0.2842188873523015,8.294016823896877,8.00979793654458
5670,0.40429690871611523,8.311302435267923,7.90700552655181
5671,0.27505746763002825,8.306235752457727,8.0311782848277
5672,0.500381254010838,8.426188926736478,7.92580767272564
5673,0.30209105928017665,8.248323039559558,7.94623198027938
5674,0.2641389709892171,8.177162428643447,7.91302345765423
5675,0.4363296287474488,8.369473023959182,7.93314339521173
5676,0.39013486600323455,8.297471781274025,7.90733691527079
5677,0.29729820053486206,8.30351260757064,8.00621440703578
5678,0.4217325986318196,8.400833974592901,7.97910137596108
5679,0.3257071740962709,8.303453615983061,7.97774644188679
5680,0.3154251027804046,8.3365463131432,8.0211212103628
5681,0.2154608737713856,8.160332484196637,7.94487161042525
5682,0.39537953333360437,8.29900284178262,7.90362330844902
5683,0.3968524940217627,8.358419239585317,7.96156674556355
5684,0.26802319335420116,8.21300539544678,7.94498220209258
5685,0.33850144549983296,8.332091669450538,7.9935902239507
5686,0.3267824866389434,8.34788140559548,8.02109891895654
5687,0.2710568089884754,8.214846721388211,7.94378991239974
5688,0.3253620794663599,8.342067453866237,8.01670537439988
5689,0.3848968195758703,8.232826831878526,7.84793001230266
5690,0.398988446297751,8.356535216087245,7.95754676978949
5691,0.38331807479710767,8.34421930481655,7.96090123001944
5692,0.28045657871897456,8.32658337632246,8.04612679760349
5693,0.2035568998578325,8.186041704115565,7.98248480425773
5694,0.42896585854628233,8.418402703700204,7.98943684515392
5695,0.33586375378414923,8.33797185304184,8.00210809925769
5696,0.3761953062613745,8.320146072511934,7.94395076625056
5697,0.3788729803718923,8.381215565118804,8.00234258474691
5698,0.3558317396514363,8.402144802861427,8.04631306320999
5699,0.39485461746033623,8.320954782030055,7.92610016456972
5700,0.278149732898905,8.24082626956676,7.96267653666786
5701,0.3753017931509725,8.356876543321265,7.98157475017029
5702,0.41661214125397816,8.348437495594764,7.93182535434079
5703,0.22153379206657411,8.273284711225603,8.05175091915903
5704,0.2586700379505661,8.236230141852579,7.97756010390201
5705,0.22731050580608533,8.164378139930433,7.93706763412435
5706,0.3575270041835066,8.230578058505959,7.87305105432245
5707,0.3415717242015559,8.192335035917617,7.85076331171606
5708,0.3596279202522122,8.321370123196774,7.96174220294456
5709,0.2740862975612841,8.241109511779785,7.9670232142185
5710,0.23973369829570826,8.300559794124727,8.06082609582902
5711,0.2637079440037258,8.191392306742575,7.92768436273885
5712,0.35653802969276105,8.320441061588232,7.96390303189547
5713,0.3923023396637003,8.256160281717435,7.86385794205373
5714,0.29774331796826764,8.31943394506607,8.0216906270978
5715,0.3098662221877846,8.303244071012404,7.99337784882462
5716,0.38293047888015785,8.341529133123599,7.95859865424344
5717,0.3975534369891719,8.378471103480948,7.98091766649178
5718,0.21727126817525946,8.218156389855679,8.00088512168042
5719,0.4005751508675742,8.346608812588403,7.94603366172083
5720,0.22725189272989232,8.275737662835573,8.04848577010568
5721,0.2835427909347895,8.288488190862656,8.00494539992787
5722,0.24297889221032556,8.166936710353575,7.92395781814325
5723,0.36608025860704785,8.406935158171224,8.04085489956418
5724,0.29169465739823774,8.275347781339967,7.98365312394173
5725,0.3403297183859316,8.41032120932659,8.06999149094066
5726,0.34806465136496084,8.320384919170573,7.97232026780561
5727,0.46366298340832013,8.375609096051534,7.91194611264321
5728,0.3525154939472263,8.312914506829202,7.96039901288198
5729,0.3340304726454372,8.342125952576604,8.00809547993117
5730,0.3035152619405222,8.219398564955616,7.91588330301509
5731,0.38524072547380467,8.392974752259473,8.00773402678567
5732,0.3995363150223214,8.269185475523036,7.86964916050071
5733,0.35819136758406905,8.371680752773662,8.01348938518959
5734,0.3159607924934781,8.288319087105133,7.97235829461165
5735,0.2941236591189371,8.281746509419989,7.98762285030105
5736,0.3892955422092476,8.314025830685328,7.92473028847608
5737,0.3743318379707482,8.314725226414112,7.94039338844336
5738,0.28882376814935856,8.244693740198612,7.95586997204925
5739,0.27746509293945726,8.20449850136829,7.92703340842883
5740,0.21696648633801757,8.219849895751992,8.00288340941397
5741,0.34691566726567746,8.349310570628909,8.00239490336323
5742,0.3616987852040064,8.372243370507546,8.01054458530354
5743,0.29204437399507305,8.356465759273823,8.06442138527875
5744,0.36361859410737074,8.351821845374552,7.98820325126718
5745,0.30513276377284654,8.272877991482826,7.96774522770998
5746,0.36047403763280667,8.388497073046235,8.02802303541343
5747,0.20712026930391278,8.263159992016117,8.0560397227122
5748,0.3102176161466695,8.309863353750229,7.99964573760356
5749,0.2971146428223481,8.3259532963708,8.02883865354845
5750,0.30699464373079294,8.263893579824218,7.95689893609343
5751,0.34650137726750685,8.29350845184823,7.94700707458072
5752,0.3097900425475154,8.41070900692437,8.10091896437685
5753,0.2913293328414557,8.392385289715474,8.10105595687402
5754,0.37922629414198045,8.286852157514888,7.90762586337291
5755,0.36312324027830906,8.336894230882107,7.9737709906038
5756,0.3359483863442906,8.301535097158935,7.96558671081464
5757,0.2737262783706687,8.27029284349754,7.99656656512687
5758,0.3160050002564362,8.351272899024837,8.0352678987684
5759,0.33963733950494523,8.327088974497604,7.98745163499266
5760,0.38071543587616524,8.36853115786455,7.98781572198839
5761,0.3946307152445476,8.331941501682765,7.93731078643822
5762,0.39855413911396576,8.362329935484475,7.96377579637051
5763,0.2767631464170949,8.329698289790349,8.05293514337325
5764,0.36636644240331595,8.237444808047636,7.87107836564432
5765,0.3136334665064309,8.286978792451883,7.97334532594545
5766,0.25716594829840045,8.27689278747523,8.01972683917683
5767,0.40257643639949936,8.353624391496332,7.95104795509683
5768,0.36420817025763347,8.31906784961604,7.95485967935841
5769,0.4196822637471273,8.347230619070226,7.9275483553231
5770,0.20410726123159678,8.261741389547495,8.0576341283159
5771,0.276675324391816,8.353617528719754,8.07694220432794
5772,0.3767493387682586,8.296463110343963,7.9197137715757
5773,0.3130634910019351,8.323221114263038,8.0101576232611
5774,0.3826295305208659,8.361728561518742,7.97909903099788
5775,0.30445611911258463,8.365040073444591,8.06058395433201
5776,0.26261661747646975,8.280949968194095,8.01833335071763
5777,0.3715131507682945,8.33414574463894,7.96263259387065
5778,0.47214747970755044,8.397624819266483,7.92547733955893
5779,0.4399535986256023,8.201889293083138,7.76193569445754
5780,0.3434104982411107,8.294629591366576,7.95121909312546
5781,0.3056345981463661,8.316973688300873,8.01133909015451
5782,0.39305589039075167,8.391073548934212,7.99801765854346
5783,0.34865790999138857,8.292919734279241,7.94426182428785
5784,0.25105454033730185,8.258867658888859,8.00781311855156
5785,0.3125419142124655,8.297481287402112,7.98493937318965
5786,0.36013332685315286,8.285989833036822,7.92585650618367
5787,0.38262418582095153,8.331045205295005,7.94842101947405
5788,0.2925143684517749,8.28350853829263,7.99099416984085
5789,0.2280653576610523,8.265873671612283,8.03780831395123
5790,0.3295634023882569,8.362335706422456,8.0327723040342
5791,0.3107853150859796,8.260215811981487,7.94943049689551
5792,0.3535962268703936,8.347825372272185,7.99422914540179
5793,0.3053672442389535,8.25100452457413,7.94563728033518
5794,0.29149412844765044,8.247055031632469,7.95556090318482
5795,0.36449351806311003,8.35219831391591,7.9877047958528
5796,0.3357006819952207,8.215010893330398,7.87931021133518
5797,0.26093026761122323,8.162649963625181,7.90171969601396
5798,0.28149464674779656,8.24989919717858,7.96840455043078
5799,0.36827731923629464,8.297078578270062,7.92880125903377
5800,0.42084340978052015,8.387669651505131,7.96682624172461
5801,0.26961394879499473,8.340931409268352,8.07131746047336
5802,0.3086991956591487,8.231379530807331,7.92268033514818
5803,0.4501648612106586,8.481777774215887,8.03161291300523
5804,0.39885369830200534,8.326438728338454,7.92758503003645
5805,0.438312387219724,8.40610679496349,7.96779440774377
5806,0.3790634098231377,8.411070942721688,8.03200753289855
5807,0.30226554325107197,8.286835974321036,7.98457043106996
5808,0.2951461300477055,8.307267398192275,8.01212126814457
5809,0.3175869216882364,8.212621970944651,7.89503504925641
5810,0.27804643148070235,8.233112302417704,7.955065870937
5811,0.34402538286265627,8.279679319044392,7.93565393618174
5812,0.2891825195467355,8.217129609020592,7.92794708947386
5813,0.39899929514216353,8.392082975450645,7.99308368030848
5814,0.2621350236912929,8.24183905431845,7.97970403062716
5815,0.34485925174898535,8.233525410767761,7.88866615901878
5816,0.33027060088254884,8.339219383714253,8.0089487828317
5817,0.2749531814597232,8.202251823757575,7.92729864229785
5818,0.2419946551466783,8.235285166581038,7.99329051143436
5819,0.41723333870713,8.353590140315656,7.93635680160853
5820,0.31286327470094605,8.294311681216056,7.98144840651511
5821,0.45764376234384146,8.287798795848689,7.83015503350485
5822,0.3120462366046307,8.299091658205734,7.9870454216011
5823,0.3365460280220644,8.327504236629668,7.9909582086076
5824,0.31994560641423947,8.368733517471233,8.04878791105699
5825,0.39383372370234676,8.313301821125693,7.91946809742335
5826,0.2891542524594286,8.390509558209095,8.10135530574967
5827,0.22290382655024019,8.263813984071533,8.04091015752129
5828,0.26393951436015356,8.247157692617158,7.983218178257
5829,0.3819263859754734,8.295947026167914,7.91402064019244
5830,0.363528068102441,8.336927157922212,7.97339908981977
5831,0.21987224211613188,8.259922302156737,8.0400500600406
5832,0.2666245727032284,8.353576369438043,8.08695179673481
5833,0.21473648562033215,8.176591142838197,7.96185465721786
5834,0.3148885640372767,8.321619425193575,8.0067308611563
5835,0.3908283987058724,8.423406847894555,8.03257844918868
5836,0.33934352453140476,8.364518880894535,8.02517535636313
5837,0.3231022783576392,8.28270676139371,7.95960448303607
5838,0.3464752596306955,8.315359637135915,7.96888437750522
5839,0.35647274445473703,8.328366259088764,7.97189351463403
5840,0.2881467649198566,8.298747353904169,8.01060058898431
5841,0.41500052064793647,8.287352895477461,7.87235237482952
5842,0.32916117184160565,8.435905174826116,8.10674400298451
5843,0.24792747805550924,8.263857249514647,8.01592977145914
5844,0.4272628634201269,8.467048206372041,8.03978534295191
5845,0.25291888095701265,8.303556711145292,8.05063783018828
5846,0.3148194965399873,8.35782922678328,8.04300973024329
5847,0.2267165800950684,8.176962178079476,7.95024559798441
5848,0.3430191639648193,8.312292477102279,7.96927331313746
5849,0.35729599401814216,8.383789986458638,8.0264939924405
5850,0.356900389063652,8.269841763728875,7.91294137466522
5851,0.3501652322503549,8.315344902338154,7.9651796700878
5852,0.2948319492692775,8.351263438864045,8.05643148959477
5853,0.23426717151738008,8.237916598744233,8.00364942722685
5854,0.45404858787052366,8.385481433525587,7.93143284565506
5855,0.3618074250565717,8.257098552756787,7.89529112770022
5856,0.3072767837934259,8.373130132012742,8.06585334821932
5857,0.37366161177369267,8.258412574686268,7.88475096291258
5858,0.22497622132184647,8.208282733527911,7.98330651220606
5859,0.3710581850610372,8.256020063421936,7.8849618783609
5860,0.3238172307725318,8.30739172534887,7.98357449457634
5861,0.40853480651669133,8.40991637819618,8.00138157167949
5862,0.25282753124389246,8.247262523929166,7.99443499268527
5863,0.32777067803120646,8.358064857885097,8.03029417985389
5864,0.31851908959460673,8.317927186328683,7.99940809673408
5865,0.4328734367581938,8.40762899326924,7.97475555651105
5866,0.3634522075353185,8.203930643608652,7.84047843607333
5867,0.22959860617677622,8.293688664022495,8.06409005784572
5868,0.28850446316887607,8.344513791817123,8.05600932864825
5869,0.32932141929906417,8.3599129865294,8.03059156723033
5870,0.34580688893701617,8.37881708201971,8.03301019308269
5871,0.3462818031996131,8.3213215347423,7.97503973154269
5872,0.36401260584308504,8.343497036112282,7.9794844302692
5873,0.3756393224242253,8.259983542349252,7.88434421992503
5874,0.274488832414149,8.27229166026796,7.99780282785381
5875,0.5317036197016202,8.385850018608327,7.85414639890671
5876,0.34083147493990745,8.264635887003962,7.92380441206405
5877,0.21555868559021843,8.22563871268812,8.0100800270979
5878,0.3093141240991383,8.279956389936052,7.97064226583691
5879,0.35936816556728673,8.36800461450334,8.00863644893605
5880,0.3191395217957463,8.302801844707249,7.9836623229115
5881,0.3343452970866881,8.244168033967124,7.90982273688044
5882,0.3417141088828919,8.271906092043043,7.93019198316015
5883,0.36730235839956077,8.288226756964217,7.92092439856466
5884,0.34494020455941343,8.379293425521457,8.03435322096204
5885,0.352332204426861,8.306551684244235,7.95421947981737
5886,0.1935276388957406,8.135589616875958,7.94206197798022
5887,0.30882669067041335,8.283413540336813,7.9745868496664
5888,0.3564986390131779,8.348772456564586,7.99227381755141
5889,0.2686009910698886,8.331105681543615,8.06250469047373
5890,0.3117032765168255,8.337247205758924,8.0255439292421
5891,0.3789627055308725,8.301805840702347,7.92284313517147
5892,0.4525430896254695,8.381061563307512,7.92851847368204
5893,0.4349429202583357,8.364452203569234,7.9295092833109
5894,0.3401658459827429,8.317269696868212,7.97710385088547
5895,0.31575835196711344,8.273669971597199,7.95791161963009
5896,0.32466381629132957,8.297531904155946,7.97286808786462
5897,0.2867105736308764,8.197276283845074,7.9105657102142
5898,0.4183210374016745,8.318131303571105,7.89981026616943
5899,0.32078299944326594,8.292909613024698,7.97212661358143
5900,0.3863095017924903,8.329439668830696,7.94313016703821
5901,0.42309526289061083,8.401029764030206,7.9779345011396
5902,0.36096534226243,8.348928176302687,7.98796283404026
5903,0.3643204191177882,8.245571535300542,7.88125111618275
5904,0.3769092427232263,8.203510295625012,7.82660105290179
5905,0.3643848598366224,8.349283932405369,7.98489907256875
5906,0.35614022967933323,8.340645864536725,7.98450563485739
5907,0.20594939561990247,8.160945406973635,7.95499601135373
5908,0.3451952285750534,8.302262255421638,7.95706702684658
5909,0.411710964903603,8.334676151344919,7.92296518644132
5910,0.25185477662044176,8.182509203095334,7.93065442647489
5911,0.37649068215804815,8.344183088417576,7.96769240625953
5912,0.3662751447262815,8.355716417615602,7.98944127288932
5913,0.23645265591237175,8.19773133870449,7.96127868279212
5914,0.3618951565953183,8.32754698547129,7.96565182887597
5915,0.27188272328649415,8.357929193964138,8.08604647067764
5916,0.3265310977845445,8.325408866358648,7.9988777685741
5917,0.24214321524344254,8.33621583781121,8.09407262256777
5918,0.41646760450530834,8.353946245441461,7.93747864093615
5919,0.3621510455145015,8.3184823190357,7.9563312735212
5920,0.2913814112834357,8.257399553304367,7.96601814202093
5921,0.3162436655980948,8.291788519360061,7.97554485376197
5922,0.4191570608845353,8.375297581682506,7.95614052079797
5923,0.48284540198483494,8.444433208701565,7.96158780671673
5924,0.40113647067839076,8.370334348669504,7.96919787799111
5925,0.36975007175018465,8.1459210550061,7.77617098325592
5926,0.41367345794970856,8.33489800525613,7.92122454730642
5927,0.42686899277865303,8.369406438933474,7.94253744615482
5928,0.33116459893207545,8.257060013934499,7.92589541500242
5929,0.4271322926185494,8.273837645489401,7.84670535287085
5930,0.39445179110552436,8.266260901029439,7.87180910992391
5931,0.2594150632977046,8.1804835942146,7.9210685309169
5932,0.32377018815550457,8.277651007829906,7.9538808196744
5933,0.2717273812758483,8.321219019980916,8.04949163870507
5934,0.34079041228651147,8.387380572842225,8.04659016055571
5935,0.32153229305165393,8.268573732316506,7.94704143926485
5936,0.29165557828917654,8.261981807661122,7.97032622937195
5937,0.3200623885419786,8.396609659867313,8.07654727132533
5938,0.31790019531208297,8.401637203474598,8.08373700816252
5939,0.33736922279930875,8.211185904553409,7.8738166817541
5940,0.380824874140939,8.281890483282579,7.90106560914164
5941,0.33968364799035766,8.252909258725648,7.91322561073529
5942,0.41615885860699414,8.404631222572856,7.98847236396586
5943,0.2928355932275614,8.258037012689542,7.96520141946198
5944,0.3111988328335317,8.378724207966817,8.06752537513329
5945,0.33595520246314786,8.294611865552284,7.95865666308914
5946,0.33627857603129946,8.333422752479278,7.99714417644798
5947,0.3642377847558619,8.27755027825047,7.91331249349461
5948,0.3898097142677169,8.287436782836169,7.89762706856845
5949,0.3488579466568824,8.25883201766609,7.90997407100921
5950,0.24455167610939013,8.143439750200539,7.89888807409115
5951,0.37393411006007043,8.317415935784856,7.94348182572479
5952,0.34186647947066295,8.33672480232442,7.99485832285376
5953,0.3874691388486306,8.178802671969748,7.79133353312112
5954,0.3190068450658506,8.308745463488943,7.98973861842309
5955,0.3092591531303338,8.330703198907756,8.02144404577742
5956,0.4389210638329998,8.363822853416746,7.92490178958375
5957,0.29904636475937607,8.240337432698913,7.94129106793954
5958,0.34215245637682945,8.341376177036787,7.99922372065996
5959,0.422279407193834,8.410262646240405,7.98798323904657
5960,0.3111746532241582,8.247393408393778,7.93621875516962
5961,0.2808352410934648,8.321342130599001,8.04050688950554
5962,0.3171272114742843,8.359712961481137,8.04258575000685
5963,0.37557284083388015,8.406590499153307,8.03101765831943
5964,0.34113887234301654,8.29327536959537,7.95213649725235
5965,0.27646782435744355,8.261424089839249,7.9849562654818
5966,0.3974112525730793,8.374209335565514,7.97679808299243
5967,0.3901022051042439,8.21731002686781,7.82720782176357
5968,0.23690815255802494,8.35418352937019,8.11727537681216
5969,0.23914455971332443,8.173321993107157,7.93417743339383
5970,0.28907070958524783,8.295199627006891,8.00612891742164
5971,0.33132183510275065,8.287828145373986,7.95650631027124
5972,0.2858483474466652,8.178149857030963,7.8923015095843
5973,0.4423487266582712,8.345487964620101,7.90313923796183
5974,0.33790417758210145,8.294887952547944,7.95698377496584
5975,0.26175310144324193,8.285358074244675,8.02360497280143
5976,0.33545299508993187,8.2768283189303,7.94137532384037
5977,0.4134241376556706,8.40105905252792,7.98763491487225
5978,0.3700200203974279,8.4193874850675,8.04936746467007
5979,0.3126943139513381,8.286641395723766,7.97394708177243
5980,0.329558699645028,8.27537494236333,7.9458162427183
5981,0.41829799783951155,8.302198747082748,7.88390074924324
5982,0.22577207652263084,8.33942619336037,8.11365411683774
5983,0.3048567727025815,8.290553028623048,7.98569625592047
5984,0.28812075764030054,8.22217924941446,7.93405849177416
5985,0.37242722865592626,8.295124857791425,7.9226976291355
5986,0.41846984989931246,8.445500447485319,8.02703059758601
5987,0.3790498712833514,8.294756686064268,7.91570681478092
5988,0.30232570796395436,8.241171044522867,7.93884533655891
5989,0.277325111287566,8.274685028093282,7.99735991680572
5990,0.39507922297496934,8.296808370782296,7.90172914780733
5991,0.3990995726593358,8.275337876357181,7.87623830369785
5992,0.3067266180562428,8.298491894391251,7.99176527633501
5993,0.25834132676218874,8.267498571702125,8.00915724493994
5994,0.2835316294054783,8.27847205165492,7.99494042224944
5995,0.2840845143499659,8.275375571043298,7.99129105669333
5996,0.3737777895660224,8.325795344854116,7.95201755528809
5997,0.4646240492019003,8.410898909426805,7.94627486022491
5998,0.3191628038045228,8.286436331043195,7.96727352723867
5999,0.2976694046694431,8.317731471043574,8.02006206637413
6000,0.34314739173951353,8.23037003692141,7.8872226451819
6001,0.36659537722922614,8.315727105558357,7.94913172832913
6002,0.3257609630186827,8.288728376298147,7.96296741327946
6003,0.2893994411009167,8.305653147657114,8.0162537065562
6004,0.4075317097344837,8.350866198255193,7.94333448852071
6005,0.21783655536966115,8.180596964156841,7.96276040878718
6006,0.29823149701442175,8.293119917975943,7.99488842096152
6007,0.4256498068538078,8.316648980052245,7.89099917319844
6008,0.34323409457376175,8.290161671155909,7.94692757658215
6009,0.2666884194113084,8.193659015297294,7.92697059588599
6010,0.3368650794546325,8.166616005788004,7.82975092633337
6011,0.38143308576076723,8.340197775835989,7.95876469007522
6012,0.31391691978271485,8.287848002176853,7.97393108239414
6013,0.2344472150156929,8.221651106149729,7.98720389113404
6014,0.3704154060857074,8.258253983743993,7.88783857765829
6015,0.29476744725598847,8.238331079303189,7.9435636320472
6016,0.37547551687748093,8.32122039766427,7.94574488078679
6017,0.30631565532341426,8.25780714507302,7.95149148974961
6018,0.4088991943802735,8.31155847205776,7.90265927767749
6019,0.28588073096321387,8.348810482184225,8.06292975122101
6020,0.2970867731506693,8.31719575984888,8.02010898669821
6021,0.21371062964239346,8.244656607425453,8.03094597778306
6022,0.3605579564412928,8.345001064642554,7.98444310820126
6023,0.31110705609873096,8.300179152654627,7.9890720965559
6024,0.22696429855964192,8.171009543094325,7.94404524453468
6025,0.34960774090825814,8.35743972127958,8.00783198037132
6026,0.38965639455079293,8.365095669851975,7.97543927530118
6027,0.3151244661731817,8.319221772918379,8.0040973067452
6028,0.32636417653754685,8.272366082134555,7.94600190559701
6029,0.3000731353661763,8.204971621444285,7.90489848607811
6030,0.2859962878452041,8.330952543286546,8.04495625544134
6031,0.23362925982578508,8.267852213267906,8.03422295344212
6032,0.25520750441272744,8.24852659408622,7.99331908967349
6033,0.33444975195830057,8.317539193906097,7.9830894419478
6034,0.2617708133148234,8.20034891545996,7.93857810214514
6035,0.39326540317458375,8.310685116531053,7.91741971335647
6036,0.32696624839290633,8.225403809941598,7.89843756154869
6037,0.3203538335759472,8.252436154929645,7.9320823213537
6038,0.3472325348654867,8.324851215875965,7.97761868101048
6039,0.2837089263576099,8.25424436401701,7.9705354376594
6040,0.3082302840487429,8.253292237815955,7.94506195376721
6041,0.2887485276263982,8.352709696171358,8.06396116854496
6042,0.3858763872902364,8.346394485847318,7.96051809855708
6043,0.06455883410882686,8.153162428910793,8.08860359480197
6044,0.2587543208403494,8.195552319646062,7.93679799880571
6045,0.24578181011461822,8.309581593323887,8.06379978320927
6046,0.4419935541542407,8.290222057916527,7.84822850376229
6047,0.24761915982644214,8.312887535855412,8.06526837602897
6048,0.31648708604985837,8.288866987136352,7.97237990108649
6049,0.33624785505246246,8.400929770496472,8.06468191544401
6050,0.29861571094891975,8.228565966851399,7.92995025590248
6051,0.26528282354059973,8.235757018361157,7.97047419482056
6052,0.18745595468794143,8.196071338700444,8.0086153840125
6053,0.33286308067550685,8.352247203898541,8.01938412322303
6054,0.32729905445591234,8.277830180886868,7.95053112643096
6055,0.3686991922273601,8.303375832638928,7.93467664041157
6056,0.25109960999922676,8.346289772544374,8.09519016254515
6057,0.40880221528799,8.324177007236344,7.91537479194835
6058,0.3459229818659424,8.304980100476454,7.95905711861051
6059,0.08793163048031859,8.19026837305877,8.10233674257845
6060,0.2651752015804321,8.27868707451526,8.01351187293483
6061,0.3937288537473105,8.2750855299233,7.88135667617599
6062,0.24308576987766714,8.211341945416164,7.9682561755385
6063,0.3121776228189602,8.283613272376254,7.97143564955729
6064,0.364962401453167,8.196792346325065,7.8318299448719
6065,0.3352372062446948,8.288697141468514,7.95345993522382
6066,0.2552973909726835,8.236057232680146,7.98075984170746
6067,0.2829991130219719,8.18729230553922,7.90429319251725
6068,0.3328878774125312,8.349405285044083,8.01651740763155
6069,0.33443216955034555,8.269176098578827,7.93474392902848
6070,0.3421375656066873,8.265526838682053,7.92338927307537
6071,0.26152917124174935,8.296257568755715,8.03472839751397
6072,0.39769122204338814,8.33146527135602,7.93377404931263
6073,0.3715812478315009,8.316398638169673,7.94481739033817
6074,0.26818398084329836,8.367437274097242,8.09925329325394
6075,0.3638956535177538,8.333593280267298,7.96969762674954
6076,0.29659237488961676,8.436607235520418,8.1400148606308
6077,0.29636702532193593,8.219489436383085,7.92312241106115
6078,0.2515500459454378,8.266486443218788,8.01493639727335
6079,0.3982435481918466,8.432908832345259,8.03466528415341
6080,0.4293817366393801,8.366705105386064,7.93732336874668
6081,0.36887860627839436,8.380858291084348,8.01197968480595
6082,0.3316826874066653,8.21188259335363,7.88019990594696
6083,0.3213257794363236,8.283614824033274,7.96228904459695
6084,0.3477792915333467,8.321603544951332,7.97382425341798
6085,0.26310384282020577,8.241881489205252,7.97877764638505
6086,0.3078573297137241,8.331267677274306,8.02341034756058
6087,0.4022774734174192,8.287908351179535,7.88563087776212
6088,0.38112702592428394,8.314006694662636,7.93287966873835
6089,0.2920307989982395,8.250339325364545,7.9583085263663
6090,0.2533815249523049,8.316615645278567,8.06323412032626
6091,0.15617956641330166,8.32076617115481,8.16458660474151
6092,0.3396468952123933,8.289283679432213,7.94963678421982
6093,0.2571719380426379,8.290948483979175,8.03377654593654
6094,0.37947666152160975,8.328902624074544,7.94942596255293
6095,0.4317422606873735,8.301843478210799,7.87010121752343
6096,0.3657627401254028,8.255889531190762,7.89012679106536
6097,0.2900137475679398,8.248367434511126,7.95835368694319
6098,0.3975758307103511,8.434552071901765,8.03697624119141
6099,0.26002739532437036,8.206291700881419,7.94626430555705
6100,0.4063291841266463,8.366113237684678,7.95978405355803
6101,0.36907902597831177,8.363210172957551,7.99413114697924
6102,0.24516275142816693,8.105178719150938,7.86001596772277
6103,0.3568596144851169,8.338445941162462,7.98158632667734
6104,0.40628865550453375,8.331627595975846,7.92533894047131
6105,0.2808776565048479,8.268141689497035,7.98726403299219
6106,0.21561916357678654,8.12163149252302,7.90601232894623
6107,0.18876672418603138,8.142105763498058,7.95333903931203
6108,0.2870054279936835,8.234627472402043,7.94762204440836
6109,0.38633502153688304,8.288102315026414,7.90176729348953
6110,0.3005299856015645,8.263596232027309,7.96306624642574
6111,0.3113946314579006,8.33536565239358,8.02397102093568
6112,0.3968426089501811,8.26393640244683,7.86709379349665
6113,0.27247378949061357,8.32804540230222,8.05557161281161
6114,0.35058978937457186,8.415449472393677,8.0648596830191
6115,0.29242550695833297,8.345186261251639,8.05276075429331
6116,0.23833595586860934,8.226946803413638,7.98861084754503
6117,0.3057320715943695,8.288404955152563,7.98267288355819
6118,0.3480830634606876,8.403555371627267,8.05547230816658
6119,0.40801327571908436,8.273171482778318,7.86515820705923
6120,0.34748004627735785,8.295408903679187,7.94792885740183
6121,0.3478733579112672,8.246764186280208,7.89889082836894
6122,0.40977883821191674,8.470548081293035,8.06076924308112
6123,0.26251618631116197,8.35959359750442,8.09707741119326
6124,0.2988158328768494,8.16763656966112,7.86882073678427
6125,0.2818104376780959,8.307846804236263,8.02603636655817
6126,0.3149472158972069,8.297807181317095,7.98285996541989
6127,0.4601283363840997,8.373946926407298,7.9138185900232
6128,0.35414622367038706,8.355747942884616,8.00160171921423
6129,0.42868756066449704,8.412556480318303,7.98386891965381
6130,0.3573648617013828,8.316706308509398,7.95934144680801
6131,0.18040992414223564,8.210711309560494,8.03030138541826
6132,0.42006634383129887,8.349051862914564,7.92898551908327
6133,0.3596284638702205,8.392884727599988,8.03325626372977
6134,0.2210398670735085,8.244200016534915,8.02316014946141
6135,0.39828394879257234,8.401283171691691,8.00299922289912
6136,0.36298245052294925,8.278379446365022,7.91539699584207
6137,0.358472587130656,8.326300462979791,7.96782787584914
6138,0.3466344758895371,8.32687394685703,7.98023947096749
6139,0.37863982726647194,8.381901370083071,8.0032615428166
6140,0.23158886615564342,8.154025706257304,7.92243684010166
6141,0.3184788031356602,8.233194197282495,7.91471539414684
6142,0.3082336307074028,8.257449050565704,7.9492154198583
6143,0.35574830822433795,8.27079815396815,7.91504984574381
6144,0.1866085045496886,8.243405429848135,8.05679692529845
6145,0.4327653131134111,8.34709558607928,7.91433027296587
6146,0.40501577050002424,8.275177449738887,7.87016167923886
6147,0.28228098451781525,8.239111776146261,7.95683079162845
6148,0.3447383720017904,8.318092135123946,7.97335376312216
6149,0.24019786345786528,8.188325814377857,7.94812795091999
6150,0.32361780862310013,8.268496010649327,7.94487820202623
6151,0.3946535511626753,8.33658012941476,7.94192657825208
6152,0.31535552752977436,8.264731461908811,7.94937593437904
6153,0.35308357328275647,8.211182273883386,7.85809870060063
6154,0.38848820636064707,8.273225687399341,7.88473748103869
6155,0.34716489385422394,8.423062177033737,8.07589728317951
6156,0.24962019898398422,8.19764580140576,7.94802560242178
6157,0.4755050522471865,8.364535852962229,7.88903080071504
6158,0.3375247548514678,8.237156313191852,7.89963155834038
6159,0.30579832081539227,8.319046275572404,8.01324795475701
6160,0.4163036578226154,8.335087086945991,7.91878342912338
6161,0.5132222359368471,8.414229603699425,7.90100736776258
6162,0.42712649399359087,8.352281158617735,7.92515466462414
6163,0.4649531712554796,8.408965635345998,7.94401246409052
6164,0.3817482774541367,8.37699910060296,7.99525082314882
6165,0.31941085666331065,8.340472811877456,8.02106195521415
6166,0.25508045540564633,8.265541667938463,8.01046121253282
6167,0.29695658091422084,8.254435085914002,7.95747850499978
6168,0.24398476967608768,8.20526631961345,7.96128154993736
6169,0.3108725496923121,8.295631426589711,7.9847588768974
6170,0.4026487164329715,8.30157551835444,7.89892680192147
6171,0.35017527329925874,8.264274188821949,7.91409891552269
6172,0.3156711693182428,8.348070129671449,8.03239896035321
6173,0.3345374600081816,8.236761337398319,7.90222387739014
6174,0.40172971955553793,8.265007152994714,7.86327743343918
6175,0.41189947306231794,8.44307448363741,8.03117501057509
6176,0.23363645616799658,8.292884493113043,8.05924803694505
6177,0.42560484441712143,8.336145543349238,7.91054069893212
6178,0.3712753963117528,8.314663368726618,7.94338797241487
6179,0.378066507870263,8.333166888346664,7.9551003804764
6180,0.34340016992446515,8.251558200594028,7.90815803066956
6181,0.35150358926996217,8.293563260715256,7.94205967144529
6182,0.4118342115457364,8.5065457643906,8.09471155284486
6183,0.34872786548184315,8.330161928178407,7.98143406269656
6184,0.38549924704535954,8.358893600259421,7.97339435321406
6185,0.29027292434157503,8.299058462763604,8.00878553842203
6186,0.4261458378568446,8.320779570307096,7.89463373245025
6187,0.3197672658939592,8.212207678846507,7.89244041295255
6188,0.231067194261245,8.30385926063755,8.07279206637631
6189,0.31666499526749536,8.416917657061225,8.10025266179373
6190,0.3172629678240082,8.253378835674614,7.93611586785061
6191,0.1755411637373506,8.207718783390817,8.03217761965347
6192,0.395850904123501,8.261450105184592,7.86559920106109
6193,0.44246591028457577,8.427992475596053,7.98552656531148
6194,0.41434937321818827,8.357306651293923,7.94295727807573
6195,0.477176959530686,8.40960144723211,7.93242448770142
6196,0.3071002228296743,8.320218796062761,8.01311857323309
6197,0.3043814507018393,8.257695237410543,7.9533137867087
6198,0.35367955886808905,8.226145851427313,7.87246629255922
6199,0.31436504857894193,8.281744021562217,7.96737897298327
6200,0.16489201115789887,8.2361716067951,8.0712795956372
6201,0.37645600997009426,8.338416943172856,7.96196093320276
6202,0.287031594772691,8.207474597915915,7.92044300314322
6203,0.33047857797904345,8.276152956178294,7.94567437819925
6204,0.33147532819419123,8.358491384688149,8.02701605649396
6205,0.3893340463641244,8.269956597110438,7.88062255074631
6206,0.328048850272324,8.32559674596059,7.99754789568827
6207,0.3612687617738177,8.320892686139924,7.95962392436611
6208,0.29041913795505236,8.214294799731245,7.92387566177619
6209,0.4656268009791209,8.315178105927401,7.84955130494828
6210,0.3729962954229546,8.333545700768424,7.96054940534547
6211,0.31333586576871714,8.269711327196564,7.95637546142785
6212,0.28391518130627785,8.250140171398078,7.9662249900918
6213,0.39890588581640607,8.39869629449518,7.99979040867877
6214,0.44466506474663214,8.315713026025469,7.87104796127884
6215,0.3628348474421053,8.287023631179354,7.92418878373725
6216,0.380865448568492,8.342695372632297,7.96182992406381
6217,0.2677911750059302,8.266500648765929,7.99870947376
6218,0.28339820735325894,8.301577959537262,8.018179752184
6219,0.3829658101705386,8.436223987587232,8.05325817741669
6220,0.3426174969262884,8.316224035385439,7.97360653845915
6221,0.3712363179623362,8.318902250061813,7.94766593209948
6222,0.2637263976287586,8.235208375641498,7.97148197801274
6223,0.21565199826797443,8.165976316107397,7.95032431783942
6224,0.3622285667659408,8.336311036614727,7.97408246984879
6225,0.3202462164228633,8.261938876164699,7.94169265974184
6226,0.2873193960002885,8.278988923119803,7.99166952711951
6227,0.1948500040373726,8.13866625562691,7.94381625158954
6228,0.38175715038809677,8.358355530382248,7.97659837999415
6229,0.4039312838833653,8.376258758843822,7.97232747496046
6230,0.36281295342006187,8.290217886432266,7.9274049330122
6231,0.3656983481645996,8.245071502649802,7.8793731544852
6232,0.47454520042445353,8.343666498790629,7.86912129836618
6233,0.5069197204489533,8.320339983793035,7.81342026334408
6234,0.31991309105239285,8.254205663108692,7.9342925720563
6235,0.3012048644507472,8.316278295992136,8.01507343154139
6236,0.30740584494034356,8.278764537346312,7.97135869240597
6237,0.3842961164597555,8.344268927782187,7.95997281132243
6238,0.4074142931455758,8.40516047529942,7.99774618215384
6239,0.3113016229257205,8.342655848651093,8.03135422572537
6240,0.3970810262123736,8.236920083752407,7.83983905754003
6241,0.31289325912394816,8.371973207743643,8.0590799486197
6242,0.4058326134826219,8.362030623409812,7.95619800992719
6243,0.25360067649581236,8.157409336890813,7.903808660395
6244,0.28348901334544985,8.290909510879604,8.00742049753415
6245,0.3293141335175586,8.362392703249498,8.03307856973194
6246,0.25363034071077806,8.23836820599876,7.98473786528798
6247,0.3670254360858824,8.267111727736301,7.90008629165042
6248,0.3253735150298804,8.33052423688376,8.00515072185388
6249,0.21906475086604058,8.264944278699815,8.04587952783377
6250,0.3246139196253532,8.250385427425249,7.9257715077999
6251,0.2911759718177815,8.23863418683422,7.94745821501644
6252,0.2195296064450559,8.246963859390464,8.02743425294541
6253,0.3953780544824073,8.376938796427858,7.98156074194545
6254,0.31507005244474945,8.358001563243475,8.04293151079873
6255,0.4353468692512249,8.433890160770863,7.99854329151964
6256,0.40645962763625837,8.397886180102278,7.99142655246602
6257,0.37730920197205625,8.31928653121416,7.9419773292421
6258,0.2577669149331623,8.292134239531968,8.03436732459881
6259,0.2924214737656551,8.237625949693658,7.945204475928
6260,0.3185731913113552,8.243073989497079,7.92450079818572
6261,0.3547455161121985,8.166654487469028,7.81190897135683
6262,0.3301332757528667,8.310325169256338,7.98019189350347
6263,0.3026928856044949,8.319848228883865,8.01715534327937
6264,0.3172275064829779,8.26172299746094,7.94449549097796
6265,0.3276162165686744,8.33449514246599,8.00687892589731
6266,0.32290521800120237,8.32037073145384,7.99746551345264
6267,0.3251678046008999,8.219126581303282,7.89395877670238
6268,0.355012375554077,8.288412475262808,7.93340009970873
6269,0.4171895425344075,8.294766751272483,7.87757720873808
6270,0.3802218738088213,8.247919792051086,7.86769791824226
6271,0.47641390985912335,8.374812957155909,7.89839904729679
6272,0.30558071555878263,8.356878565130202,8.05129784957142
6273,0.3527243823580261,8.25450567908492,7.90178129672689
6274,0.29966858693540727,8.321719816372166,8.02205122943676
6275,0.27922737408868553,8.340270052647945,8.06104267855926
6276,0.32773619427471107,8.236459627809863,7.90872343353515
6277,0.39792494142807644,8.359971297930153,7.96204635650208
6278,0.35627539359817406,8.338102439386644,7.98182704578847
6279,0.3478750051196975,8.347808268146517,7.99993326302682
6280,0.2621717765599943,8.288298633479917,8.02612685691992
6281,0.37868663666153324,8.313819615190997,7.93513297852946
6282,0.2991655291025992,8.289794978401803,7.9906294492992
6283,0.2426014351539625,8.308297386419028,8.06569595126506
6284,0.2521764898277335,8.23649564877729,7.98431915894956
6285,0.25283115082056024,8.152855717558195,7.90002456673763
6286,0.2498466575343435,8.276446004785365,8.02659934725102
6287,0.44048241524015014,8.344520055254161,7.90403764001401
6288,0.29880533946037674,8.310540528429566,8.01173518896919
6289,0.256546712644138,8.275906755992606,8.01936004334847
6290,0.27440526574407664,8.348166181808462,8.07376091606439
6291,0.33177908668096556,8.308883118394135,7.97710403171317
6292,0.34271705308183437,8.337623324492885,7.99490627141105
6293,0.44207114831937516,8.351997944873489,7.90992679655411
6294,0.4023564759161343,8.384781562879239,7.9824250869631
6295,0.2977922941726179,8.207054263345318,7.9092619691727
6296,0.37927782684701383,8.24244022401284,7.86316239716583
6297,0.3936487181835499,8.335554530902833,7.94190581271928
6298,0.43371925989789445,8.32301860025934,7.88929934036145
6299,0.4037438935225121,8.374918149357658,7.97117425583515
6300,0.3482224078484291,8.256276598075353,7.90805419022692
6301,0.2784676964555355,8.174965273098948,7.89649757664341
6302,0.2717179315487453,8.273321105260287,8.00160317371154
6303,0.33864030740020856,8.237752716421726,7.89911240902152
6304,0.4302209898074741,8.32516793575092,7.89494694594345
6305,0.36680266137440465,8.371844294930474,8.00504163355607
6306,0.3091164032734166,8.251181396479662,7.94206499320625
6307,0.3101415604887911,8.219095147779873,7.90895358729108
6308,0.25648056244136774,8.230899265305226,7.97441870286386
6309,0.39612763537179435,8.339514049894012,7.94338641452222
6310,0.2798978813771989,8.19121148102278,7.91131359964558
6311,0.253233911272146,8.205096633599682,7.95186272232754
6312,0.39481830936017,8.336212310016315,7.94139400065614
6313,0.359017426122219,8.350472097399512,7.99145467127729
6314,0.2971420018994342,8.30081549510088,8.00367349320145
6315,0.33688113423761196,8.39334652025861,8.056465386021
6316,0.2770552333233688,8.255958437540812,7.97890320421744
6317,0.2672047072746869,8.250296646912537,7.98309193963785
6318,0.324710562102194,8.240443970754088,7.91573340865189
6319,0.4828175363144827,8.250584946848639,7.76776741053416
6320,0.278297713384087,8.220608515603523,7.94231080221944
6321,0.33980851460861095,8.325799469123936,7.98599095451532
6322,0.30647384479473233,8.252348570830845,7.94587472603611
6323,0.2985030219822651,8.285174696539187,7.98667167455692
6324,0.32581185695995046,8.244866159909149,7.9190543029492
6325,0.33777861193522013,8.253880307927648,7.91610169599243
6326,0.35231456405806855,8.341395435132284,7.98908087107422
6327,0.25095711312216096,8.24159720461777,7.99064009149561
6328,0.2839940997435968,8.324149810212084,8.04015571046849
6329,0.3541691124811164,8.354480877248408,8.00031176476729
6330,0.4146426112468801,8.339920207642537,7.92527759639566
6331,0.29741335633658034,8.359670499523105,8.06225714318652
6332,0.2243090392520285,8.268535072960676,8.04422603370865
6333,0.2993478866912731,8.23550789445778,7.93616000776651
6334,0.2606230650810181,8.332571304814897,8.07194823973388
6335,0.2238146970642347,8.283482755776824,8.05966805871259
6336,0.38766478096354307,8.311424352413951,7.92375957145041
6337,0.3172509394623901,8.250486663591968,7.93323572412958
6338,0.12807472280864365,8.199281947946545,8.0712072251379
6339,0.3407751875705123,8.3251233224695,7.98434813489899
6340,0.31890949998614193,8.317811652408999,7.99890215242286
6341,0.32763460386523,8.318483065505244,7.99084846164001
6342,0.25038771624782313,8.200604518100583,7.95021680185276
6343,0.2868574517913008,8.329510921503765,8.04265346971246
6344,0.26513780665930264,8.208180953475619,7.94304314681632
6345,0.2537419095667068,8.208265822494898,7.95452391292819
6346,0.33133586550166044,8.283508362954205,7.95217249745254
6347,0.45567628478794686,8.236826682838517,7.78115039805057
6348,0.36994375471715724,8.29717802976955,7.92723427505239
6349,0.3454954715118212,8.28815990364635,7.94266443213453
6350,0.2780886018266784,8.214952024333677,7.936863422507
6351,0.30880935580648283,8.370864672510601,8.06205531670412
6352,0.2738902209854549,8.366093130310018,8.09220290932456
6353,0.296136197151903,8.241087868685751,7.94495167153385
6354,0.3163294206522452,8.27439501379644,7.95806559314419
6355,0.2266350456519683,8.197533721356281,7.97089867570431
6356,0.20851954916598656,8.212234730967861,8.00371518180187
6357,0.40300840002865695,8.294808392339009,7.89179999231035
6358,0.30008258548484046,8.23807622442641,7.93799363894157
6359,0.3409050910396874,8.381851995586374,8.04094690454669
6360,0.3383574749486111,8.301991438715499,7.96363396376689
6361,0.3516486208811593,8.396555043454741,8.04490642257358
6362,0.40407871033852477,8.310875264254696,7.90679655391617
6363,0.2505541640305522,8.238572295587886,7.98801813155733
6364,0.3752820754559353,8.35927081852608,7.98398874307014
6365,0.29783626912876987,8.308554329607304,8.01071806047853
6366,0.24117831698178901,8.180060509390385,7.9388821924086
6367,0.33919434796442866,8.260499824095632,7.9213054761312
6368,0.36556023871826626,8.266412402820974,7.90085216410271
6369,0.2410208962074531,8.256095713244342,8.01507481703689
6370,0.29889928130312743,8.241937122277456,7.94303784097433
6371,0.3168100817843558,8.29082157744737,7.97401149566301
6372,0.3187303692543946,8.303473734484255,7.98474336522986
6373,0.36414637938407174,8.256752281543202,7.89260590215913
6374,0.4372565391957302,8.40092715953652,7.96367062034079
6375,0.32996368302767226,8.394494627852497,8.06453094482482
6376,0.3504770323153725,8.315022868296149,7.96454583598078
6377,0.19894977028952407,8.184065483702447,7.98511571341292
6378,0.2592529235622928,8.185833249018204,7.92658032545591
6379,0.3335623724221416,8.31417786948533,7.98061549706319
6380,0.3319903817144173,8.37464792988435,8.04265754816993
6381,0.28989829594580846,8.323294202587302,8.03339590664149
6382,0.37011415733273534,8.372753521647201,8.00263936431447
6383,0.28282607309849406,8.289721254704714,8.00689518160622
6384,0.26964023726522895,8.268204217379639,7.99856398011441
6385,0.3544331070838707,8.325550303038845,7.97111719595497
6386,0.29342618874385407,8.293170268807383,7.99974408006353
6387,0.23330200891149916,8.341648458854838,8.10834644994334
6388,0.20129366275046667,8.180211840543832,7.97891817779337
6389,0.42921256321838785,8.331544755072795,7.90233219185441
6390,0.3342542829923237,8.34971458413026,8.01546030113794
6391,0.4012649735306534,8.330336327920248,7.92907135438959
6392,0.39716279770239715,8.295210236528627,7.89804743882623
6393,0.2640157116751718,8.265800574432118,8.00178486275695
6394,0.2983372149844595,8.337217556049552,8.03888034106509
6395,0.4168880669022666,8.355237145528623,7.93834907862636
6396,0.40866866962106674,8.36264402139223,7.95397535177116
6397,0.33150121766794693,8.354127544138796,8.02262632647085
6398,0.3035178457811089,8.34592309561179,8.04240524983068
6399,0.24492474424484081,8.182690446050684,7.93776570180584
6400,0.32885609221287904,8.330657630023616,8.00180153781074
6401,0.4248425891080703,8.34316191871308,7.91831932960501
6402,0.38186933023226444,8.36427242172976,7.9824030914975
6403,0.3515481527616521,8.206955216389895,7.85540706362824
6404,0.397000457303166,8.367343230966,7.97034277366283
6405,0.277718646292882,8.27248076114516,7.99476211485228
6406,0.40542503596074636,8.267785716905598,7.86236068094485
6407,0.3774003106583293,8.438892518706197,8.06149220804787
6408,0.26775189090768176,8.296432177601035,8.02868028669335
6409,0.3181627596097322,8.347526652189002,8.02936389257927
6410,0.3422599409155669,8.299091251744496,7.95683131082893
6411,0.3521535748027369,8.312720165737536,7.9605665909348
6412,0.3011299683312085,8.333529316141997,8.03239934781079
6413,0.25305183135877546,8.39382847932376,8.14077664796499
6414,0.3426318092617684,8.295302566780746,7.95267075751898
6415,0.13708299748678215,8.096987770392074,7.95990477290529
6416,0.2693869882757758,8.230788016873472,7.9614010285977
6417,0.2298411434445335,8.328464818595055,8.09862367515052
6418,0.25226419095295083,8.251766118885804,7.99950192793285
6419,0.38392005423327086,8.411721026201812,8.02780097196854
6420,0.3183470939098048,8.25431422686519,7.93596713295539
6421,0.28664334723273915,8.359355347868242,8.0727120006355
6422,0.36266812646997865,8.271474116810133,7.90880599034015
6423,0.19320346442973618,8.192658967706908,7.99945550327717
6424,0.2705823962601917,8.283087857346837,8.01250546108665
6425,0.27598076285611434,8.258234948550857,7.98225418569474
6426,0.22725804217442108,8.222097575020246,7.99483953284583
6427,0.313325629224005,8.252170811790426,7.93884518256642
6428,0.2631463048655174,8.217180058969959,7.95403375410444
6429,0.38594969594890177,8.268163864131392,7.88221416818249
6430,0.33943434083749047,8.259626626637248,7.92019228579976
6431,0.3485950217344336,8.354904681305856,8.00630965957142
6432,0.412848682819433,8.394800810217388,7.98195212739796
6433,0.27004520092092726,8.257517897756435,7.98747269683551
6434,0.37208309177397336,8.361967229895889,7.98988413812192
6435,0.29008743385043484,8.30347903139093,8.0133915975405
6436,0.21588527928507498,8.270886296053485,8.05500101676841
6437,0.4317374266282254,8.499650661984104,8.06791323535588
6438,0.34833029072328187,8.18271747189854,7.83438718117526
6439,0.31554787726473216,8.258144301279273,7.94259642401454
6440,0.34815680482932265,8.25723794703782,7.9090811422085
6441,0.3133888589869763,8.35109088365898,8.037702024672
6442,0.2628961149975738,8.375760548622335,8.11286443362476
6443,0.36231224493153624,8.275540237375083,7.91322799244355
6444,0.21565304626498208,8.229391663732295,8.01373861746731
6445,0.33211648214322104,8.340708075813515,8.00859159367029
6446,0.20689885803255784,8.199973606983516,7.99307474895096
6447,0.34768390417947687,8.284651216177462,7.93696731199798
6448,0.336138546507975,8.22766420394965,7.89152565744168
6449,0.2889704312691484,8.295940194054834,8.00696976278569
6450,0.36787732237180293,8.334614038627636,7.96673671625583
6451,0.34786306992773774,8.200268208077357,7.85240513814962
6452,0.3174939706075401,8.41920495896323,8.10171098835569
6453,0.3494481247321742,8.399938885178024,8.05049076044585
6454,0.3183485743155247,8.279561737787127,7.9612131634716
6455,0.2806983258517976,8.289033504341072,8.00833517848927
6456,0.30424377978980016,8.249411062753403,7.9451672829636
6457,0.18374770802475351,8.29273415663689,8.10898644861214
6458,0.41441418908344424,8.287204580064724,7.87279039098128
6459,0.3020246827360024,8.227160335791483,7.92513565305548
6460,0.2318486154756521,8.184417551736075,7.95256893626042
6461,0.36664670507020075,8.279062206078295,7.91241550100809
6462,0.3676692875090001,8.315475705880457,7.94780641837146
6463,0.3864370999726694,8.255216609093438,7.86877950912077
6464,0.3042438343314562,8.263223792226368,7.95897995789491
6465,0.3290194493529589,8.352012522728915,8.02299307337596
6466,0.33904710365556096,8.368625194679058,8.0295780910235
6467,0.25475907854441426,8.307862130246257,8.05310305170184
6468,0.31111401372846315,8.334762549895496,8.02364853616703
6469,0.37400622194236927,8.252638922470258,7.87863270052789
6470,0.3312087897924061,8.258606193546472,7.92739740375407
6471,0.22288859903615518,8.297374384970812,8.07448578593466
6472,0.21782196214867627,8.214238983368087,7.99641702121941
6473,0.23648021118829154,8.244533241407426,8.00805303021913
6474,0.4252417976678699,8.381029107581773,7.9557873099139
6475,0.3844807233620084,8.405900154452944,8.02141943109094
6476,0.3779536053932493,8.281901542922592,7.90394793752934
6477,0.23600197735049422,8.28353033953287,8.04752836218238
6478,0.33588502295473666,8.360252289274886,8.02436726632015
6479,0.3780412966372732,8.297300092331719,7.91925879569445
6480,0.3310245233812168,8.283775884541507,7.95275136116029
6481,0.27027819945575976,8.31766214331904,8.04738394386328
6482,0.3806248274263488,8.287256559993262,7.90663173256691
6483,0.26631246616546406,8.44184315592954,8.17553068976408
6484,0.3141708167579507,8.280616555348015,7.96644573859006
6485,0.3203927303002505,8.191192159995003,7.87079942969475
6486,0.415603019323685,8.419681511918713,8.00407849259503
6487,0.306162462099743,8.246492070628817,7.94032960852907
6488,0.2950119192928662,8.24418859500596,7.94917667571309
6489,0.33273937870880466,8.310160355030357,7.97742097632155
6490,0.42763309906795777,8.379935188368528,7.95230208930057
6491,0.40762782708180345,8.383840156704286,7.97621232962248
6492,0.4077268563646444,8.295165411663131,7.88743855529849
6493,0.3421166261957505,8.322294548393836,7.98017792219809
6494,0.35375816559902196,8.30939755056193,7.95563938496291
6495,0.39629882795553256,8.336730826813415,7.94043199885788
6496,0.3927183615740634,8.355920630961721,7.96320226938766
6497,0.40679645329751396,8.312967415337583,7.90617096204007
6498,0.4353914086370375,8.290537866767885,7.85514645813085
6499,0.3876276720646775,8.305269234419066,7.91764156235439
6500,0.24181564524427465,8.267297928244144,8.02548228299987
6501,0.21504885397896645,8.289034476578268,8.0739856225993
6502,0.36570111581936027,8.405536975584821,8.03983585976546
6503,0.42515530656503797,8.403483115962986,7.97832780939795
6504,0.29835596443977164,8.291180725386111,7.99282476094634
6505,0.38523635315320015,8.354681156840147,7.96944480368695
6506,0.34930874515386723,8.234191672948583,7.88488292779472
6507,0.2733531446397729,8.246169627414119,7.97281648277435
6508,0.3096847028826903,8.19064760308503,7.88096290020234
6509,0.2515855820105033,8.072751822493888,7.82116624048339
6510,0.43916570873231464,8.36634054810089,7.92717483936858
6511,0.310580240864578,8.358412683443733,8.04783244257916
6512,0.29679604141383453,8.434897912393627,8.13810187097979
6513,0.2979260804496762,8.197518544223518,7.89959246377384
6514,0.4030913013451849,8.32666937616569,7.9235780748205
6515,0.22453961486428828,8.177567044285231,7.95302742942094
6516,0.36319166904470107,8.242695682773839,7.87950401372914
6517,0.32326171670685333,8.234555763564344,7.91129404685749
6518,0.2540449123545864,8.314965536186913,8.06092062383233
6519,0.2820839285316504,8.17751869073761,7.89543476220596
6520,0.2998332273252129,8.295672295417491,7.99583906809228
6521,0.3895596547698397,8.329572428020233,7.94001277325039
6522,0.2890669247847841,8.336503385238071,8.04743646045329
6523,0.28230350336463633,8.260816513906981,7.97851301054235
6524,0.32268044072084834,8.258363274439207,7.93568283371836
6525,0.3105151681158337,8.295636599102647,7.98512143098681
6526,0.3418297885339998,8.281122067587294,7.93929227905329
6527,0.2808490062982091,8.240168913204997,7.95931990690679
6528,0.3499981385821576,8.27602133188154,7.92602319329938
6529,0.29823891444848577,8.315084837111518,8.01684592266303
6530,0.31089455141465205,8.278574582793151,7.9676800313785
6531,0.34764219763711196,8.362215448195732,8.01457325055862
6532,0.3322154521806004,8.299528078148033,7.96731262596743
6533,0.449295414086049,8.396252886974407,7.94695747288836
6534,0.36220462159073596,8.368956140078229,8.00675151848749
6535,0.2611669308954156,8.147970557191496,7.88680362629608
6536,0.34866260155791645,8.269399823370618,7.9207372218127
6537,0.4448495439723715,8.431985917265768,7.9871363732934
6538,0.286471173795789,8.165944874195143,7.87947370039935
6539,0.2828383442427272,8.316064082004143,8.03322573776142
6540,0.2900953603403723,8.250131953482876,7.9600365931425
6541,0.33678647059905215,8.24331087327076,7.90652440267171
6542,0.3444447486967069,8.313334707951473,7.96888995925477
6543,0.29940586096962674,8.265439604855578,7.96603374388595
6544,0.43769895266372055,8.31137574915698,7.87367679649326
6545,0.2526271921027963,8.206263894395864,7.95363670229307
6546,0.2936539127570715,8.219334255265702,7.92568034250863
6547,0.39370887291317286,8.283136015756998,7.88942714284383
6548,0.295005403818822,8.391154221368195,8.09614881754937
6549,0.35333267742425123,8.294720533815099,7.94138785639085
6550,0.3078209393988525,8.255970736755833,7.94814979735698
6551,0.3616729242685883,8.334123267802509,7.97245034353392
6552,0.30744809513721927,8.25531870034321,7.94787060520599
6553,0.33824215050788004,8.356826477862455,8.01858432735458
6554,0.36567395301958827,8.392377655063079,8.02670370204349
6555,0.3374091721957269,8.312526115433142,7.97511694323742
6556,0.2620850400183625,8.176468684239522,7.91438364422116
6557,0.40395574495170117,8.362986979622443,7.95903123467074
6558,0.3214066521228326,8.270804004100913,7.94939735197808
6559,0.36211480631593956,8.350582527139029,7.98846772082309
6560,0.3832434639550604,8.316685242070221,7.93344177811516
6561,0.3929216513551476,8.28366948580852,7.89074783445337
6562,0.3283142149921694,8.25584155919364,7.92752734420147
6563,0.42500103060379396,8.394806857296958,7.96980582669316
6564,0.349503980706002,8.406439941849731,8.05693596114373
6565,0.24764104577064763,8.250374828891058,8.00273378312041
6566,0.2821956160851193,8.172423478428282,7.89022786234316
6567,0.2725778673982654,8.299854308837828,8.02727644143956
6568,0.3847303255476578,8.380274954212613,7.99554462866496
6569,0.24278753530251546,8.271745627005412,8.0289580917029
6570,0.3316473415399543,8.304820765408426,7.97317342386847
6571,0.32449407678173164,8.238038326727954,7.91354424994622
6572,0.2455726517784244,8.271655224609043,8.02608257283062
6573,0.4308411234376286,8.122266941997564,7.69142581855994
6574,0.27545482355390427,8.216214873269019,7.94076004971511
6575,0.24793799506385036,8.21307937829499,7.96514138323114
6576,0.45398838316347695,8.40808640197941,7.95409801881593
6577,0.3419808976877866,8.220749908363363,7.87876901067558
6578,0.2725799200773251,8.27621151462333,8.00363159454601
6579,0.23027009232860973,8.198867354288643,7.96859726196003
6580,0.3059875666690447,8.216305937857713,7.91031837118867
6581,0.35820488058104993,8.267908240114606,7.90970335953356
6582,0.33101658275658624,8.276303886677354,7.94528730392077
6583,0.3506235911833904,8.290578027761008,7.93995443657762
6584,0.43199448643865446,8.39713666077091,7.96514217433226
6585,0.318638296791245,8.234127298294725,7.91548900150348
6586,0.3948175047914677,8.406267749889816,8.01145024509835
6587,0.285799199027186,8.291460734858475,8.00566153583129
6588,0.40593285083971165,8.376019205509825,7.97008635467011
6589,0.3110039812377061,8.32656723537963,8.01556325414192
6590,0.31413645078845354,8.285329159886423,7.97119270909797
6591,0.36115831942871746,8.360665101234781,7.99950678180606
6592,0.4650841599336051,8.361134114511447,7.89604995457784
6593,0.36720910083174824,8.344642252086231,7.97743315125448
6594,0.2575581796980417,8.173177895280183,7.91561971558214
6595,0.28121363329316457,8.30450706972865,8.02329343643549
6596,0.3334357325968866,8.225806526068876,7.89237079347199
6597,0.1652633466181746,8.220037480518386,8.05477413390021
6598,0.30211865111915737,8.249472285067881,7.94735363394872
6599,0.4038697323138904,8.39458051038402,7.99071077807013
6600,0.3228302119334539,8.21675675283977,7.89392654090632
6601,0.31236636440329474,8.24047924650353,7.92811288210023
6602,0.3094362760333729,8.308930072194316,7.99949379616094
6603,0.36291977399298037,8.250736414658192,7.88781664066521
6604,0.3243098830937535,8.27677280096567,7.95246291787192
6605,0.24303414323189637,8.310497026191127,8.06746288295923
6606,0.4369738247051169,8.367008787350196,7.93003496264508
6607,0.3493664208246948,8.323373737026195,7.9740073162015
6608,0.42935384937776366,8.258308587493916,7.82895473811615
6609,0.3220357843997686,8.294458008245552,7.97242222384578
6610,0.31780569383592816,8.30825272855803,7.9904470347221
6611,0.4120764607141436,8.355170938061384,7.94309447734724
6612,0.2728478837421685,8.341811374823223,8.06896349108106
6613,0.3994093148797418,8.413921298027223,8.01451198314748
6614,0.30545676982723446,8.281399989632135,7.9759432198049
6615,0.2989516657870921,8.332353943006705,8.03340227721961
6616,0.3344113935979795,8.305025623279548,7.97061422968157
6617,0.25494023730116866,8.197446282000588,7.94250604469942
6618,0.2698502985610586,8.23195070471787,7.96210040615681
6619,0.3921123958224428,8.403460624270473,8.01134822844803
6620,0.3354073509603654,8.316267061835141,7.98085971087478
6621,0.2869962600064592,8.19270649073855,7.90571023073209
6622,0.3127840093342609,8.262595399709877,7.94981139037562
6623,0.3173946794033968,8.299045131528981,7.98165045212558
6624,0.34840148899548035,8.331709439658447,7.98330795066297
6625,0.19509767722969631,8.271282723464875,8.07618504623518
6626,0.2945710460482847,8.19275366621802,7.89818262016973
6627,0.3887553831138339,8.296091529970152,7.90733614685632
6628,0.39096075394236124,8.281831718294564,7.8908709643522
6629,0.2575595392000104,8.302779704275425,8.04522016507542
6630,0.30845539475657446,8.251182445005734,7.94272705024916
6631,0.31023041401316165,8.181632942415034,7.87140252840187
6632,0.33472983303013554,8.234426874387685,7.89969704135755
6633,0.31822584944210586,8.318615701389692,8.00038985194759
6634,0.36395608945854535,8.44390828149419,8.07995219203564
6635,0.2552853190695948,8.273926218921108,8.01864089985151
6636,0.38371885232288405,8.346357098197677,7.96263824587479
6637,0.3268396091507525,8.267500406420954,7.9406607972702
6638,0.35453319417503476,8.189168081140888,7.83463488696585
6639,0.40545022948238035,8.259230201370055,7.85377997188767
6640,0.2842991590196729,8.346276226077396,8.06197706705772
6641,0.29327343301697034,8.26896918679229,7.97569575377532
6642,0.3284212926007952,8.321005178803127,7.99258388620233
6643,0.33385970591694397,8.229153990230289,7.89529428431335
6644,0.36126699318044186,8.289547080834282,7.92828008765384
6645,0.2796959980150895,8.303315350491575,8.02361935247649
6646,0.23250065748949142,8.189591501204559,7.95709084371507
6647,0.29966525583485487,8.246273958175594,7.94660870234074
6648,0.2311394183629413,8.162324588667314,7.93118517030437
6649,0.27969049625545617,8.23493274019917,7.95524224394371
6650,0.2500680867225188,8.189499158131587,7.93943107140907
6651,0.20020459869340568,8.236598316478764,8.03639371778536
6652,0.2515503524754724,8.136021613831215,7.88447126135574
6653,0.4458270322707492,8.324536124602721,7.87870909233197
6654,0.2910862845610671,8.329228342371076,8.03814205781001
6655,0.36275287729601297,8.405989534161433,8.04323665686542
6656,0.42242511437515073,8.257399657710447,7.8349745433353
6657,0.2964865954292364,8.268942245950141,7.9724556505209
6658,0.351112408865028,8.298381731233377,7.94726932236835
6659,0.3837822449967367,8.330817317100935,7.9470350721042
6660,0.36695139676469585,8.374419218526125,8.00746782176143
6661,0.42714701166532076,8.370784039561606,7.94363702789629
6662,0.29845196022516274,8.274890709521413,7.97643874929625
6663,0.2928183177230089,8.372883928856675,8.08006561113367
6664,0.3686708157069128,8.358177157107406,7.98950634140049
6665,0.3874119659654887,8.280703528471342,7.89329156250585
6666,0.4008490680350654,8.371127690079161,7.9702786220441
6667,0.3204038870285821,8.280313584097225,7.95990969706864
6668,0.302795620303881,8.182212553467526,7.87941693316364
6669,0.2896432390843067,8.352793678629121,8.06315043954482
6670,0.32950730895857344,8.371515597589996,8.04200828863142
6671,0.40339727116393487,8.370074596929513,7.96667732576558
6672,0.3077454900191285,8.263606257152176,7.95586076713305
6673,0.299571155348027,8.269772261918416,7.97020110657039
6674,0.3412404099695926,8.210830942234796,7.8695905322652
6675,0.3506999293796977,8.358015342298577,8.00731541291888
6676,0.26683438509772467,8.234240609542518,7.96740622444479
6677,0.27452422364830315,8.346895453065944,8.07237122941764
6678,0.3886781596351963,8.31897449578299,7.93029633614779
6679,0.3020489546859623,8.297808225976143,7.99575927129018
6680,0.2845085448042637,8.211758209764069,7.92724966495981
6681,0.3033401684517854,8.309900570425478,8.00656040197369
6682,0.31626062776144603,8.24748899527321,7.93122836751176
6683,0.35820517956874487,8.34390070481319,7.98569552524445
6684,0.44664399055583626,8.392540285094613,7.94589629453878
6685,0.39442603499235035,8.343784951798444,7.94935891680609
6686,0.38839127990015615,8.245485789329837,7.85709450942968
6687,0.32000566481584714,8.320547378264617,8.00054171344877
6688,0.2588677714309367,8.337740292488093,8.07887252105716
6689,0.38358120100696264,8.300427980578,7.91684677957104
6690,0.4809447337039935,8.411289030473823,7.93034429676983
6691,0.43308155977430124,8.35299502720413,7.91991346742983
6692,0.1487057383512048,8.161774540784759,8.01306880243355
6693,0.36790246554146633,8.216796478636393,7.84889401309493
6694,0.4190622485377868,8.37450265633262,7.95544040779483
6695,0.275124494882842,8.237054590249997,7.96193009536715
6696,0.2829403279754926,8.180184772195428,7.89724444421994
6697,0.30675504368526624,8.299649263349043,7.99289421966378
6698,0.2510308294695092,8.253956441122169,8.00292561165266
6699,0.36449321699858894,8.285431480577035,7.92093826357845
6700,0.3356483073838186,8.306804141692886,7.97115583430907
6701,0.2507672707935778,8.317498628543076,8.0667313577495
6702,0.24593322276329674,8.207429985493157,7.96149676272986
6703,0.3383438907635268,8.207754148832842,7.86941025806932
6704,0.31836953896252806,8.261747175112781,7.94337763615025
6705,0.3561767005099564,8.291182447423893,7.93500574691394
6706,0.28623314075740686,8.359366770131544,8.07313362937414
6707,0.2970525607087055,8.29432228947087,7.99726972876216
6708,0.34658018569601323,8.293185148171636,7.94660496247562
6709,0.35296863399476436,8.255964170475059,7.90299553648029
6710,0.34916441270652687,8.340459863404991,7.99129545069846
6711,0.2530915225151608,8.278761341467586,8.02566981895242
6712,0.35414400320503714,8.279103533338672,7.92495953013364
6713,0.3568223844305083,8.200997601008549,7.84417521657804
6714,0.3536435344764655,8.311932046291147,7.95828851181468
6715,0.3024395701822552,8.059984656304646,7.75754508612239
6716,0.2843637668782217,8.273891738432235,7.98952797155401
6717,0.39868778065769994,8.34587362419948,7.94718584354178
6718,0.3062912239660458,8.214374324808466,7.90808310084242
6719,0.45101360492510273,8.333697610597286,7.88268400567218
6720,0.29297228648169804,8.303261433857138,8.01028914737544
6721,0.34406105048398794,8.364085935610529,8.02002488512654
6722,0.42581730044003796,8.350447113805297,7.92462981336526
6723,0.42096195479911097,8.145875317306706,7.72491336250759
6724,0.3182781154262479,8.261169192794252,7.942891077368
6725,0.2350583389651856,8.226552920032576,7.99149458106739
6726,0.34208469182829665,8.176711517172796,7.8346268253445
6727,0.285476874380728,8.246150147806132,7.9606732734254
6728,0.32934861043735586,8.333765786852986,8.00441717641563
6729,0.3869209105834587,8.263471099771122,7.87655018918766
6730,0.35622384536842705,8.353185698374928,7.9969618530065
6731,0.4397295577112085,8.475488670641735,8.03575911293053
6732,0.3766742712179372,8.352566632754899,7.97589236153696
6733,0.34048390524081457,8.287712621864989,7.94722871662417
6734,0.22594614949608294,8.215035717757672,7.98908956826159
6735,0.4953142911820821,8.415389369017046,7.92007507783496
6736,0.2546783357119795,8.158600989538272,7.90392265382629
6737,0.3601112691765994,8.335951706249272,7.97584043707267
6738,0.38329431732098723,8.335781162259936,7.95248684493895
6739,0.27062555081749373,8.1431244858949,7.87249893507741
6740,0.417282959152087,8.301118446774874,7.88383548762279
6741,0.40704804452056514,8.375080484363448,7.96803243984288
6742,0.30086023575340815,8.351559134445532,8.05069889869212
6743,0.41689794650473544,8.365302915404893,7.94840496890016
6744,0.36366646384127127,8.255551632736202,7.89188516889493
6745,0.38744535871837366,8.301725382929815,7.91428002421144
6746,0.2875230779437646,8.27976379234141,7.99224071439764
6747,0.2670692651533129,8.251651424287134,7.98458215913382
6748,0.37076837857106654,8.378753411759037,8.00798503318797
6749,0.340196709438014,8.25139491156467,7.91119820212666
6750,0.417291578004939,8.353058554681015,7.93576697667608
6751,0.3812331824712184,8.338892755126937,7.95765957265572
6752,0.33361952349454516,8.337509736585314,8.00389021309077
6753,0.20571474086788386,8.251401615772174,8.04568687490429
6754,0.290673634233096,8.27012890448698,7.97945527025388
6755,0.3481523513655595,8.286812494706943,7.93866014334138
6756,0.30147228335570514,8.27231769357399,7.97084541021828
6757,0.3823999932334052,8.281657088032935,7.89925709479953
6758,0.28225664620646645,8.267999150173933,7.98574250396747
6759,0.3628652481785011,8.394619470011127,8.03175422183263
6760,0.24219250380166327,8.150391052113454,7.90819854831179
6761,0.44725479461655965,8.319294822986372,7.87204002836981
6762,0.33131478275887405,8.418355777755593,8.08704099499672
6763,0.26046568614344906,8.287532661210737,8.02706697506729
6764,0.3441827229599487,8.286901689718775,7.94271896675883
6765,0.26440977258155773,8.271180596170383,8.00677082358883
6766,0.25626828849736566,8.324514067288785,8.06824577879142
6767,0.36928864425915814,8.355762285423229,7.98647364116407
6768,0.4217732280655006,8.26921913303454,7.84744590496904
6769,0.2647617264366035,8.25432911484747,7.98956738841087
6770,0.31614444165077277,8.274363360402381,7.95821891875161
6771,0.347080240244154,8.34813204998476,8.00105180974061
6772,0.24236016757392093,8.253394552010892,8.01103438443697
6773,0.282459493402557,8.281372049189143,7.99891255578659
6774,0.3694883051555376,8.377074101285622,8.00758579613009
6775,0.3880363803947359,8.44879857617926,8.06076219578453
6776,0.3164600255698994,8.26177124952201,7.94531122395211
6777,0.27873878141553154,8.349600228762739,8.07086144734721
6778,0.3338955275309594,8.244776137418295,7.91088060988734
6779,0.35861129172387235,8.261819768806951,7.90320847708308
6780,0.30914500417147117,8.201605585651283,7.89246058147981
6781,0.32691698754078097,8.281909154292924,7.95499216675214
6782,0.22677910423662673,8.128737008319655,7.90195790408303
6783,0.3693542198523656,8.459308480089462,8.0899542602371
6784,0.3236811227360852,8.238409772075496,7.91472864933941
6785,0.3570012140160749,8.308756552822327,7.95175533880625
6786,0.26765142638666034,8.255338773928969,7.98768734754231
6787,0.19093889340295392,8.268505305687638,8.07756641228468
6788,0.3153269409634157,8.201943052956365,7.88661611199295
6789,0.2500119705348918,8.259077099831433,8.00906512929654
6790,0.25478073223941833,8.237726209397149,7.98294547715773
6791,0.33055593934142746,8.258673893683268,7.92811795434184
6792,0.3499113920929443,8.23877228797972,7.88886089588677
6793,0.3041165728674508,8.279313981105972,7.97519740823852
6794,0.18809804262004193,8.277529393548289,8.08943135092825
6795,0.26828072194182334,8.218383419428353,7.95010269748653
6796,0.40724328273245297,8.443927563259138,8.03668428052668
6797,0.22722228257269844,8.328136097296257,8.10091381472356
6798,0.39284815486563257,8.297386701678889,7.90453854681326
6799,0.2776556541511173,8.313204519148515,8.0355488649974
6800,0.3625340438203413,8.209670228016295,7.84713618419595
6801,0.3314346996554241,8.226215854317838,7.89478115466241
6802,0.36097599286091686,8.374549348537261,8.01357335567634
6803,0.324064021926458,8.293766864200785,7.96970284227433
6804,0.30482575851386673,8.271249981858965,7.9664242233451
6805,0.4066366667508474,8.345739897405213,7.93910323065437
6806,0.40469729706215385,8.344533132974211,7.93983583591206
6807,0.27184522707471576,8.301337344045532,8.02949211697082
6808,0.27947691573722666,8.262564308732031,7.9830873929948
6809,0.37877970584258436,8.250628519106828,7.87184881326424
6810,0.34967735552196927,8.367597377179786,8.01792002165782
6811,0.3061046025974924,8.263048855631036,7.95694425303354
6812,0.31930991398024766,8.2167615503109,7.89745163633065
6813,0.2426826113194737,8.250028337503263,8.00734572618379
6814,0.40109489085005057,8.318285221035675,7.91719033018562
6815,0.3724733826200637,8.316936016384865,7.9444626337648
6816,0.3096096880599894,8.213190061175634,7.90358037311564
6817,0.32515684631446884,8.265664382258956,7.94050753594449
6818,0.28977107476429126,8.307446379717993,8.0176753049537
6819,0.2396684978800142,8.192620204518184,7.95295170663817
6820,0.3837550373065517,8.331229133574057,7.94747409626751
6821,0.26551540845094496,8.312375951256843,8.0468605428059
6822,0.26920150562677553,8.206317821974489,7.93711631634771
6823,0.3034096030491077,8.289105993867823,7.98569639081872
6824,0.36832712645466636,8.338784208541501,7.97045708208683
6825,0.2413516501488149,8.284737432951887,8.04338578280307
6826,0.28146238001221835,8.361966742013387,8.08050436200117
6827,0.29980846500784164,8.308434309958184,8.00862584495034
6828,0.3014956400628388,8.255989716447942,7.9544940763851
6829,0.3835826089105296,8.434420767387742,8.05083815847721
6830,0.3370541434092461,8.25929637063657,7.92224222722732
6831,0.2855716669722744,8.36607815918135,8.08050649220908
6832,0.3966723643947455,8.352606728375374,7.95593436398063
6833,0.34251559974488754,8.367602829466742,8.02508722972185
6834,0.20904136183303124,8.277923356917245,8.06888199508421
6835,0.42833084139488276,8.395063009272608,7.96673216787773
6836,0.34782938116085593,8.381581699063911,8.03375231790305
6837,0.36658775972329816,8.374732319537289,8.00814455981399
6838,0.4290075239492464,8.450033259429945,8.0210257354807
6839,0.3123554487031565,8.24056705563287,7.92821160692971
6840,0.41840300062023583,8.371991206164633,7.9535882055444
6841,0.31200420144948887,8.22705571806277,7.91505151661328
6842,0.3973100929635176,8.33980292875321,7.94249283578969
6843,0.3645525850075478,8.416218048749352,8.0516654637418
6844,0.23664047845758399,8.24993991290437,8.01329943444679
6845,0.3347509897294598,8.375758785004253,8.04100779527479
6846,0.2894691969031034,8.133312413941317,7.84384321703821
6847,0.4338873670490572,8.382839020085385,7.94895165303633
6848,0.27950401041597717,8.24157403332835,7.96207002291237
6849,0.38670112351589214,8.477878208262704,8.09117708474681
6850,0.27015851088227316,8.271732901990593,8.00157439110832
6851,0.30385945682713766,8.21204635667686,7.90818689984972
6852,0.3667202538597792,8.318270481337544,7.95155022747776
6853,0.2616312924730052,8.30016125632734,8.03852996385434
6854,0.3315300922167514,8.226070164411311,7.89454007219456
6855,0.3348040342338455,8.398164434898092,8.06336040066425
6856,0.15464590094006184,8.1802552087925,8.02560930785244
6857,0.1826968703773365,8.117546981647752,7.93485011127042
6858,0.3338516193763662,8.347155982430493,8.01330436305413
6859,0.4158366112250568,8.380313164811163,7.96447655358611
6860,0.33807358927780357,8.288933231423611,7.95085964214581
6861,0.3395734441808741,8.371650801957095,8.03207735777622
6862,0.20674489536301077,8.228182882175565,8.02143798681255
6863,0.26204679819867444,8.248391353600887,7.98634455540221
6864,0.2693629373023824,8.32761771594776,8.05825477864538
6865,0.35954987842299324,8.418400194546123,8.05885031612313
6866,0.3454430714428561,8.201007304342221,7.85556423289936
6867,0.3810535628295308,8.396058536677838,8.01500497384831
6868,0.263921061476953,8.210332308176007,7.94641124669905
6869,0.3214863199522201,8.343864903201593,8.02237858324937
6870,0.3923143688897136,8.374633562479728,7.98231919359001
6871,0.3076040374520102,8.288552177124329,7.98094813967232
6872,0.3344294622435782,8.29623235760127,7.96180289535769
6873,0.3089789862154645,8.241576083798108,7.93259709758264
6874,0.36741009762424165,8.345270289759808,7.97786019213557
6875,0.39734285560164767,8.265815972666866,7.86847311706522
6876,0.2904130471106616,8.208515248994365,7.9181022018837
6877,0.3502173864571261,8.274606237386472,7.92438885092935
6878,0.36052647987814435,8.421185877593754,8.06065939771561
6879,0.3347961892017612,8.357909231801255,8.02311304259949
6880,0.2585477546164506,8.282168597075993,8.02362084245954
6881,0.3213348605140472,8.311860456362652,7.99052559584861
6882,0.19606775883672986,8.28068834549942,8.08462058666269
6883,0.3299937867117415,8.271523919975357,7.94153013326362
6884,0.3586668596336011,8.301292500561166,7.94262564092756
6885,0.2854280281684984,8.290252359926765,8.00482433175827
6886,0.42978742757748045,8.304890455203536,7.87510302762606
6887,0.4182944602649785,8.36222446010093,7.94392999983595
6888,0.20477127306155607,8.191363684415494,7.98659241135394
6889,0.33728454254979345,8.308763037235874,7.97147849468608
6890,0.409081460119095,8.400853877899166,7.99177241778007
6891,0.3177820267394193,8.309420113786823,7.9916380870474
6892,0.24740463853360245,8.275743926327428,8.02833928779383
6893,0.47544679418235164,8.376526465214047,7.9010796710317
6894,0.2971353382451506,8.336111123888289,8.03897578564314
6895,0.3354856773978482,8.335406492331227,7.99992081493338
6896,0.3256450150254092,8.28830930634113,7.96266429131572
6897,0.30565043549263066,8.326157161139207,8.02050672564658
6898,0.37972036919005336,8.234280508018117,7.85456013882806
6899,0.2185333768929232,8.225432938407229,8.00689956151431
6900,0.34092929792913285,8.305020982022846,7.96409168409371
6901,0.39154074978733466,8.350190388215935,7.9586496384286
6902,0.35521423189422796,8.35807010267819,8.00285587078396
6903,0.32636633192492637,8.309786486153776,7.98342015422885
6904,0.34821350987756705,8.315850155694488,7.96763664581692
6905,0.25346628575461927,8.2672282006406,8.01376191488598
6906,0.24565612570512688,8.245535950681418,7.99987982497629
6907,0.40660042591007195,8.346467138226036,7.93986671231596
6908,0.3835888518642741,8.316898596231715,7.93330974436744
6909,0.2854250104811283,8.223103387407516,7.93767837692639
6910,0.36169010616423497,8.18477668723098,7.82308658106675
6911,0.3363970295807294,8.323592732796083,7.98719570321535
6912,0.3854179617496898,8.323430708175165,7.93801274642547
6913,0.34589679160958287,8.263722156240876,7.91782536463129
6914,0.3543797877515791,8.264787053041866,7.91040726529029
6915,0.376458247879827,8.366335138028218,7.98987689014839
6916,0.2967955137496414,8.316269464535209,8.01947395078557
6917,0.22770189751414083,8.21836092260165,7.99065902508751
6918,0.2943469646125201,8.22789480941765,7.93354784480513
6919,0.40033849452440545,8.330420675687444,7.93008218116304
6920,0.3244613405901432,8.278942192610717,7.95448085202057
6921,0.28083005895768537,8.276508303394957,7.99567824443727
6922,0.3902668507107241,8.283346670585459,7.89307981987474
6923,0.2934657343391621,8.283090385300188,7.98962465096103
6924,0.25580518776008354,8.253310786917032,7.99750559915695
6925,0.39785291488652463,8.458446821963687,8.06059390707716
6926,0.3011681027255382,8.280731097392612,7.97956299466707
6927,0.2735681966329105,8.365323280553142,8.09175508392023
6928,0.3270388902719483,8.340024171860682,8.01298528158873
6929,0.33591220938033545,8.316822323714268,7.98091011433393
6930,0.37256353929262387,8.165692764668718,7.79312922537609
6931,0.33882295100400495,8.30486012284253,7.96603717183853
6932,0.29452984970045076,8.304436103592922,8.00990625389247
6933,0.33740207105923314,8.312990574875977,7.97558850381674
6934,0.3943417597016299,8.364243239969067,7.96990148026744
6935,0.3322928373913106,8.282374811865884,7.95008197447457
6936,0.3589145411551028,8.327021363940743,7.96810682278564
6937,0.35414532979680136,8.365904137543763,8.01175880774696
6938,0.33872285539680774,8.33312163870644,7.99439878330963
6939,0.27712935139320016,8.274823174731392,7.99769382333819
6940,0.36116133628079866,8.292866405698241,7.93170506941744
6941,0.26809304000004086,8.268581429087606,8.00048838908756
6942,0.3227256441363599,8.169739861349326,7.84701421721297
6943,0.22847989694846035,8.212949419549192,7.98446952260073
6944,0.298523958492603,8.236561567636443,7.93803760914384
6945,0.33800080501389745,8.23706639719277,7.89906559217887
6946,0.3294574033157896,8.34950787904725,8.02005047573146
6947,0.4252216287199684,8.37409684380801,7.94887521508804
6948,0.3200742969713071,8.371479557801699,8.05140526083039
6949,0.27158303026374503,8.227649112486578,7.95606608222283
6950,0.37228530160160256,8.221877077563938,7.84959177596234
6951,0.44746479556970276,8.267580633345963,7.82011583777626
6952,0.32148622319258663,8.377351991174264,8.05586576798168
6953,0.36549435501305677,8.24531480731931,7.87982045230625
6954,0.3582318880597539,8.2966721717805,7.93844028372075
6955,0.3775467839596015,8.304670737789523,7.92712395382992
6956,0.30231178869473907,8.259654216248075,7.95734242755334
6957,0.28047987070705593,8.171754666427018,7.89127479571996
6958,0.3440865254914033,8.269522661164265,7.92543613567286
6959,0.3651626772449704,8.403333002224691,8.03817032497972
6960,0.38758607540790524,8.422745813887916,8.03515973848001
6961,0.3420325164293879,8.399984200624246,8.05795168419486
6962,0.3347786679850842,8.362019425797573,8.02724075781249
6963,0.3684194605289613,8.365238724692416,7.99681926416346
6964,0.3741028499058721,8.356353829309455,7.98225097940358
6965,0.2867000014051478,8.2565835045734,7.96988350316825
6966,0.37607631067780545,8.43352617070261,8.05744986002481
6967,0.3654329961037968,8.420346615097047,8.05491361899325
6968,0.3328833449424145,8.258506250970044,7.92562290602763
6969,0.3209355244083226,8.227356311626334,7.90642078721801
6970,0.3265840011114575,8.294662681597432,7.96807868048597
6971,0.41891670787421764,8.428047059866548,8.00913035199233
6972,0.39729774265841394,8.306398172103291,7.90910042944488
6973,0.30755434025888456,8.288776649776421,7.98122230951754
6974,0.39204960978531816,8.375495464563802,7.98344585477848
6975,0.24616156789372645,8.290691403557943,8.04452983566422
6976,0.49734502201329284,8.35933291679113,7.86198789477784
6977,0.29519836586122306,8.396439078809392,8.10124071294817
6978,0.4059818822640271,8.355113491534595,7.94913160927057
6979,0.3649632423750177,8.297058216157305,7.93209497378229
6980,0.35512845518737945,8.274408416289365,7.91927996110199
6981,0.30647974359621316,8.313544972318363,8.00706522872215
6982,0.391211982309651,8.37578901590204,7.98457703359239
6983,0.3543028324277421,8.268818611349353,7.91451577892161
6984,0.3326432818175822,8.251314094436502,7.91867081261892
6985,0.3939895526219689,8.33589024671413,7.94190069409216
6986,0.2822811484536319,8.241568135287462,7.95928698683383
6987,0.33782315271330304,8.315008687509037,7.97718553479573
6988,0.38518218229388956,8.341378608610816,7.95619642631693
6989,0.3617008438305277,8.384280190999567,8.02257934716904
6990,0.3468019566772997,8.289198073121721,7.94239611644442
6991,0.3192236196880713,8.294793180341525,7.97556956065345
6992,0.2686169701169542,8.179559233434698,7.91094226331774
6993,0.3515112158987008,8.262707291790559,7.91119607589186
6994,0.4609808323777651,8.359510187613173,7.89852935523541
6995,0.37848618677478707,8.206349624464625,7.82786343768984
6996,0.24037379954468616,8.235123832852603,7.99475003330792
6997,0.3027651110831375,8.384274935295725,8.08150982421259
6998,0.25918881641006636,8.18765656570384,7.92846774929377
6999,0.2900497719526265,8.230885574336934,7.94083580238431
7000,0.2973056980253888,8.217358962139967,7.92005326411458
7001,0.35317528837779655,8.279805882993013,7.92663059461522
7002,0.3260166124931783,8.29692176042074,7.97090514792756
7003,0.2596775006067674,8.175047398919489,7.91536989831272
7004,0.2118954790629934,8.207496758848022,7.99560127978503
7005,0.31445886112493454,8.23302605543486,7.91856719430993
7006,0.2495748565700857,8.303262618576461,8.05368776200638
7007,0.23057605146407828,8.181327437707681,7.9507513862436
7008,0.2978274180755929,8.257154435478437,7.95932701740284
7009,0.2871603554355028,8.259327187222691,7.97216683178719
7010,0.3623341276231325,8.334485460183163,7.97215133256003
7011,0.2821551441506941,8.190588341062702,7.90843319691201
7012,0.35876715790462366,8.30803924267164,7.94927208476702
7013,0.383639022634856,8.358264439448055,7.9746254168132
7014,0.13568640600624524,8.17296379700698,8.03727739100074
7015,0.40453405006041154,8.384217269012174,7.97968321895176
7016,0.3863522424709965,8.309502119921016,7.92314987745002
7017,0.3321766769977339,8.255544163988455,7.92336748699072
7018,0.20885152509315777,8.272049850935487,8.06319832584233
7019,0.2506312155208662,8.306721801212163,8.0560905856913
7020,0.244948433868441,8.296955080444267,8.05200664657583
7021,0.29676541934045075,8.216451791558589,7.91968637221814
7022,0.24031640296894702,8.217396342698475,7.97707993972953
7023,0.2535492989292655,8.304180713028519,8.05063141409925
7024,0.26958992186502434,8.187812402698288,7.91822248083326
7025,0.39740429622631657,8.340431247446224,7.94302695121991
7026,0.2556101954203424,8.2796175058241,8.02400731040376
7027,0.49656323632306476,8.422950829298046,7.92638759297498
7028,0.26603749700048485,8.319648681485006,8.05361118448452
7029,0.3548984293798643,8.305748079295052,7.95084964991519
7030,0.4055118494263209,8.295789423132552,7.89027757370623
7031,0.27020088877859605,8.23336467605284,7.96316378727424
7032,0.2882455719641243,8.334367934008867,8.04612236204474
7033,0.4626028964187507,8.363830454789817,7.90122755837107
7034,0.2881738743668643,8.299775966074472,8.01160209170761
7035,0.3514245623932572,8.26452205981571,7.91309749742245
7036,0.29833733938872575,8.147848060115875,7.84951072072715
7037,0.3323483104869778,8.294952095052455,7.96260378456548
7038,0.2963116190549955,8.270324998660609,7.97401337960561
7039,0.3349028344706872,8.364619542529947,8.02971670805926
7040,0.34099862680510956,8.350660368515173,8.00966174171006
7041,0.3618957680663572,8.35510382021373,7.99320805214737
7042,0.4135497780117809,8.353281315447735,7.93973153743595
7043,0.38968372502191373,8.347106332725422,7.95742260770351
7044,0.26317616976768093,8.366990319261273,8.10381414949359
7045,0.2289602844423112,8.210207889605963,7.98124760516365
7046,0.34657477801707254,8.284223401447042,7.93764862342997
7047,0.3965434284844546,8.430437981703202,8.03389455321875
7048,0.2882774085962101,8.256398515075594,7.96812110647938
7049,0.3388033820764323,8.23284833646386,7.89404495438743
7050,0.4002996788128127,8.311919150487606,7.91161947167479
7051,0.30285378938243046,8.3185235283405,8.01566973895807
7052,0.3792141995269339,8.285023472962052,7.90580927343512
7053,0.3484534626169134,8.354764594019063,8.00631113140215
7054,0.38192089362462933,8.354464841163727,7.9725439475391
7055,0.44803466133142333,8.292124670904498,7.84409000957307
7056,0.34033927211238724,8.313039782589962,7.97270051047758
7057,0.3467115233678772,8.244359700297085,7.89764817692921
7058,0.2987776302334626,8.228770577802248,7.92999294756878
7059,0.23459805282024887,8.287854782185704,8.05325672936545
7060,0.37177647596598806,8.287813981875882,7.91603750590989
7061,0.36461603970664824,8.213655325438387,7.84903928573174
7062,0.36012437278901654,8.277875127020053,7.91775075423104
7063,0.4166012135744298,8.363608040689286,7.94700682711486
7064,0.22487086705864687,8.190097518631347,7.9652266515727
7065,0.3111429306896141,8.215723090195464,7.90458015950585
7066,0.3576735266193638,8.414025096385036,8.05635156976567
7067,0.4115431201598497,8.384179396155636,7.97263627599579
7068,0.20513943831336978,8.2401712422375,8.03503180392413
7069,0.28126003568425023,8.223590505647417,7.94233046996317
7070,0.2319085182399242,8.24323694620051,8.01132842796058
7071,0.34438234357179137,8.3284348704606,7.98405252688881
7072,0.3568402830158868,8.238735934990977,7.88189565197509
7073,0.4306059458226215,8.262104306104787,7.83149836028216
7074,0.2900134188196866,8.232348864101512,7.94233544528183
7075,0.29802528961874464,8.262510155446659,7.96448486582791
7076,0.3901172749107501,8.28957292296975,7.899455648059
7077,0.38200926152990594,8.328275953259169,7.94626669172926
7078,0.2376392227400434,8.244449144086873,8.00680992134683
7079,0.3716920547088546,8.379414613776436,8.00772255906758
7080,0.33549974212952405,8.302278858841913,7.96677911671239
7081,0.3538579792087424,8.30983913665588,7.95598115744714
7082,0.37718546386613044,8.345833841401495,7.96864837753536
7083,0.4482363410378157,8.276245503163207,7.82800916212539
7084,0.3780480345019728,8.471246202844881,8.09319816834291
7085,0.21527350872095471,8.243672459919578,8.02839895119862
7086,0.31348151812152963,8.21648107952016,7.90299956139863
7087,0.31541170852115413,8.312384306438805,7.99697259791765
7088,0.35834185819173786,8.28515902681561,7.92681716862387
7089,0.3055220539663816,8.21449768505566,7.90897563108928
7090,0.32249939031141184,8.275114476119333,7.95261508580792
7091,0.4116247679192839,8.332532696269885,7.9209079283506
7092,0.35264785081765865,8.282280959899838,7.92963310908218
7093,0.3206284607909016,8.295482600194937,7.97485413940404
7094,0.38877186305850836,8.345153987744707,7.9563821246862
7095,0.398775364213364,8.337116438628623,7.93834107441526
7096,0.34184669893195857,8.365204125082432,8.02335742615047
7097,0.2594256416069912,8.117290045081253,7.85786440347426
7098,0.29644960348868354,8.226008165382167,7.92955856189348
7099,0.3478915072349187,8.31883191013232,7.9709404028974
7100,0.4712138594180213,8.316345114326761,7.84513125490874
7101,0.3072728263605934,8.322263496399337,8.01499067003874
7102,0.2662637574734852,8.290281146968137,8.02401738949465
7103,0.338148426353101,8.262886717674773,7.92473829132167
7104,0.3392569333686619,8.394921643426922,8.05566471005826
7105,0.36063111317105223,8.29645745839996,7.93582634522891
7106,0.23983542754715556,8.305825783914976,8.06599035636782
7107,0.292456874944314,8.268621085731759,7.97616421078745
7108,0.21869537389857058,8.156035136523196,7.93733976262463
7109,0.4294982874390679,8.327089115150159,7.89759082771109
7110,0.470137971834627,8.219272111964376,7.74913414012975
7111,0.2935362395258299,8.34221519998772,8.04867896046189
7112,0.4065254308144897,8.339616323191844,7.93309089237735
7113,0.22687706405074448,8.153805518014378,7.92692845396363
7114,0.20624030480741531,8.367549330481472,8.16130902567406
7115,0.39008029622453394,8.384384280595343,7.99430398437081
7116,0.23020783617896787,8.27876499251503,8.04855715633606
7117,0.269431343004303,8.34010129913713,8.07066995613283
7118,0.28967933759135084,8.331718943752554,8.0420396061612
7119,0.2296987004697437,8.186466893637485,7.95676819316774
7120,0.27998403237791464,8.211442173630415,7.9314581412525
7121,0.381858147687813,8.37851522950702,7.99665708181921
7122,0.22946681595434154,8.207941939738584,7.97847512378424
7123,0.4138866338139008,8.398272195735103,7.9843855619212
7124,0.3684797182491416,8.223503149553336,7.85502343130419
7125,0.30133883914209186,8.236308179789505,7.93496934064741
7126,0.28447062974262655,8.2556517847653,7.97118115502267
7127,0.31330561497309434,8.301616363800601,7.98831074882751
7128,0.3671837190939177,8.339893668220066,7.97270994912615
7129,0.36283577002704587,8.304089087995855,7.94125331796881
7130,0.3829964575666802,8.381457021058209,7.99846056349153
7131,0.33084800279837095,8.28969832720708,7.95885032440871
7132,0.29904235466521856,8.284441268565326,7.98539891390011
7133,0.33657643594463915,8.215774568612046,7.87919813266741
7134,0.38950021961638126,8.34611475016247,7.95661453054609
7135,0.338422493232088,8.307972078240802,7.96954958500871
7136,0.2950143957900833,8.298147281634023,8.00313288584394
7137,0.3574365732202506,8.320584874461062,7.96314830124081
7138,0.3371320500437273,8.226738026711194,7.88960597666747
7139,0.3224232214645288,8.192336633600434,7.8699134121359
7140,0.23983665965200998,8.189211453919814,7.9493747942678
7141,0.3044227495774663,8.200181473000454,7.89575872342299
7142,0.33198400376805076,8.337306972026463,8.00532296825841
7143,0.3332606680487264,8.388893922899458,8.05563325485073
7144,0.41751026529324486,8.353585903947431,7.93607563865419
7145,0.2512795720225312,8.280280751603863,8.02900117958133
7146,0.36519229210605697,8.397469021050936,8.03227672894488
7147,0.25031210923408553,8.270652596372553,8.02034048713847
7148,0.15763819290321798,8.24634585915124,8.08870766624802
7149,0.34587980841533306,8.363062137414598,8.01718232899927
7150,0.38909854947204725,8.291968071219515,7.90286952174747
7151,0.32752660107187515,8.26676077840433,7.93923417733246
7152,0.31472725393576206,8.233974026194176,7.91924677225841
7153,0.2843724573521882,8.275472565964387,7.9911001086122
7154,0.33301728247135504,8.301058731892484,7.96804144942113
7155,0.2834970222026471,8.227892259557809,7.94439523735516
7156,0.30891627133659955,8.253017110669548,7.94410083933295
7157,0.25740651733846426,8.36783051479978,8.11042399746131
7158,0.30976222612500315,8.25303046669658,7.94326824057158
7159,0.4352154791455791,8.29204248531798,7.8568270061724
7160,0.2859800475664751,8.318513288833485,8.03253324126701
7161,0.2797111322374954,8.214655409465632,7.93494427722814
7162,0.3780510383098385,8.253098356446332,7.87504731813649
7163,0.2901699899003399,8.159215070330152,7.86904508042981
7164,0.36432114423248957,8.390036310909688,8.0257151666772
7165,0.2745764420066324,8.24854996614209,7.97397352413546
7166,0.3318589188072978,8.28430785655526,7.95244893774796
7167,0.23797898468132347,8.160105387956337,7.92212640327501
7168,0.21929013202624906,8.189754282941523,7.97046415091527
7169,0.3023924576393497,8.258367580695806,7.95597512305646
7170,0.3929268640351902,8.258179886904237,7.86525302286905
7171,0.255468678691292,8.30618047360538,8.05071179491409
7172,0.23763398457524892,8.264991219028179,8.02735723445293
7173,0.39654489161115497,8.259192702706631,7.86264781109548
7174,0.29954709353536035,8.30685883422268,8.00731174068732
7175,0.271382921726551,8.225041054043906,7.95365813231736
7176,0.2783284928689969,8.296517152181965,8.01818865931297
7177,0.3594884710919896,8.248588651942281,7.88910018085029
7178,0.30463575183986263,8.332390885956336,8.02775513411647
7179,0.24739117398274257,8.244083205775716,7.99669203179297
7180,0.3820912501214054,8.342240018178847,7.96014876805744
7181,0.32637263445209025,8.352674922480114,8.02630228802802
7182,0.2525042587976986,8.274584356912486,8.02208009811479
7183,0.3410323359368195,8.296862671801449,7.95583033586463
7184,0.386135734373163,8.325462895073933,7.93932716070077
7185,0.45087983573540524,8.284319914876324,7.83344007914092
7186,0.3011454704384757,8.31958083515311,8.01843536471463
7187,0.39594198900616356,8.388747590412198,7.99280560140603
7188,0.28259301365670797,8.297494226236127,8.01490121257942
7189,0.41351666090549516,8.292428670394271,7.87891200948878
7190,0.3232196294505913,8.267085923132546,7.94386629368196
7191,0.3890607928492965,8.324915745470928,7.93585495262163
7192,0.24249548860250603,8.217182303895383,7.97468681529288
7193,0.25373562622538187,8.161382400659045,7.90764677443366
7194,0.4052129613970809,8.486628468626725,8.08141550722964
7195,0.28934677648473567,8.274016054743324,7.98466927825859
7196,0.38174117277370473,8.30016661968796,7.91842544691426
7197,0.3754353309884276,8.328242396599233,7.95280706561081
7198,0.28741694686835495,8.216533557247809,7.92911661037945
7199,0.2444270657381059,8.330035951831547,8.08560888609344
7200,0.3516858808240612,8.273176764600883,7.92149088377682
7201,0.350014071404506,8.26541835975303,7.91540428834852
7202,0.3314972566032103,8.24244206935448,7.91094481275127
7203,0.31109849508106424,8.23375656306688,7.92265806798582
7204,0.4383123085756799,8.391029367938494,7.95271705936281
7205,0.35559224942792045,8.367832288937533,8.01224003950961
7206,0.2926853337037428,8.265487121293383,7.97280178758964
7207,0.3422207717372197,8.325552420040383,7.98333164830316
7208,0.3564774936270548,8.2724234349113,7.91594594128425
7209,0.30532248532459505,8.266029766237148,7.96070728091255
7210,0.4007260878083246,8.39238805139054,7.99166196358222
7211,0.3040684430852155,8.321823110604996,8.01775466751978
7212,0.4051573837904066,8.373411820288577,7.96825443649817
7213,0.36867028166980126,8.345579928994058,7.97690964732426
7214,0.4363746618995459,8.418596229259089,7.98222156735954
7215,0.3569823701807218,8.188486994270916,7.83150462409019
7216,0.3370575086676457,8.27271989572251,7.93566238705486
7217,0.3332586033026109,8.283810810642748,7.95055220734014
7218,0.3255042850218264,8.286799787488984,7.96129550246716
7219,0.38093272386628607,8.288027534737676,7.90709481087139
7220,0.306152785814373,8.214625971325994,7.90847318551162
7221,0.2902282897549733,8.205124940075796,7.91489665032082
7222,0.2918657377051731,8.23347378335633,7.94160804565116
7223,0.29788710794011314,8.296184692192211,7.9982975842521
7224,0.3135415449993619,8.333470659764552,8.01992911476519
7225,0.3572500744949214,8.383922354706524,8.0266722802116
7226,0.3416992745968783,8.335069308689903,7.99337003409302
7227,0.355799742887286,8.410276485402118,8.05447674251483
7228,0.26556271603791387,8.289748504313772,8.02418578827586
7229,0.20594177716808365,8.276531653951833,8.07058987678375
7230,0.33350043402044893,8.294869347797317,7.96136891377687
7231,0.3539650751873774,8.251667646340003,7.89770257115263
7232,0.3010159333801711,8.34060770549391,8.03959177211374
7233,0.24481350016791698,8.256167087845567,8.01135358767765
7234,0.28283052233386957,8.297935332752349,8.01510481041848
7235,0.2548743085211162,8.197871210872503,7.94299690235139
7236,0.3170142843200153,8.291506641966377,7.97449235764636
7237,0.422094117935993,8.327783975165294,7.9056898572293
7238,0.32231001265988046,8.286935620355607,7.96462560769573
7239,0.3103820519668684,8.205788881890864,7.895406829924
7240,0.24732225175212183,8.22763092882242,7.9803086770703
7241,0.25713643500496575,8.278259882321818,8.02112344731685
7242,0.37177170943574966,8.287475952586465,7.91570424315072
7243,0.29289449249368443,8.193220667702446,7.90032617520876
7244,0.4184416433252418,8.294553229135794,7.87611158581055
7245,0.3455331656086161,8.386326813875101,8.04079364826648
7246,0.4309963615271731,8.441747430318687,8.01075106879151
7247,0.33067383359362684,8.284071034727251,7.95339720113362
7248,0.3340577832112235,8.282288379745328,7.9482305965341
7249,0.2855544478010282,8.305386181181333,8.01983173338031
7250,0.3324812155095312,8.332464269546836,7.9999830540373
7251,0.30112687819467887,8.26119450367232,7.96006762547764
7252,0.25213153774086405,8.271384917254485,8.01925337951362
7253,0.22109853411454677,8.20027485201471,7.97917631790016
7254,0.3825111977098764,8.333000825442962,7.95048962773309
7255,0.38687267188681895,8.307448363516,7.92057569162918
7256,0.2853126397074689,8.339739754522286,8.05442711481482
7257,0.3328260641179722,8.19416074711685,7.86133468299888
7258,0.2990830006600767,8.330003941269023,8.03092094060895
7259,0.3131653744871681,8.235697076580436,7.92253170209327
7260,0.3518677417499189,8.296244370257398,7.94437662850748
7261,0.39200632163760685,8.384128609588165,7.99212228795056
7262,0.4523562681257713,8.26817931995047,7.8158230518247
7263,0.26482593226530166,8.278982646168679,8.01415671390338
7264,0.22476756337241505,8.329787086699492,8.10501952332708
7265,0.36256513444313954,8.287178438792054,7.92461330434891
7266,0.25342488914859285,8.181331170552468,7.92790628140388
7267,0.2494339304590278,8.202273693068229,7.9528397626092
7268,0.2922254731675352,8.250355566564252,7.95813009339672
7269,0.3310743714251787,8.330387855110109,7.99931348368493
7270,0.35819292691014903,8.30780572605488,7.94961279914473
7271,0.4252479851292717,8.372402017555945,7.94715403242667
7272,0.35437745626462097,8.28580880173689,7.93143134547227
7273,0.3998671394952097,8.374118415013829,7.97425127551862
7274,0.28088721455042087,8.315752775447404,8.03486556089698
7275,0.28985241901495123,8.246162813599339,7.95631039458439
7276,0.3399962282313773,8.377706736645056,8.03771050841368
7277,0.3322790162405703,8.350920303360386,8.01864128711982
7278,0.3223627603350318,8.342232268227674,8.01986950789264
7279,0.3487941579975262,8.281700510314721,7.93290635231719
7280,0.2895643983329317,8.234322130798517,7.94475773246559
7281,0.3687397682019262,8.372949087751199,8.00420931954927
7282,0.28046524804485184,8.259805119092828,7.97933987104798
7283,0.3187043956479433,8.37074702611265,8.05204263046471
7284,0.3634462557063872,8.310271986557707,7.94682573085132
7285,0.426355244841001,8.371173468260269,7.94481822341927
7286,0.4153539439517693,8.358654741993716,7.94330079804195
7287,0.2616847491153709,8.289378242081797,8.02769349296643
7288,0.27776878659151993,8.187056765768693,7.90928797917717
7289,0.35057996702886646,8.339413780247888,7.98883381321902
7290,0.2641542704586949,8.295937537907985,8.03178326744929
7291,0.3930442724693089,8.323830098088424,7.93078582561911
7292,0.4363682160880581,8.36900231206087,7.93263409597281
7293,0.2937264277913328,8.202215882975556,7.90848945518422
7294,0.3451191496109571,8.33627258290882,7.99115343329786
7295,0.41066908440233113,8.407303142289072,7.99663405788674
7296,0.37470260246755005,8.354669009803276,7.97996640733573
7297,0.31822576228331795,8.215492690424913,7.89726692814159
7298,0.27434937479533356,8.339493334020236,8.0651439592249
7299,0.27076810956658154,8.218750468159355,7.94798235859277
7300,0.3023842698028005,8.278378175070625,7.97599390526782
7301,0.39367145944312143,8.350883098038885,7.95721163859576
7302,0.37552934714474573,8.339051556867723,7.96352220972298
7303,0.29719559152172315,8.263359585578131,7.96616399405641
7304,0.3102231842503614,8.289249736975497,7.97902655272514
7305,0.1780470785100766,8.250001445222638,8.07195436671256
7306,0.3053926401259975,8.294830043197667,7.98943740307167
7307,0.34456638245790727,8.313324924198504,7.9687585417406
7308,0.41969385339938686,8.303480601175565,7.88378674777618
7309,0.3037845742142394,8.267532090888281,7.96374751667404
7310,0.34803758369750054,8.452411365752077,8.10437378205458
7311,0.2770157221558393,8.341771649694685,8.06475592753885
7312,0.39184231348299076,8.403066868870393,8.0112245553874
7313,0.26208915491836804,8.266314870295536,8.00422571537717
7314,0.27905814387229444,8.242594036130534,7.96353589225824
7315,0.2862009944330854,8.245687974833828,7.95948698040074
7316,0.29947544374429247,8.346220507875282,8.04674506413099
7317,0.39549900267164073,8.37831435949466,7.98281535682302
7318,0.34952109752257454,8.343652852414642,7.99413175489207
7319,0.22984485043419378,8.302984887952114,8.07314003751792
7320,0.3010813502937629,8.28592283355028,7.98484148325652
7321,0.44052586558514695,8.41141015314864,7.97088428756349
7322,0.3818463183031953,8.379814840149102,7.99796852184591
7323,0.321451032238283,8.229363095364373,7.90791206312609
7324,0.29715250184151454,8.215720648011533,7.91856814617002
7325,0.36693628003060724,8.269103539894353,7.90216725986375
7326,0.35281888216630447,8.311866942277225,7.95904806011092
7327,0.34129676281433563,8.363244145733677,8.02194738291934
7328,0.3165890728594507,8.258543076240972,7.94195400338152
7329,0.31134109925889986,8.235046550753092,7.92370545149419
7330,0.3450316902775541,8.37675815716522,8.03172646688767
7331,0.3779348617180034,8.339116657107974,7.96118179538997
7332,0.25672482145711395,8.260507650513686,8.00378282905657
7333,0.3312709223825085,8.341464770431829,8.01019384804932
7334,0.33282884962819104,8.282583484070257,7.94975463444207
7335,0.32312825696899367,8.18725694321402,7.86412868624503
7336,0.44786225402432184,8.4159470207143,7.96808476668998
7337,0.363315152090793,8.316362033553002,7.95304688146221
7338,0.3467981370500867,8.315452914553978,7.96865477750389
7339,0.3474050768380791,8.214744216070999,7.86733913923292
7340,0.3545086751569954,8.268265847736856,7.91375717257986
7341,0.3074701204683027,8.335199144912039,8.02772902444374
7342,0.3214581882187743,8.288076890639331,7.96661870242056
7343,0.2635194910942905,8.231034410087988,7.9675149189937
7344,0.3500313818210904,8.196310303532726,7.84627892171164
7345,0.2717592447206004,8.181606611665387,7.90984736694479
7346,0.3123296449137997,8.33657080811018,8.02424116319638
7347,0.21134230245209906,8.268754835755288,8.05741253330319
7348,0.46921733623670525,8.46499898866794,7.99578165243123
7349,0.32683417337307896,8.291070118495078,7.964235945122
7350,0.37911152807026827,8.357364070739676,7.97825254266941
7351,0.2577799133495715,8.315844353889503,8.05806444053993
7352,0.3244537733958371,8.19913391419927,7.87468014080343
7353,0.38333263938130724,8.422253592175933,8.03892095279463
7354,0.35552024082482286,8.306382425362138,7.95086218453732
7355,0.2827493017042333,8.253341601735533,7.9705923000313
7356,0.3680299344645164,8.303312832077589,7.93528289761307
7357,0.41346624215369543,8.356362090641126,7.94289584848743
7358,0.34837410490553716,8.362140918832326,8.01376681392679
7359,0.3591153501036049,8.28576057982157,7.92664522971797
7360,0.3303107104947933,8.36273213270338,8.03242142220859
7361,0.2010415631900647,8.222710251887337,8.02166868869727
7362,0.38221024109143514,8.26560837965861,7.88339813856718
7363,0.40749898707305,8.379001909666174,7.97150292259312
7364,0.2626799145833737,8.23010290492558,7.96742299034221
7365,0.3080995714582047,8.231361021050214,7.92326144959201
7366,0.3914483770935692,8.352835694198667,7.9613873171051
7367,0.3632599612780386,8.321059806940713,7.95779984566267
7368,0.2171835454828659,8.307013074079203,8.08982952859634
7369,0.29867645707955504,8.206200346408561,7.90752388932901
7370,0.32285959121110436,8.29846589266956,7.97560630145846
7371,0.28703742091668427,8.330137694063566,8.04310027314688
7372,0.2537624889401599,8.408517355140877,8.15475486620072
7373,0.29506025593803037,8.239616277952585,7.94455602201456
7374,0.24745882248582196,8.37440587121846,8.12694704873264
7375,0.3469898066709923,8.379054629203106,8.03206482253211
7376,0.34534421341702976,8.288462250185718,7.94311803676869
7377,0.323432642030683,8.24926435544967,7.92583171341899
7378,0.31294613452741576,8.290861048584738,7.97791491405732
7379,0.3152797570585697,8.23247694656704,7.91719718950847
7380,0.2679952598058274,8.23676261939648,7.96876735959065
7381,0.36068537013019525,8.300475299582137,7.93978992945194
7382,0.31837293608441,8.436634837555731,8.11826190147132
7383,0.3365377920499168,8.244668468049547,7.90813067599963
7384,0.3756657233747836,8.25030083148654,7.87463510811176
7385,0.3161762072942537,8.308467321756186,7.99229111446193
7386,0.29636910092457436,8.27073579004226,7.97436668911769
7387,0.25742482930614485,8.227094772849354,7.96966994354321
7388,0.2875238524719737,8.27946164033326,7.99193778786129
7389,0.3134770542449365,8.252515939322599,7.93903888507766
7390,0.4013962272441003,8.350433729553782,7.94903750230968
7391,0.40403329756072165,8.266972567781673,7.86293927022095
7392,0.3744366363129691,8.264350467221181,7.88991383090821
7393,0.27526609418203557,8.19292422608992,7.91765813190788
7394,0.3899705355890955,8.253104536460478,7.86313400087138
7395,0.32697401490717287,8.275241187659814,7.94826717275264
7396,0.44700823283686614,8.2811458652027,7.83413763236583
7397,0.2702798723564742,8.179875263796792,7.90959539144032
7398,0.32538231698806536,8.208159199293187,7.88277688230512
7399,0.3781403092002495,8.461200185053462,8.08305987585321
7400,0.1694278575179088,8.075135238970386,7.90570738145248
7401,0.3448044135462418,8.302897652413249,7.95809323886701
7402,0.4669124797701985,8.412061596668755,7.94514911689856
7403,0.3501853478339882,8.33291291888241,7.98272757104842
7404,0.3314390573401201,8.443006453444184,8.11156739610406
7405,0.2858408461392802,8.263145848823902,7.97730500268462
7406,0.3332849949987411,8.25895957913378,7.92567458413504
7407,0.32941421371516705,8.252199138171926,7.92278492445676
7408,0.34072722953513074,8.242838240835312,7.90211101130018
7409,0.41435469415741166,8.324527108053575,7.91017241389616
7410,0.3230280783910848,8.280346401629826,7.95731832323874
7411,0.287738497550391,8.270829000480541,7.98309050293015
7412,0.36729945272545833,8.257045969102418,7.88974651637696
7413,0.3484820652610019,8.25628844446454,7.90780637920354
7414,0.2097813369434775,8.20404171284729,7.99426037590381
7415,0.4467253798878192,8.347922107594075,7.90119672770626
7416,0.25747036415981134,8.252030412464496,7.99456004830468
7417,0.3625437836294649,8.351749105250718,7.98920532162125
7418,0.23302056067465993,8.308880624583349,8.07586006390869
7419,0.3498301809769976,8.347195826185962,7.99736564520896
7420,0.3720551926042221,8.250986564908814,7.87893137230459
7421,0.23024163015828178,8.143677278029537,7.91343564787126
7422,0.25286661308994696,8.290201821941103,8.03733520885116
7423,0.3704435730485012,8.340667456382583,7.97022388333408
7424,0.36694516944009503,8.37001474750307,8.00306957806298
7425,0.28603791077885166,8.24984554679393,7.96380763601508
7426,0.25147975254749166,8.245138287578479,7.99365853503099
7427,0.3792192182497115,8.31878469653176,7.93956547828205
7428,0.3643009712772924,8.336992626493519,7.97269165521623
7429,0.36928643111461174,8.328708100882041,7.95942166976743
7430,0.3343438914645836,8.343896316799324,8.00955242533474
7431,0.26017696316996036,8.328921546830903,8.06874458366094
7432,0.40229580265510256,8.300078706436134,7.89778290378103
7433,0.3036878848176465,8.254482135911422,7.95079425109378
7434,0.3957670691017839,8.375782599267538,7.98001553016575
7435,0.3580335076810194,8.389022279280193,8.03098877159917
7436,0.44611112859198837,8.260157040580376,7.81404591198839
7437,0.34927539578767286,8.253569966333744,7.90429457054607
7438,0.3311280743433859,8.31655262336633,7.98542454902294
7439,0.36248488123827965,8.3529463775361,7.99046149629782
7440,0.3382894186838076,8.333604312549431,7.99531489386562
7441,0.3473949136468792,8.287024241735667,7.93962932808879
7442,0.37841677380434535,8.326511073604593,7.94809429980025
7443,0.376784235425488,8.310913993791011,7.93412975836552
7444,0.45283083664677853,8.290172761489087,7.83734192484231
7445,0.25178195307330686,8.249724570903705,7.9979426178304
7446,0.40785679267724684,8.233485805110403,7.82562901243316
7447,0.2917722289308008,8.224353738372042,7.93258150944124
7448,0.20539602279631414,8.176987505723352,7.97159148292704
7449,0.2675491508281161,8.241212766946767,7.97366361611865
7450,0.35680716354015346,8.40068947447264,8.04388231093249
7451,0.2831046215311843,8.36106803601146,8.07796341448028
7452,0.31789976663302644,8.337494832362324,8.0195950657293
7453,0.2805800133436241,8.222067168936485,7.94148715559286
7454,0.30655910024419075,8.2565379057487,7.94997880550451
7455,0.34352766089443376,8.373380892910772,8.02985323201634
7456,0.2696222849483761,8.280229890260255,8.01060760531188
7457,0.3476293192830525,8.298129508673334,7.95050018939028
7458,0.34308159015864825,8.35573428345514,8.01265269329649
7459,0.3492875757636732,8.293418371058754,7.94413079529508
7460,0.2831477706037735,8.248198377880287,7.96505060727651
7461,0.27505325628448923,8.150208237368808,7.87515498108432
7462,0.38267163227717754,8.378257898898346,7.99558626662117
7463,0.1931302515289002,8.143899586035214,7.95076933450631
7464,0.2135158394820787,8.18972684269093,7.97621100320885
7465,0.2581375940497051,8.23338670148643,7.97524910743672
7466,0.36054765721896115,8.312971932569296,7.95242427535033
7467,0.3367944466857262,8.378279387131949,8.04148494044622
7468,0.33402668602775143,8.289514367581518,7.95548768155377
7469,0.297201946390385,8.159540643807617,7.86233869741723
7470,0.3517379073971223,8.24631892001238,7.89458101261526
7471,0.3674081550803052,8.432789660766304,8.065381505686
7472,0.39058695829110496,8.287578671921569,7.89699171363046
7473,0.39582545512392014,8.28410782703658,7.88828237191266
7474,0.3834611494360333,8.381094595769907,7.99763344633387
7475,0.25058072334696396,8.208999736302397,7.95841901295543
7476,0.3702935786069984,8.452487351489923,8.08219377288292
7477,0.3614939797930671,8.376065983012827,8.01457200321976
7478,0.27958475339918615,8.173642981768369,7.89405822836918
7479,0.3863853732516337,8.254117958823892,7.86773258557226
7480,0.3805737229004606,8.403075672585958,8.0225019496855
7481,0.37823688104507813,8.344980222226594,7.96674334118152
7482,0.3975357536804635,8.27120079058515,7.87366503690469
7483,0.3797293604638686,8.353315832439222,7.97358647197535
7484,0.33483771818846525,8.261564367258712,7.92672664907025
7485,0.4631747127971931,8.377994317501221,7.91481960470403
7486,0.2874106826014741,8.274083417528782,7.98667273492731
7487,0.34222425451360045,8.25552573240521,7.91330147789161
7488,0.2930037787081041,8.337584199950765,8.04458042124266
7489,0.33468957210670686,8.235192432264224,7.90050286015752
7490,0.2758106369311677,8.306677924356272,8.0308672874251
7491,0.36075910944895556,8.291233756809259,7.9304746473603
7492,0.3202064896660811,8.218422448629568,7.89821595896349
7493,0.2737011181916274,8.284284345767967,8.01058322757634
7494,0.4065701918579687,8.318129231813685,7.91155903995572
7495,0.33717088636122045,8.377745004754233,8.04057411839301
7496,0.21951863234425814,8.244082526290471,8.02456389394621
7497,0.45824868475943376,8.413537134327303,7.95528844956787
7498,0.2902220252059748,8.281787777716044,7.99156575251007
7499,0.41933599739823957,8.357124972147219,7.93778897474898
7500,0.38230261368331375,8.325549424061794,7.94324681037848
7501,0.3485343561705393,8.35024853079822,8.00171417462768
7502,0.3784318428589421,8.277860022751092,7.89942817989215
7503,0.3320100220578456,8.261373286412256,7.92936326435441
7504,0.3486091295417152,8.252031907050528,7.90342277750881
7505,0.248975700728777,8.176492278577912,7.92751657784914
7506,0.36374068144527966,8.245008628263117,7.88126794681784
7507,0.3035488029621657,8.280475931832633,7.97692712887047
7508,0.311522277258271,8.263628859448735,7.95210658219046
7509,0.42953316704778355,8.371784211096715,7.94225104404893
7510,0.26297984462054896,8.276217064843461,8.01323722022291
7511,0.2956488064750852,8.187513636930992,7.89186483045591
7512,0.3084873076220786,8.274077993064232,7.96559068544215
7513,0.30046669384208696,8.262210350599746,7.96174365675766
7514,0.23957259408974893,8.256850790486833,8.01727819639708
7515,0.28081812109445914,8.199940622923862,7.9191225018294
7516,0.2862277390425067,8.322593424823175,8.03636568578067
7517,0.2394372757151184,8.24161518711684,8.00217791140172
7518,0.4839898366021504,8.410437137143719,7.92644730054157
7519,0.38829133300293645,8.350612219096606,7.96232088609367
7520,0.45551027466112504,8.380014678435765,7.92450440377464
7521,0.3880086516533984,8.437909922386442,8.04990127073304
7522,0.31105396629609605,8.264350823658846,7.95329685736275
7523,0.32256550583667987,8.274193566437878,7.9516280606012
7524,0.348617428447876,8.305610871575162,7.95699344312729
7525,0.31949032194836724,8.339406849967089,8.01991652801872
7526,0.3617731491002994,8.363990154823794,8.00221700572349
7527,0.3896576617716535,8.349868694683272,7.96021103291162
7528,0.36541328563261105,8.339762634910393,7.97434934927778
7529,0.2398803383956769,8.284336713648727,8.04445637525305
7530,0.28539165625881097,8.337215361303993,8.05182370504518
7531,0.40961159594113916,8.361191921044604,7.95158032510346
7532,0.24913501776398722,8.282314264361222,8.03317924659724
7533,0.380165670585536,8.37801376719097,7.99784809660543
7534,0.44857787582018627,8.410300869769081,7.96172299394889
7535,0.29613477055559717,8.26448418624985,7.96834941569425
7536,0.39049334604558184,8.253433404079557,7.86294005803397
7537,0.27032199898298404,8.269404699652501,7.99908270066952
7538,0.4418665523840025,8.354011623521465,7.91214507113746
7539,0.36633610760520285,8.305236997017417,7.93890088941221
7540,0.34097039388081934,8.231253602168788,7.89028320828797
7541,0.09730982170208272,8.144907883527843,8.04759806182576
7542,0.4221509684996412,8.348461362576801,7.92631039407716
7543,0.32676286524813136,8.3311768147613,8.00441394951317
7544,0.3740035009058223,8.336312722686444,7.96230922178062
7545,0.4060086506975369,8.310670413495082,7.90466176279755
7546,0.23932536474923174,8.335563696294006,8.09623833154477
7547,0.23462099075735707,8.292952322747196,8.05833133198984
7548,0.4154105056671228,8.270749231392283,7.85533872572516
7549,0.3708595835671602,8.297761363385158,7.926901779818
7550,0.3706355805764642,8.348569779413415,7.97793419883695
7551,0.3504227133909431,8.299555139244344,7.9491324258534
7552,0.2856206201376973,8.349380599988487,8.06375997985079
7553,0.3406926676355175,8.408597661538538,8.06790499390302
7554,0.36819404705221537,8.214824213680917,7.8466301666287
7555,0.3744539664320948,8.237651092456776,7.86319712602468
7556,0.33514201365245555,8.33750307938186,8.0023610657294
7557,0.32931849757923565,8.288910259780147,7.95959176220091
7558,0.2999761704679813,8.250542517884057,7.95056634741608
7559,0.32979582753975545,8.260814173341771,7.93101834580202
7560,0.29219458036002066,8.27355873459155,7.98136415423153
7561,0.20374189554666536,8.233958707587162,8.0302168120405
7562,0.34833323841557473,8.362688594567903,8.01435535615233
7563,0.34016958909331707,8.27758989800697,7.93742030891365
7564,0.32685139934328733,8.266478635466012,7.93962723612272
7565,0.3317913596372084,8.336642560830743,8.00485120119354
7566,0.3981956237454848,8.256333371680338,7.85813774793485
7567,0.418844681364248,8.292957443434,7.87411276206975
7568,0.26508508897785465,8.197311029933891,7.93222594095604
7569,0.3008623959875051,8.311993768900093,8.01113137291259
7570,0.32470037956732095,8.262120046708628,7.93741966714131
7571,0.3464161367302784,8.361608645518857,8.01519250878858
7572,0.37169068396244925,8.295038305638467,7.92334762167602
7573,0.31251441882894904,8.272088763283717,7.95957434445477
7574,0.27588808244032187,8.169189792338095,7.89330170989777
7575,0.35669394868547477,8.321906464641462,7.96521251595599
7576,0.29968073535520995,8.278076259838485,7.97839552448328
7577,0.3849222756377327,8.34736281253816,7.96244053690043
7578,0.22900467665305205,8.283190608528054,8.054185931875
7579,0.28336284901484143,8.387145971171853,8.10378312215701
7580,0.38251155830775907,8.3327717859111,7.95026022760334
7581,0.35608018450226064,8.404219705237463,8.0481395207352
7582,0.365171663952549,8.362682190748984,7.99751052679644
7583,0.32291940288824067,8.261250430295469,7.93833102740723
7584,0.3903595835128373,8.255611835174449,7.86525225166161
7585,0.3558618904907142,8.335964507186285,7.98010261669557
7586,0.3719608886005102,8.371808391678249,7.99984750307774
7587,0.41817381794587244,8.290494930904536,7.87232111295866
7588,0.33234486649146366,8.306920574969505,7.97457570847804
7589,0.23436545326301664,8.198304101745354,7.96393864848234
7590,0.3568904570180165,8.224731019904478,7.86784056288646
7591,0.24705102311542962,8.246789698031614,7.99973867491618
7592,0.3674689139742407,8.278074090901717,7.91060517692748
7593,0.3176034534189487,8.241419900363665,7.92381644694472
7594,0.376833573445539,8.29398474738461,7.91715117393907
7595,0.3351100943714041,8.203992674800558,7.86888258042915
7596,0.4686118520119155,8.405725445080815,7.9371135930689
7597,0.3269767511362835,8.323525375929101,7.99654862479282
7598,0.3168017631522752,8.29141370140301,7.97461193825074
7599,0.3264060497222797,8.205410175787241,7.87900412606496
7600,0.3133927186428463,8.265525829425213,7.95213311078237
7601,0.3834489933930371,8.346783650373517,7.96333465698048
7602,0.390685386529551,8.274703714357008,7.88401832782746
7603,0.4007579951818815,8.36996029712071,7.96920230193883
7604,0.3447517787727032,8.251198919086455,7.90644714031375
7605,0.37787436500183696,8.252422886295328,7.87454852129349
7606,0.32592626667262037,8.318937718941582,7.99301145226896
7607,0.2803562807734453,8.2434822330549,7.96312595228145
7608,0.3800687784328592,8.323898545575851,7.94382976714299
7609,0.36393660828453606,8.300429891952499,7.93649328366796
7610,0.4133372963032378,8.408245549259703,7.99490825295647
7611,0.2456529795419687,8.253012418427197,8.00735943888523
7612,0.37130614456143374,8.38489733790841,8.01359119334698
7613,0.32368916261609293,8.316839068532994,7.9931499059169
7614,0.2406920173931464,8.38864802159182,8.14795600419867
7615,0.2970301747361279,8.399607478148297,8.10257730341217
7616,0.23114348103502427,8.260313497658494,8.02917001662347
7617,0.2782900631509563,8.21387038711463,7.93558032396367
7618,0.3405224552272989,8.289126278671889,7.94860382344459
7619,0.2603319208364717,8.286455653546874,8.0261237327104
7620,0.3661538859716252,8.375543813214792,8.00938992724317
7621,0.42829927382398963,8.351776655750644,7.92347738192665
7622,0.3183192392749261,8.351489728836036,8.03317048956111
7623,0.24596206213256858,8.271336342970907,8.02537428083834
7624,0.21289476083778594,8.135201378769422,7.92230661793164
7625,0.4033610679225454,8.422137357113625,8.01877628919108
7626,0.2757283582378433,8.310021837887732,8.03429347964989
7627,0.271901060700881,8.217470262751776,7.9455692020509
7628,0.346166334233189,8.288515462237484,7.9423491280043
7629,0.2449300290542533,8.221721956793948,7.97679192773969
7630,0.28592911250762265,8.328196109884212,8.04226699737659
7631,0.3380184926116652,8.223396834773954,7.88537834216229
7632,0.2715030934903598,8.300689328677304,8.02918623518694
7633,0.23922159998571255,8.148701900535649,7.90948030054994
7634,0.3900212303628559,8.324873672151945,7.93485244178909
7635,0.37160284580184777,8.29373061303652,7.92212776723467
7636,0.2789836234386526,8.26051845053249,7.98153482709384
7637,0.2938295546615032,8.266485869088715,7.97265631442721
7638,0.38086247590521005,8.178649884041462,7.79778740813625
7639,0.27103878920246155,8.219088948823599,7.94805015962114
7640,0.2755805284932893,8.27816525734505,8.00258472885176
7641,0.3672867623204944,8.318436910025985,7.95115014770549
7642,0.28944883380555814,8.253237210840325,7.96378837703477
7643,0.34484137345966515,8.367087279646515,8.02224590618685
7644,0.29952614023517704,8.12069327604555,7.82116713581037
7645,0.25679249476522076,8.216667502491472,7.95987500772625
7646,0.17526057731131367,8.221162724058868,8.04590214674755
7647,0.37616292972289367,8.303895625030233,7.92773269530734
7648,0.25476043511105934,8.2408258350776,7.98606539996654
7649,0.3062900949767783,8.251380403312018,7.94509030833524
7650,0.4427742368505016,8.399061568267507,7.95628733141701
7651,0.33238541454237347,8.344449596755718,8.01206418221334
7652,0.22753944627280184,8.2513750532749,8.0238356070021
7653,0.2888219358725683,8.288999640609198,8.00017770473663
7654,0.3760800273432184,8.348772456536425,7.97269242919321
7655,0.42206509877376686,8.312927236350978,7.89086213757721
7656,0.3103420256747244,8.332402917177218,8.02206089150249
7657,0.34393389747367187,8.280289704585877,7.93635580711221
7658,0.3109268266234384,8.325981419445249,8.01505459282181
7659,0.337409389984107,8.288143942074909,7.9507345520908
7660,0.28364118370777197,8.284793951795237,8.00115276808747
7661,0.356867136745325,8.299734320096384,7.94286718335106
7662,0.3222957215944747,8.310961821197928,7.98866609960345
7663,0.22373912701541437,8.355659261482765,8.13192013446735
7664,0.2655026995747031,8.302074638491696,8.03657193891699
7665,0.39814489495092303,8.361423615509146,7.96327872055822
7666,0.32469624824710136,8.32795807916987,8.00326183092277
7667,0.2928763310790477,8.307209169381618,8.01433283830257
7668,0.3405931623882562,8.288756530840473,7.94816336845222
7669,0.3091647889729316,8.377064870290743,8.06790008131781
7670,0.2901374472850186,8.217226570484517,7.9270891231995
7671,0.3271389412223944,8.296075234125537,7.96893629290314
7672,0.3901604843668241,8.366024024775994,7.97586354040917
7673,0.40509949311486504,8.262205656114373,7.85710616299951
7674,0.2699392381684616,8.242675182980836,7.97273594481237
7675,0.4118589131422549,8.38474491679858,7.97288600365632
7676,0.36489036950429815,8.21276181807735,7.84787144857305
7677,0.3707736240457965,8.33537514146394,7.96460151741814
7678,0.3170267104631269,8.292011231078442,7.97498452061532
7679,0.3448024922575585,8.447679956013436,8.10287746375588
7680,0.30736276053584044,8.36586203117772,8.05849927064188
7681,0.30967879915916613,8.216394961704424,7.90671616254526
7682,0.44040540780066934,8.440906773703066,8.0005013659024
7683,0.3150779888404551,8.284730953428431,7.96965296458798
7684,0.35887321075365747,8.257553426417111,7.89868021566345
7685,0.21928272636390292,8.211343397405463,7.99206067104156
7686,0.3686325477916793,8.357112840895676,7.988480293104
7687,0.3383815281060215,8.327469498088691,7.98908796998267
7688,0.2434670129127892,8.20437630186832,7.96090928895553
7689,0.21520581540609204,8.200168127041097,7.98496231163501
7690,0.27616305882389613,8.164396325985175,7.88823326716128
7691,0.28289964975301063,8.292234420998037,8.00933477124503
7692,0.30023979011454377,8.203557009943745,7.9033172198292
7693,0.19321221964488158,8.27369371431554,8.08048149467066
7694,0.3737169363696287,8.285728268597172,7.91201133222754
7695,0.3559766173773736,8.252573190147222,7.89659657276985
7696,0.21744122153017706,8.21402768254751,7.99658646101733
7697,0.38884055225402797,8.4433673546913,8.05452680243727
7698,0.3471403479170899,8.253099046645207,7.90595869872812
7699,0.3033427766125789,8.285485432452308,7.98214265583973
7700,0.37632598100380754,8.346946743064168,7.97062076206036
7701,0.31621223200554743,8.237101932152456,7.92088970014691
7702,0.3546695203950516,8.376164835949396,8.02149531555435
7703,0.3577100833515069,8.397565001294968,8.03985491794346
7704,0.3788274795231967,8.344894421014432,7.96606694149124
7705,0.3080606224054451,8.303499159774487,7.99543853736904
7706,0.3132261575249074,8.282269989262042,7.96904383173714
7707,0.16561570764067549,8.207794520782965,8.04217881314229
7708,0.40299699942512063,8.339595339156498,7.93659833973138
7709,0.26583302923873103,8.221693307725626,7.9558602784869
7710,0.43375348598962976,8.348343123171208,7.91458963718158
7711,0.33120356740237716,8.320174844298432,7.98897127689605
7712,0.3539055402872296,8.384872227695174,8.03096668740795
7713,0.33033039332105807,8.280314449742539,7.94998405642148
7714,0.3246662302101757,8.284099595442767,7.95943336523259
7715,0.292936355299398,8.306076342226852,8.01313998692745
7716,0.4081019698259322,8.391076141084932,7.982974171259
7717,0.2692425454107182,8.23958589054445,7.97034334513373
7718,0.3700388176255769,8.27786940096961,7.90783058334403
7719,0.3271621660914653,8.33037665873427,8.0032144926428
7720,0.2528429790206341,8.238216350114405,7.98537337109377
7721,0.4104787211284322,8.390003427388416,7.97952470625998
7722,0.43776635982647877,8.27507951956227,7.83731315973579
7723,0.22995427514234698,8.270058162798987,8.04010388765664
7724,0.3976116419200207,8.326177300085092,7.92856565816507
7725,0.25590604244492243,8.302527002450358,8.04662096000544
7726,0.2862862781256761,8.250869803775933,7.96458352565026
7727,0.2747480871716511,8.255058975283742,7.98031088811209
7728,0.3168078044458501,8.293304614962254,7.9764968105164
7729,0.3491013038999126,8.309252537717855,7.96015123381794
7730,0.3301852484592551,8.261127839105987,7.93094259064673
7731,0.2563719188848187,8.251254856332121,7.9948829374473
7732,0.4097752480221148,8.356546382813892,7.94677113479178
7733,0.2773623015694844,8.205057147805991,7.92769484623651
7734,0.3414150390643101,8.381026966444697,8.03961192738039
7735,0.2773336509909527,8.286821923256413,8.00948827226546
7736,0.28424658205187603,8.254843246020595,7.97059666396872
7737,0.35077763352468727,8.354468270585407,8.00369063706072
7738,0.31703813749709064,8.2314338141467,7.91439567664961
7739,0.3132203159020651,8.272318110387236,7.95909779448517
7740,0.3582618310571206,8.277997890904148,7.91973605984703
7741,0.3093772694345902,8.273697548157012,7.96432027872242
7742,0.31550307680770756,8.331869821987311,8.0163667451796
7743,0.35078290813010643,8.390479839774063,8.03969693164396
7744,0.2494387452199064,8.249718143344138,8.00027939812423
7745,0.391648078322971,8.296836172915016,7.90518809459205
7746,0.3109815515730722,8.310226642511887,7.99924509093881
7747,0.35034508381848045,8.38759672700199,8.03725164318351
7748,0.31173452480686065,8.274948720369968,7.96321419556311
7749,0.31456633042524995,8.272389386904747,7.9578230564795
7750,0.221379674054156,8.25022697569721,8.02884730164305
7751,0.29952505580516053,8.238452320083162,7.938927264278
7752,0.3778776387850427,8.430025651837857,8.05214801305281
7753,0.3009810262635706,8.382083593746389,8.08110256748282
7754,0.44443845751276545,8.401381723469422,7.95694326595666
7755,0.29721617152597707,8.316644958212006,8.01942878668603
7756,0.3288133785132516,8.262216150922432,7.93340277240918
7757,0.33067574169240055,8.294437182624899,7.9637614409325
7758,0.4134699028783189,8.354364943436225,7.94089504055791
7759,0.23022694587998538,8.279222246283686,8.0489953004037
7760,0.24434038842150785,8.19385541871392,7.94951503029241
7761,0.37604754230639714,8.290114577095665,7.91406703478927
7762,0.3483015954571569,8.327344808122318,7.97904321266516
7763,0.4182828369175503,8.403736963018687,7.98545412610114
7764,0.2643160980571386,8.28564558342411,8.02132948536697
7765,0.279599140124495,8.294981290664216,8.01538215053972
7766,0.23709445570602,8.304285953554835,8.06719149784882
7767,0.29240554868188273,8.275964849144653,7.98355930046277
7768,0.31272148771549746,8.315916231362378,8.00319474364688
7769,0.21337041900163098,8.278132387708158,8.06476196870653
7770,0.28535775496645144,8.272828481407354,7.9874707264409
7771,0.2929915503384728,8.340429650187525,8.04743809984905
7772,0.27283540909717424,8.32251219927264,8.04967679017547
7773,0.37333816093589833,8.383291650786147,8.00995348985025
7774,0.4801525573317989,8.366253331301275,7.88610077396948
7775,0.2751844437714633,8.299395864240534,8.02421142046907
7776,0.38352745327778787,8.312313291822647,7.92878583854486
7777,0.349361241542569,8.2093642675679,7.86000302602533
7778,0.3878492163967498,8.327746357339137,7.93989714094239
7779,0.3378677078580474,8.255261580835379,7.91739387297733
7780,0.30925986504938724,8.344474854720891,8.0352149896715
7781,0.33678837384639115,8.226032446705476,7.88924407285908
7782,0.27873299966175524,8.209417875054964,7.93068487539321
7783,0.31048963863725776,8.481029765686932,8.17054012704967
7784,0.3349610040950838,8.258972239619556,7.92401123552447
7785,0.3802958212155555,8.369034434598994,7.98873861338344
7786,0.3784724531816225,8.405559514537986,8.02708706135636
7787,0.37282500272810076,8.277846176627191,7.90502117389909
7788,0.37095280166647404,8.339364410491143,7.96841160882467
7789,0.3037135079330169,8.239857306930759,7.93614379899774
7790,0.3166633985064027,8.344145531943365,8.02748213343696
7791,0.4610297211604965,8.430045832016049,7.96901611085555
7792,0.3246105058327391,8.296228426875714,7.97161792104298
7793,0.2973501405850316,8.255120539301002,7.95777039871597
7794,0.252454334145415,8.261374579283407,8.00892024513799
7795,0.40397159266070154,8.32729654797349,7.92332495531279
7796,0.3861605236511322,8.36638486927567,7.98022434562454
7797,0.4481532407893358,8.380054540085979,7.93190129929664
7798,0.3705263199102097,8.367576532253318,7.99705021234311
7799,0.31702383639109405,8.34772869823134,8.03070486184025
7800,0.3669041679722154,8.19175111042886,7.82484694245665
7801,0.3831815934141275,8.321298173352465,7.93811657993834
7802,0.2332364557184577,8.057546097784524,7.82430964206607
7803,0.33733341289725793,8.2576573877808,7.92032397488354
7804,0.42489410722817006,8.312109197667214,7.88721509043904
7805,0.39779741283813996,8.28924341157191,7.89144599873377
7806,0.2294026840935176,8.18287281853523,7.95347013444171
7807,0.3187435813338769,8.287900770670044,7.96915718933617
7808,0.3402315965489878,8.242203549998175,7.90197195344919
7809,0.24768058086988118,8.233163955070719,7.98548337420084
7810,0.35924689729969267,8.35049836877063,7.99125147147094
7811,0.2637376072549552,8.363948870501497,8.10021126324654
7812,0.30690297110481446,8.282692288328024,7.97578931722321
7813,0.4540380218267723,8.408448897498966,7.95441087567219
7814,0.40225645413817085,8.37112558057511,7.96886912643694
7815,0.368031990651371,8.257595703225705,7.88956371257433
7816,0.26172661194248964,8.230108053822395,7.96838144187991
7817,0.264814886539097,8.26555794431169,8.00074305777259
7818,0.4944176527778859,8.340136111694708,7.84571845891682
7819,0.4711904245938499,8.242794478115963,7.77160405352211
7820,0.31063945419172306,8.31807785251983,8.00743839832811
7821,0.330397730315308,8.276837763933099,7.94644003361779
7822,0.221803168493907,8.207970375519919,7.98616720702601
7823,0.37799875129729643,8.322761956996372,7.94476320569908
7824,0.2216357529409089,8.220985524277665,7.99934977133676
7825,0.3605416805150358,8.336795372541914,7.97625369202688
7826,0.20591908869558803,8.297718689167679,8.09179960047209
7827,0.38460926934209216,8.312453248428074,7.92784397908598
7828,0.2993574154814302,8.33880374026852,8.03944632478709
7829,0.26812188523353736,8.272282544696846,8.00416065946331
7830,0.27622468790076876,8.252239784130442,7.97601509622967
7831,0.23094756361490942,8.206072724221947,7.97512516060704
7832,0.2499677018017761,8.273720682533536,8.02375298073176
7833,0.31160379015111495,8.274005304775933,7.96240151462482
7834,0.2634750829826765,8.322378248412086,8.05890316542941
7835,0.33843756897795,8.312190230908982,7.97375266193103
7836,0.3026920108443543,8.236846531662138,7.93415452081778
7837,0.31961410025365494,8.285471494213851,7.9658573939602
7838,0.3230715252458378,8.339611987964036,8.0165404627182
7839,0.37133952939813153,8.327412064350517,7.95607253495239
7840,0.3835735661981255,8.320622892099472,7.93704932590135
7841,0.37668772482516355,8.386054551774015,8.00936682694885
7842,0.19203389645110416,8.219332711276873,8.02729881482577
7843,0.2527266840923697,8.264728460186127,8.01200177609376
7844,0.39592861199130275,8.301977767851865,7.90604915586056
7845,0.3200909244609759,8.272741788896266,7.95265086443529
7846,0.23704455384922848,8.223192356368335,7.98614780251911
7847,0.25653245249150325,8.225062173517323,7.96852972102582
7848,0.3291560064403351,8.323815499308324,7.99465949286799
7849,0.3217694403803088,8.369908721537614,8.04813928115731
7850,0.23501795986399399,8.201121057216806,7.96610309735281
7851,0.22229781896198014,8.253849537660434,8.03155171869845
7852,0.34972511381440663,8.29860302521302,7.94887791139861
7853,0.2903753176973793,8.31354619118666,8.02317087348928
7854,0.1969201541470204,8.205919013295103,8.00899885914808
7855,0.28520410257439627,8.225436887197963,7.94023278462357
7856,0.3520859943229298,8.174899984075758,7.82281398975283
7857,0.3844094691240774,8.364931335274632,7.98052186615055
7858,0.3234183571619641,8.264531588912579,7.94111323175061
7859,0.26931493012443697,8.259967610162763,7.99065268003833
7860,0.38603775453021316,8.338441271537246,7.95240351700703
7861,0.3627047550126426,8.32871169025701,7.96600693524437
7862,0.281529233691238,8.308350482941,8.02682124924976
7863,0.2969110794271408,8.270299268445987,7.97338818901885
7864,0.3346241708181239,8.204040851076313,7.86941668025819
7865,0.3741198562920808,8.259441092276475,7.88532123598439
7866,0.1680450210571933,8.183710195571692,8.0156651745145
7867,0.34441778056787997,8.271302790068995,7.92688500950112
7868,0.2688840975819209,8.288098560390992,8.01921446280907
7869,0.4260367043651045,8.304446591960014,7.87840988759491
7870,0.2228930816212913,8.275928308497544,8.05303522687625
7871,0.33902185285850234,8.415608769481757,8.07658691662325
7872,0.3342859901954846,8.41275019180568,8.0784642016102
7873,0.28231196871073916,8.26422208858305,7.98191011987231
7874,0.373857450891949,8.267201483751345,7.8933440328594
7875,0.31057474942107477,8.208771792385683,7.89819704296461
7876,0.30678510281827,8.285641495011147,7.97885639219288
7877,0.4564217257627222,8.281171834584102,7.82475010882138
7878,0.3666888833991916,8.24606641869388,7.87937753529469
7879,0.35017822180355734,8.274641160086391,7.92446293828283
7880,0.3529913835779086,8.426557379231983,8.07356599565408
7881,0.49412892094483335,8.394685609992832,7.900556689048
7882,0.3934320060056142,8.308000030504063,7.91456802449845
7883,0.2839619801493835,8.333350638477373,8.04938865832799
7884,0.2832789263051749,8.307147034258403,8.02386810795323
7885,0.3524311569190725,8.281884608845695,7.92945345192662
7886,0.3699320305692522,8.288028281407273,7.91809625083802
7887,0.3022566206041516,8.280549336335653,7.9782927157315
7888,0.2945470690459211,8.282116747077396,7.98756967803148
7889,0.3604283099797,8.287728122294125,7.92729981231442
7890,0.31322349670789146,8.318439175912419,8.00521567920453
7891,0.3478932225542367,8.324319487077794,7.97642626452356
7892,0.24691467068925932,8.178673772593847,7.93175910190459
7893,0.31824840024258905,8.289268410523434,7.97102001028084
7894,0.2836677021088633,8.213047967180852,7.92938026507199
7895,0.35210025004327733,8.265610771207681,7.9135105211644
7896,0.21603975184825988,8.215504376274835,7.99946462442658
7897,0.3648652172780832,8.260154767271434,7.89528954999335
7898,0.4086363003303549,8.37340723375051,7.96477093342016
7899,0.40161105623449683,8.282758564368295,7.8811475081338
7900,0.32729979950454346,8.25670528087494,7.9294054813704
7901,0.3836614168968692,8.347127175220656,7.96346575832379
7902,0.4163212842175359,8.370233729618786,7.95391244540125
7903,0.34889473640049784,8.270793717901096,7.9218989815006
7904,0.39463504548616696,8.336473656687097,7.94183861120093
7905,0.4217734432696073,8.310804390715195,7.88903094744559
7906,0.1539109592919657,8.104071491563188,7.95016053227122
7907,0.4181234206520698,8.272158508592224,7.85403508794015
7908,0.3716071792424733,8.311751386055075,7.9401442068126
7909,0.2720366911494944,8.275671481324007,8.00363479017451
7910,0.3151267489489125,8.245064084511494,7.92993733556258
7911,0.31105015397660707,8.149429140020732,7.83837898604413
7912,0.2846661314860296,8.183558255255885,7.89889212376986
7913,0.3228829988449451,8.21945572427897,7.89657272543402
7914,0.3503884124387518,8.214305928718328,7.86391751627958
7915,0.3308158779448197,8.354109730644701,8.02329385269988
7916,0.2719000255210335,8.377828604892798,8.10592857937177
7917,0.3320709248738271,8.266622191436275,7.93455126656245
7918,0.26298682652861877,8.311904326029858,8.04891749950124
7919,0.33169123692799485,8.390134284931527,8.05844304800353
7920,0.33927810490093013,8.241815166511088,7.90253706161016
7921,0.2736554900021747,8.286814771034955,8.01315928103278
7922,0.27274466328031755,8.223232608552197,7.95048794527188
7923,0.3444190707919872,8.383889986130496,8.03947091533851
7924,0.4036418608341103,8.274344444542113,7.870702583708
7925,0.41816956451933784,8.348225719885791,7.93005615536645
7926,0.2286707288558297,8.219607450650706,7.99093672179488
7927,0.29170888643006965,8.277306697626173,7.9855978111961
7928,0.4118415149792878,8.342031737446398,7.93019022246711
7929,0.3779847657015936,8.378443170110037,8.00045840440844
7930,0.3483552849077771,8.350566211785214,8.00221092687744
7931,0.3240622452778454,8.32449835229061,8.00043610701276
7932,0.3838450487111363,8.398037010187291,8.01419196147616
7933,0.3780552970191202,8.428508335479538,8.05045303846042
7934,0.3727718158779545,8.372024061966075,7.99925224608812
7935,0.2526443232234125,8.2549915456659,8.00234722244249
7936,0.3299975795034997,8.288501967509605,7.95850438800611
7937,0.24957968924869808,8.239506983973888,7.98992729472519
7938,0.23528434739648452,8.261959899628799,8.02667555223231
7939,0.42670024174527565,8.220786399918271,7.794086158173
7940,0.27505579881828307,8.237611669553797,7.96255587073551
7941,0.40891405118176677,8.413455454817232,8.00454140363546
7942,0.3286006724746891,8.368882368756607,8.04028169628192
7943,0.38763892790064974,8.305703492660518,7.91806456475987
7944,0.36955153773063354,8.354652252930135,7.9851007151995
7945,0.3701807843826,8.34576039952403,7.97557961514143
7946,0.35554013629619713,8.234272184255744,7.87873204795955
7947,0.3709275128575029,8.357360908338308,7.9864333954808
7948,0.359192203127037,8.32062276797442,7.96143056484738
7949,0.3388291905719694,8.290721525309856,7.95189233473789
7950,0.3145005949303179,8.337930199278233,8.02342960434792
7951,0.41386560068118206,8.310672532181018,7.89680693149984
7952,0.28523839525319294,8.292778325922553,8.00753993066936
7953,0.3088841324226562,8.269662594698962,7.96077846227631
7954,0.3712546554806415,8.3398968349485,7.96864217946786
7955,0.2696934790361185,8.198562115141424,7.92886863610531
7956,0.44443958813786755,8.333378015532531,7.88893842739466
7957,0.39727639926506675,8.337575405780045,7.94029900651498
7958,0.3259075332453907,8.373343052863817,8.04743551961843
7959,0.3602817721093268,8.324788666010768,7.96450689390144
7960,0.42537378929667224,8.299271359238658,7.87389756994199
7961,0.43199838481996133,8.354359122437524,7.92236073761756
7962,0.33283689180783405,8.317144321406632,7.9843074295988
7963,0.3265680806605379,8.218228219279652,7.89166013861911
7964,0.40982480665563836,8.370759079496816,7.96093427284118
7965,0.29883513468900835,8.19920472291254,7.90036958822353
7966,0.26213877328389884,8.298335535250478,8.03619676196658
7967,0.30630055157374514,8.32743728637622,8.02113673480248
7968,0.3816837300147857,8.281502492590336,7.89981876257555
7969,0.3204097791605024,8.383256373786587,8.06284659462608
7970,0.33205368333059926,8.272714705806496,7.9406610224759
7971,0.3870115957392667,8.324181483003507,7.93716988726424
7972,0.4728018031497393,8.364845596692536,7.8920437935428
7973,0.32249667177753155,8.295843176310278,7.97334650453275
7974,0.33467242727183993,8.342911769031643,8.0082393417598
7975,0.3324990923974066,8.28045116180063,7.94795206940322
7976,0.31058797219877277,8.324080804534905,8.01349283233613
7977,0.3383199149469939,8.260543119391079,7.92222320444408
7978,0.37196956349197563,8.34409793090479,7.97212836741281
7979,0.22770702240909602,8.134208756675248,7.90650173426615
7980,0.3612697791227738,8.335806619005298,7.97453683988252
7981,0.32111415886894246,8.253783049835226,7.93266889096628
7982,0.3092858306713098,8.344729424181919,8.03544359351061
7983,0.355253996145316,8.317711609062684,7.96245761291737
7984,0.29269619341739955,8.270055739942931,7.97735954652553
7985,0.3841873914833002,8.34027155390255,7.95608416241925
7986,0.3079390943639795,8.247837794181542,7.93989869981756
7987,0.48379343681534165,8.393656270106503,7.90986283329116
7988,0.3758813744543635,8.214311012318625,7.83842963786426
7989,0.2716486467904398,8.183661101114264,7.91201245432382
7990,0.3324414620751487,8.324164179798487,7.99172271772334
7991,0.24319774503798736,8.28704388500502,8.04384613996703
7992,0.3152720973422299,8.222554953352027,7.9072828560098
7993,0.410974017757569,8.265471971369601,7.85449795361203
7994,0.3463356121028076,8.256074692435142,7.90973908033233
7995,0.39594825226637254,8.249735077575393,7.85378682530902
7996,0.285010790007679,8.33122180051355,8.04621101050587
7997,0.3931618488268092,8.435138997508723,8.04197714868191
7998,0.36183787418822067,8.32122922174202,7.9593913475538
7999,0.3382087185406824,8.299627826594785,7.9614191080541
8000,0.27693375609236254,8.302886802109755,8.02595304601739
8001,0.4165019450337397,8.365241726643239,7.9487397816095
8002,0.2707172989181803,8.180782403935453,7.91006510501727
8003,0.27961540711706,8.26484411717708,7.98522871006002
8004,0.32457167171824025,8.281731643032828,7.95715997131459
8005,0.28241444490431716,8.182868200227588,7.90045375532327
8006,0.13349194289452646,8.17609841385795,8.04260647096342
8007,0.35658285048940225,8.336475780638457,7.97989293014906
8008,0.2339850022005309,8.284985806883626,8.0510008046831
8009,0.3215734999112097,8.444063788028533,8.12249028811732
8010,0.46252034424706295,8.380366462991136,7.91784611874407
8011,0.3522069465530678,8.320197656269176,7.96799070971611
8012,0.28980542412215116,8.241443141625675,7.95163771750352
8013,0.3441341626134011,8.261661963070308,7.91752780045691
8014,0.35198072337057035,8.278508295942244,7.92652757257167
8015,0.41749592565870713,8.279748802096043,7.86225287643734
8016,0.48141694118299305,8.411282819047338,7.92986587786435
8017,0.36315785276051954,8.330681383024201,7.96752353026368
8018,0.32524265485996906,8.369869325093072,8.0446266702331
8019,0.3583550141933066,8.320054535807927,7.96169952161462
8020,0.3204264365764582,8.239828801559383,7.91940236498293
8021,0.33636303769615555,8.323929560755039,7.98756652305888
8022,0.3202256465460963,8.336971097336638,8.01674545079054
8023,0.36755915279248963,8.30341514451703,7.93585599172454
8024,0.2647027084035634,8.25906674207554,7.99436403367198
8025,0.42431590976640754,8.368306192313241,7.94399028254683
8026,0.33125689274483167,8.260065768248548,7.92880887550372
8027,0.3175555072010522,8.279820499138948,7.9622649919379
8028,0.3663974310255647,8.379042818800093,8.01264538777453
8029,0.31760549150734857,8.220556831021835,7.90295133951449
8030,0.42565446344770247,8.414761263238702,7.989106799791
8031,0.392718936899453,8.324447825050923,7.93172888815147
8032,0.4192256759975258,8.427081124927549,8.00785544893002
8033,0.36817209000438667,8.216420810649872,7.84824872064549
8034,0.3105376697889469,8.273675373166665,7.96313770337772
8035,0.2951658900314696,8.228233855512658,7.93306796548119
8036,0.249519358195047,8.222959291307488,7.97343993311244
8037,0.31806413899168795,8.266287920458733,7.94822378146705
8038,0.31830174019079854,8.317283014034592,7.99898127384379
8039,0.32251996045018166,8.299558078937022,7.97703811848684
8040,0.31148754671057843,8.32972839965166,8.01824085294108
8041,0.3387431126705308,8.323083422470825,7.98434030980029
8042,0.4053420703257484,8.350988150525795,7.94564608020005
8043,0.2618140330350226,8.329274695514501,8.06746066247948
8044,0.2866563522039611,8.281439625996722,7.99478327379276
8045,0.315970208021268,8.272931674602392,7.95696146658112
8046,0.2994456277149283,8.284427079107905,7.98498145139298
8047,0.1430751470872021,8.175317266215268,8.03224211912807
8048,0.2583728208864662,8.223159889876564,7.9647870689901
8049,0.36878452429958214,8.366785190700394,7.99800066640081
8050,0.26716254647749915,8.188748284045785,7.92158573756829
8051,0.30216900918870493,8.237480495059334,7.93531148587063
8052,0.2945686919476155,8.29850239201452,8.0039337000669
8053,0.3284623021040464,8.318301899033655,7.98983959692961
8054,0.3065469002286659,8.327362367581348,8.02081546735268
8055,0.39609318184127673,8.280112189121061,7.88401900727978
8056,0.34928646758972653,8.35651638707915,8.00722991948942
8057,0.40868864804731736,8.37546015574822,7.9667715077009
8058,0.3565663170542894,8.25831324057826,7.90174692352397
8059,0.3136483903840709,8.320759448904363,8.00711105852029
8060,0.2857049444598643,8.352520964710614,8.06681602025075
8061,0.34087804733640076,8.27939488334229,7.93851683600589
8062,0.2835036654421966,8.286441979318102,8.00293831387591
8063,0.26776776977784306,8.283127146283013,8.01535937650517
8064,0.40090508559184784,8.340317666440008,7.93941258084816
8065,0.2943786114843218,8.22815262460307,7.93377401311875
8066,0.3230393400424879,8.266485519739021,7.94344617969653
8067,0.2802573523408487,8.294542728413813,8.01428537607296
8068,0.26975874936881433,8.141390304270287,7.87163155490147
8069,0.27059920896053385,8.248590204670062,7.97799099570953
8070,0.3509900302426131,8.332771510775238,7.98178148053263
8071,0.30815056931668156,8.179446236846063,7.87129566752938
8072,0.3369958190608841,8.262423361092136,7.92542754203125
8073,0.2719517686535346,8.233491335219856,7.96153956656632
8074,0.3210611081778213,8.252685743776784,7.93162463559896
8075,0.30327535358939167,8.347933751091723,8.04465839750233
8076,0.3114821977012809,8.322663688287996,8.01118149058671
8077,0.19393076084859234,8.194279063016443,8.00034830216785
8078,0.2666943152659939,8.19209985615638,7.92540554089039
8079,0.2563681836820718,8.166238293630782,7.90987010994871
8080,0.3644947489442496,8.337909019649718,7.97341427070547
8081,0.3679721275875818,8.335432249336924,7.96746012174934
8082,0.2801582000227024,8.273688376900616,7.99353017687791
8083,0.33361850328902265,8.347258956498608,8.01364045320959
8084,0.3507825084231287,8.32018240952158,7.96939990109845
8085,0.25473801698838205,8.215992989199625,7.96125497221124
8086,0.23257813076439507,8.171318634693765,7.93874050392937
8087,0.44528634156537744,8.29989489847307,7.85460855690769
8088,0.34906551080237785,8.360761287425722,8.01169577662334
8089,0.30510597552938956,8.395994920097454,8.09088894456806
8090,0.39648545190963325,8.249427768719334,7.8529423168097
8091,0.3818695278057841,8.28655217100431,7.90468264319853
8092,0.28445366071853945,8.279122132404051,7.99466847168551
8093,0.3772826782369454,8.394746716397346,8.0174640381604
8094,0.36359549780912176,8.40401443850559,8.04041894069647
8095,0.3623878995396371,8.409147335560714,8.04675943602108
8096,0.3104389879743946,8.341682462225451,8.03124347425106
8097,0.3696211577018849,8.332446830283184,7.9628256725813
8098,0.3518059920687187,8.23740977409296,7.88560378202424
8099,0.3935622481024962,8.293831615739888,7.90026936763739
8100,0.3367498271390068,8.229127777291227,7.89237795015222
8101,0.35451360518250136,8.27143344590929,7.91691984072679
8102,0.3788460062331929,8.29652034362156,7.91767433738837
8103,0.32112834806604806,8.297316684147692,7.97618833608164
8104,0.34249812859195394,8.26345755329224,7.92095942470029
8105,0.38158296858931473,8.355249697473326,7.97366672888401
8106,0.27882524559657734,8.275626658490808,7.99680141289423
8107,0.38697622857923686,8.329557622787469,7.94258139420823
8108,0.2872211422457296,8.262596326808128,7.9753751845624
8109,0.24738470455582298,8.220367517153875,7.97298281259805
8110,0.2593770777336295,8.24123190725547,7.98185482952184
8111,0.37270405606112555,8.309450393570124,7.936746337509
8112,0.34694198927601,8.241212723366665,7.89427073409066
8113,0.3115567051866389,8.306082285080809,7.99452557989417
8114,0.34039974256539,8.28039419863017,7.93999445606478
8115,0.3444186283343569,8.338473343338066,7.99405471500371
8116,0.3348978385576002,8.374483239786542,8.03958540122894
8117,0.4029171963877308,8.231707843067637,7.82879064667991
8118,0.36726681075347706,8.312595382892784,7.94532857213931
8119,0.3286324818687659,8.223402772813438,7.89477029094467
8120,0.22744391899631344,8.231364582594532,8.00392066359822
8121,0.2974727360612235,8.333904687294083,8.03643195123286
8122,0.31296418460630865,8.260916274178296,7.94795208957199
8123,0.29205712238277937,8.289983626069164,7.99792650368638
8124,0.2792211536790384,8.25927908394981,7.98005793027077
8125,0.3576125626361872,8.349216811417463,7.99160424878128
8126,0.28074315431546065,8.21994042737651,7.93919727306105
8127,0.3305212978382788,8.287305678029407,7.95678438019113
8128,0.40101403457308726,8.343040875053786,7.9420268404807
8129,0.3496035128250721,8.341821053572765,7.99221754074769
8130,0.35950289076552494,8.374393262042169,8.01489037127664
8131,0.3598122281748932,8.206924412727384,7.84711218455249
8132,0.265591150039842,8.161519793879476,7.89592864383963
8133,0.3858911636995133,8.3122468826019,7.92635571890239
8134,0.4058262934966538,8.339732406969004,7.93390611347235
8135,0.3708094520985154,8.282930844175718,7.9121213920772
8136,0.40056636132461115,8.360786092805913,7.9602197314813
8137,0.40306272626356265,8.392337485731167,7.9892747594676
8138,0.37923814224816027,8.29769712334216,7.918458981094
8139,0.3135130445107166,8.143227320514493,7.82971427600378
8140,0.36939985942194903,8.308090836287287,7.93869097686534
8141,0.24776132455240224,8.294342560576602,8.0465812360242
8142,0.34492674139066787,8.328725111829948,7.98379837043928
8143,0.37930055917706484,8.302764376507314,7.92346381733025
8144,0.21023031741157233,8.277609703468114,8.06737938605654
8145,0.43501680661431813,8.416257542416783,7.98124073580246
8146,0.2254161936021616,8.142314820469798,7.91689862686764
8147,0.4210685448076843,8.278279149791564,7.85721060498388
8148,0.2902237266923916,8.272013641309725,7.98178991461733
8149,0.350309918370011,8.299408468817008,7.949098550447
8150,0.43378060598218177,8.301440092569992,7.86765948658781
8151,0.3478652046194988,8.37591323301428,8.02804802839478
8152,0.1830351972463169,8.21527886371666,8.03224366647034
8153,0.4008886318018545,8.313448116245567,7.91255948444371
8154,0.3137588183056401,8.274509995007291,7.96075117670165
8155,0.2927073688494138,8.320911793490406,8.02820442464099
8156,0.32955547232615845,8.246400214824163,7.916844742498
8157,0.4567751511696475,8.487312519610157,8.03053736844051
8158,0.42087587165054535,8.292205093620476,7.87132922196993
8159,0.36320571520130107,8.244399181490161,7.88119346628886
8160,0.22557291142739455,8.205849740704304,7.98027682927691
8161,0.3735452058342227,8.309544477590528,7.93599927175631
8162,0.4076767624907391,8.382347646789052,7.97467088429831
8163,0.25049265632752254,8.29391983547334,8.04342717914582
8164,0.31186999906626,8.210886777023445,7.89901677795719
8165,0.3811565350653494,8.26866258040529,7.88750604533994
8166,0.36898815987247435,8.36183496369589,7.99284680382342
8167,0.36410825521134155,8.281029954913828,7.91692169970249
8168,0.39704839939116576,8.345130417209447,7.94808201781828
8169,0.4238406084397571,8.378383852548863,7.95454324410911
8170,0.33650278212751317,8.294896108697618,7.9583933265701
8171,0.42994425069973663,8.452359093489928,8.02241484279019
8172,0.36959254664770863,8.36735573437956,7.99776318773185
8173,0.3673877890349624,8.310903524722917,7.94351573568795
8174,0.38528928335121393,8.22833005417142,7.84304077082021
8175,0.31138798824972747,8.268983815425619,7.95759582717589
8176,0.297379706195891,8.285561092508503,7.98818138631261
8177,0.32914248651555483,8.32878294179425,7.9996404552787
8178,0.40670242755436525,8.355148268774403,7.94844584122004
8179,0.37423098416743905,8.203917575583247,7.82968659141581
8180,0.14543343232152445,8.216372964238515,8.07093953191699
8181,0.28447919897889873,8.29247557074717,8.00799637176827
8182,0.2358483563986058,8.286530189972886,8.05068183357428
8183,0.26149552048792524,8.26341053680846,8.00191501632053
8184,0.29909576064896237,8.26605938453003,7.96696362388107
8185,0.3496876584027751,8.295183103575551,7.94549544517278
8186,0.3083321371409395,8.212583763165433,7.90425162602449
8187,0.30523755360183,8.249362999413977,7.94412544581215
8188,0.399090447608229,8.253180311744206,7.85408986413598
8189,0.3083236486054212,8.196698656805745,7.88837500820032
8190,0.37343414029940797,8.2711489176208,7.89771477732139
8191,0.39688454222883446,8.386261939081836,7.989377396853
8192,0.3232446846381399,8.189584042007759,7.86633935736962
8193,0.3879252047427341,8.27588608542039,7.88796088067766
8194,0.3286914450285308,8.29309083420304,7.96439938917451
8195,0.3254723797513044,8.231968350678416,7.90649597092711
8196,0.41257770204623223,8.290694733711891,7.87811703166566
8197,0.34133462251300845,8.233385971695977,7.89205134918297
8198,0.38991205556985997,8.35342982701576,7.9635177714459
8199,0.3222036012932769,8.320557100386335,7.99835349909306
8200,0.36759563015184044,8.340187817531211,7.97259218737937
8201,0.35455767763300683,8.455503482751999,8.10094580511899
8202,0.32615022284228495,8.36009888954576,8.03394866670348
8203,0.3483093995864666,8.336304011406666,7.9879946118202
8204,0.19743476138571459,8.217061088256184,8.01962632687047
8205,0.412084429288358,8.26776547036213,7.85568104107377
8206,0.3778167954855314,8.278823150634956,7.90100635514943
8207,0.4518374467587786,8.310012786322647,7.85817533956387
8208,0.25943302574793786,8.234470855367888,7.97503782961995
8209,0.30201944967052446,8.231267975069494,7.92924852539897
8210,0.3486101772314003,8.27894744771465,7.93033727048325
8211,0.14768223746172418,8.27675457622339,8.12907233876166
8212,0.32519107959191984,8.275897551979037,7.95070647238712
8213,0.12863206452617482,8.25432146480578,8.12568940027961
8214,0.3405800941541984,8.336095061286914,7.99551496713272
8215,0.2653540385130337,8.239313660060121,7.97395962154709
8216,0.3450024365531437,8.358289870708688,8.01328743415555
8217,0.3645056320424528,8.38992937317819,8.02542374113574
8218,0.28408087849342983,8.327145079633441,8.04306420114001
8219,0.34412749098160833,8.339243362365778,7.99511587138417
8220,0.2659774735779734,8.28774107624532,8.02176360266735
8221,0.29749993370961797,8.233939413835088,7.93643948012547
8222,0.35059486808691853,8.315486454434133,7.96489158634721
8223,0.4136080642760436,8.335016264274874,7.92140819999883
8224,0.3233120375003864,8.346524098437978,8.02321206093759
8225,0.4282094615845999,8.387195461381193,7.95898599979659
8226,0.33357732273942786,8.33578988982262,8.00221256708319
8227,0.35969178150655123,8.255598320341118,7.89590653883457
8228,0.295140532832893,8.3576896849965,8.06254915216361
8229,0.3556676823525091,8.338880521286413,7.9832128389339
8230,0.3714799020414355,8.438017317581878,8.06653741554044
8231,0.3860565895350546,8.244799386131763,7.85874279659671
8232,0.3551331294615118,8.292775275140977,7.93764214567947
8233,0.2945733743660398,8.286797717575343,7.9922243432093
8234,0.3213330548233064,8.342380653278322,8.02104759845502
8235,0.3335469073667617,8.2618770103048,7.92833010293804
8236,0.33504112873749753,8.27554889483863,7.94050776610113
8237,0.4424561078034039,8.377344528800691,7.93488842099729
8238,0.44545847562943286,8.409571292321333,7.9641128166919
8239,0.3583472746845873,8.376680673955772,8.01833339927118
8240,0.3536301993193126,8.32777860063238,7.97414840131307
8241,0.3574264643591376,8.327525583951264,7.97009911959213
8242,0.45022793341377243,8.341910112796766,7.89168217938299
8243,0.33955372691844843,8.292372163700227,7.95281843678178
8244,0.2626024444277034,8.304354809995447,8.04175236556774
8245,0.43856337333469964,8.383086872519394,7.94452349918469
8246,0.269540461757461,8.307407882701817,8.03786742094436
8247,0.28865614982612675,8.256444427088248,7.96778827726212
8248,0.27203074466320265,8.374473831067435,8.10244308640423
8249,0.3450556059695427,8.307209654071329,7.96215404810179
8250,0.38892878904096645,8.324940676694224,7.93601188765326
8251,0.45101108256623484,8.402317853096918,7.95130677053068
8252,0.35650065210693094,8.301884944912674,7.94538429280574
8253,0.239255429066278,8.274738574849364,8.03548314578309
8254,0.29626750364624266,8.259052425384446,7.9627849217382
8255,0.30645852996529194,8.200167969498455,7.89370943953316
8256,0.31437193001174824,8.37769818044702,8.06332625043527
8257,0.30970017329852134,8.311959543550246,8.00225937025172
8258,0.3170120748857187,8.247131807482244,7.93011973259653
8259,0.28169564878158826,8.30826620322047,8.02657055443888
8260,0.3588632294297435,8.257173799336682,7.89831056990694
8261,0.30322157724243115,8.30329693689373,8.0000753596513
8262,0.2436098439115715,8.221119894212082,7.97751005030051
8263,0.21541983637593878,8.187380010810312,7.97196017443437
8264,0.3326109695003423,8.21296517448925,7.88035420498891
8265,0.3102093910246871,8.21862413661079,7.9084147455861
8266,0.2771012351715448,8.276486782652356,7.99938554748081
8267,0.36237904346738276,8.306062439550528,7.94368339608315
8268,0.41005292644991337,8.471070255028824,8.06101732857891
8269,0.305219767498534,8.21193413573582,7.90671436823729
8270,0.4249145957369445,8.353000600386277,7.92808600464933
8271,0.31680894212742994,8.338835065730903,8.02202612360347
8272,0.33011944659318726,8.30275920331011,7.97263975671692
8273,0.21724369243314456,8.19091477547008,7.97367108303694
8274,0.3403602267478629,8.353332200709366,8.0129719739615
8275,0.30569488252437155,8.292585479268006,7.98689059674363
8276,0.3020674296748642,8.280038948135934,7.97797151846107
8277,0.238413827518211,8.200486773307556,7.96207294578935
8278,0.3176421017559415,8.174867913276493,7.85722581152055
8279,0.38809072371932773,8.267421913224402,7.87933118950507
8280,0.2896563150442368,8.179034018774033,7.8893777037298
8281,0.3421682164132594,8.340133523158197,7.99796530674494
8282,0.3073414604505542,8.183664530429956,7.8763230699794
8283,0.2344631111478692,8.253384830903522,8.01892171975565
8284,0.4257586952320583,8.345111268334755,7.9193525731027
8285,0.29099013925861994,8.201691853964947,7.91070171470633
8286,0.3414436644754587,8.304378290400066,7.96293462592461
8287,0.35333153469678624,8.372968330594793,8.01963679589801
8288,0.4042211838292664,8.373868696343619,7.96964751251435
8289,0.23618304456680855,8.200622885543572,7.96443984097676
8290,0.385302757320103,8.245040203732932,7.85973744641283
8291,0.3369965648685326,8.28558834916384,7.94859178429531
8292,0.311206275612613,8.297938303328964,7.98673202771635
8293,0.3122727267275025,8.186536947550456,7.87426422082295
8294,0.3319692488540642,8.191800087042843,7.85983083818878
8295,0.40960277899502145,8.292775531159407,7.88317275216439
8296,0.401172905127381,8.310813576700987,7.90964067157361
8297,0.4102789124753584,8.309687741892478,7.89940882941712
8298,0.273800757846643,8.228032703164647,7.954231945318
8299,0.22909880232560015,8.225205181441211,7.99610637911561
8300,0.31859346082631973,8.303675529901346,7.98508206907503
8301,0.39635166391642357,8.286836964814318,7.8904853008979
8302,0.4054648840549269,8.30107109068797,7.89560620663304
8303,0.35641804087924167,8.32787019130731,7.97145215042807
8304,0.3338725794898165,8.318924778041469,7.98505219855165
8305,0.287757052743796,8.410534949912723,8.12277789716893
8306,0.34919699390149955,8.366863995377276,8.01766700147578
8307,0.36142647051076965,8.244718868302598,7.88329239779183
8308,0.3167386866157464,8.305690095603595,7.98895140898785
8309,0.35964888451586263,8.262161679479433,7.90251279496357
8310,0.38111006481889853,8.373946870239362,7.99283680542046
8311,0.2443417674514439,8.37281262264085,8.12847085518941
8312,0.3187261696948926,8.240117331345072,7.92139116165018
8313,0.3435287742518288,8.27119065484242,7.92766188059059
8314,0.34260091937316633,8.364579226891534,8.02197830751837
8315,0.3857930482335434,8.406614718982354,8.02082167074881
8316,0.37052398902749323,8.2437714091778,7.87324742015031
8317,0.24191463867889862,8.205746916944008,7.96383227826511
8318,0.34498737452341444,8.32387374265159,7.97888636812818
8319,0.26206495824148257,8.23961335415485,7.97754839591337
8320,0.21998031933187825,8.244508333148348,8.02452801381647
8321,0.3058871554074988,8.238391242005877,7.93250408659838
8322,0.3438775720117761,8.47488742916084,8.13100985714906
8323,0.3405964834132455,8.21963254633161,7.87903606291836
8324,0.28781966238765344,8.276213816475337,7.98839415408768
8325,0.33588243254784783,8.194411098890827,7.85852866634298
8326,0.33146462807353155,8.262740365798425,7.93127573772489
8327,0.3924900207764401,8.331639546244078,7.93914952546764
8328,0.34433467717891736,8.398462267196452,8.05412759001753
8329,0.3801113512977031,8.413619677086231,8.03350832578853
8330,0.3797085744729439,8.378068297034751,7.99835972256181
8331,0.4023813649888419,8.354117640190436,7.95173627520159
8332,0.26285622673334735,8.185690799583723,7.92283457285038
8333,0.2557298050239168,8.224140925040215,7.9684111200163
8334,0.3819141841165225,8.323042505005384,7.94112832088886
8335,0.29820124840306905,8.314923320448086,8.01672207204502
8336,0.41142094630883835,8.41892556292815,8.00750461661931
8337,0.23588728541845944,8.239212410021166,8.00332512460271
8338,0.307904119626526,8.392094461204296,8.08419034157777
8339,0.26189692603568926,8.306919324812222,8.04502239877653
8340,0.3168722897919179,8.25503259339891,7.93816030360699
8341,0.32143000778444064,8.232800674156202,7.91137066637176
8342,0.3104063507099048,8.309979787955372,7.99957343724547
8343,0.2467536302865506,8.32078070173254,8.07402707144599
8344,0.4388282654681655,8.312809562688377,7.87398129722021
8345,0.3840059819062918,8.319216145720057,7.93521016381377
8346,0.2189212550067257,8.195361257355382,7.97644000234866
8347,0.37554416992184025,8.378535689299374,8.00299151937753
8348,0.33440371487355613,8.290594471162558,7.956190756289
8349,0.36909488536634366,8.355325177440868,7.98623029207452
8350,0.40311476994306844,8.265950210565922,7.86283544062285
8351,0.2685896566418758,8.35603600367636,8.08744634703448
8352,0.4210502928169882,8.39474974006825,7.97369944725126
8353,0.21221772806190528,8.282375980439303,8.0701582523774
8354,0.4073593041120838,8.276461440018274,7.86910213590619
8355,0.3541501977362814,8.309699518395224,7.95554932065894
8356,0.3127465377556952,8.250121870221264,7.93737533246557
8357,0.40259712705354217,8.357435275206816,7.95483814815327
8358,0.3706353411654846,8.345550680947111,7.97491533978163
8359,0.3308713517420452,8.31594992026987,7.98507856852783
8360,0.23665485063748687,8.23140969194588,7.99475484130839
8361,0.4321027839000656,8.29391090154043,7.86180811764036
8362,0.25621100099001803,8.323594716851638,8.06738371586162
8363,0.3001106298623936,8.374188806741673,8.07407817687928
8364,0.3190978062884,8.316421735358121,7.99732392906972
8365,0.25403978043517494,8.174830335621836,7.92079055518666
8366,0.3523724560453121,8.390506774837089,8.03813431879178
8367,0.3670660223743327,8.38138245861534,8.01431643624101
8368,0.35136176711869055,8.41197637144528,8.06061460432659
8369,0.30045942719818086,8.214108283165734,7.91364885596755
8370,0.29663703378323525,8.250024927480268,7.95338789369703
8371,0.2955001421122074,8.32562344192538,8.03012329981317
8372,0.2630387685729944,8.244487277704875,7.98144850913188
8373,0.34282850076328886,8.28821275660979,7.9453842558465
8374,0.37966408269942925,8.407882627365543,8.02821854466611
8375,0.3060067288277585,8.28690287798713,7.98089614915937
8376,0.44415823001100335,8.392822367561019,7.94866413755002
8377,0.36611420548969814,8.262581384293476,7.89646717880378
8378,0.3293600172796824,8.331531263322171,8.00217124604249
8379,0.2704264345750344,8.248662884787574,7.97823645021254
8380,0.3721379801664293,8.272157731938114,7.90001975177168
8381,0.31969968385211284,8.342033491040374,8.02233380718826
8382,0.3232343972695484,8.280844472705768,7.95761007543622
8383,0.37821114881564116,8.405247851989587,8.02703670317395
8384,0.48644726109871694,8.46810120524366,7.98165394414494
8385,0.37111362099548084,8.349783756390769,7.97867013539529
8386,0.28379968539236045,8.349144228693715,8.06534454330136
8387,0.31148045974007904,8.180675762434886,7.86919530269481
8388,0.3525349238132366,8.353542069934099,8.00100714612086
8389,0.3509487399234806,8.329254941547893,7.97830620162441
8390,0.255504964180242,8.286916998960825,8.03141203478058
8391,0.25378109607830784,8.25824603454548,8.00446493846717
8392,0.3532296908288758,8.345898626888692,7.99266893605982
8393,0.21504225999100132,8.175961684918521,7.96091942492752
8394,0.3548683091405685,8.26712090117464,7.91225259203407
8395,0.3472429730992524,8.372119032278633,8.02487605917938
8396,0.43828307345449047,8.34700601634555,7.90872294289106
8397,0.2909182696787555,8.219478351004867,7.92856008132611
8398,0.2530209429890511,8.27069635283688,8.01767540984783
8399,0.32589787117416297,8.272701556612205,7.94680368543804
8400,0.30518073655910655,8.198040339868395,7.89285960330929
8401,0.3551586322268778,8.276962424369499,7.92180379214262
8402,0.32525276416447096,8.305624762535025,7.98037199837055
8403,0.2686014678032863,8.232533936930679,7.96393246912739
8404,0.28454943712573966,8.312399761798133,8.02785032467239
8405,0.2997244300331916,8.324164313323763,8.02443988329057
8406,0.3539976171283764,8.337476086055702,7.98347846892733
8407,0.3705483155702548,8.357039726427422,7.98649141085717
8408,0.27173475405533426,8.281512144601308,8.00977739054597
8409,0.3181266326852772,8.311919641590961,7.99379300890568
8410,0.3023321368664145,8.240347582181961,7.93801544531555
8411,0.3157442063535931,8.228850495671672,7.91310628931808
8412,0.3415025476474586,8.34014319864653,7.99864065099907
8413,0.3698886023190153,8.358801247842612,7.9889126455236
8414,0.36902765414671423,8.3193205178367,7.95029286368998
8415,0.2763996594226068,8.349491993534132,8.07309233411153
8416,0.46962767014786533,8.278884462378631,7.80925679223077
8417,0.3724189637293392,8.212513725989297,7.84009476225996
8418,0.380193000779492,8.298331107708783,7.91813810692929
8419,0.31444358366540454,8.222462794236668,7.90801921057126
8420,0.21782217936263779,8.2755794791876,8.05775729982496
8421,0.3022514321677583,8.392525457873553,8.0902740257058
8422,0.4357649099300677,8.444355539293337,8.00859062936327
8423,0.3718081992706626,8.219352629487377,7.84754443021671
8424,0.3274668241502125,8.283567022929406,7.95610019877919
8425,0.44611455664778654,8.338350667459805,7.89223611081202
8426,0.4002406313982229,8.37090087321151,7.97066024181329
8427,0.33087075955634393,8.346240685879158,8.01536992632281
8428,0.22178024654195,8.240976937886384,8.01919669134443
8429,0.34021537319667455,8.3149619025066,7.97474652930993
8430,0.2860533600269855,8.195662675184575,7.90960931515759
8431,0.35483810470552773,8.403828445497599,8.04899034079207
8432,0.2772111760792294,8.201462440020709,7.92425126394148
8433,0.3520427531226033,8.313351490183262,7.96130873706066
8434,0.3104276955210775,8.133998015356113,7.82357031983504
8435,0.33879453195048337,8.243959984750585,7.9051654528001
8436,0.30983260655124084,8.358292240401367,8.04845963385013
8437,0.32019508106668637,8.238151931122669,7.91795685005598
8438,0.4156271903930247,8.436682990980321,8.0210558005873
8439,0.393932060343984,8.315281148473964,7.92134908812998
8440,0.36183090595250766,8.330533771472398,7.96870286551989
8441,0.3746147054294936,8.372847752044953,7.99823304661546
8442,0.276058518404905,8.32455580106158,8.04849728265667
8443,0.3241013196763362,8.255762413426268,7.93166109374993
8444,0.3667094298597949,8.377276025127074,8.01056659526728
8445,0.2844935871193575,8.250905541764789,7.96641195464543
8446,0.3327051991552254,8.316275505651136,7.98357030649591
8447,0.3453455153921156,8.361463230722762,8.01611771533065
8448,0.3937294410788479,8.372275481848245,7.9785460407694
8449,0.3481444175825533,8.289720379757533,7.94157596217498
8450,0.27369965605371166,8.206133877849043,7.93243422179533
8451,0.26170534579376903,8.246403293668207,7.98469794787444
8452,0.3065097106917679,8.241812680230408,7.93530296953864
8453,0.42493708859793455,8.250058220779056,7.82512113218112
8454,0.31885984717570093,8.226352620608207,7.90749277343251
8455,0.42414224862049804,8.38196720139306,7.95782495277256
8456,0.4008337825531768,8.223731271741542,7.82289748918837
8457,0.34464003186274056,8.281857853762688,7.93721782189995
8458,0.3760589342105138,8.329857432550668,7.95379849834015
8459,0.41356435909814254,8.363158350694121,7.94959399159598
8460,0.28333905908251533,8.261732835819538,7.97839377673702
8461,0.3259835460308326,8.262078613681139,7.93609506765031
8462,0.3370682118612723,8.373532395620048,8.03646418375878
8463,0.1593552785842051,8.194016229169128,8.03466095058492
8464,0.39987923457601465,8.375226933918345,7.97534769934233
8465,0.30418493415800485,8.31982699215322,8.01564205799522
8466,0.3063555884990423,8.297483587798265,7.99112799929922
8467,0.32307640700670337,8.282882661563628,7.95980625455692
8468,0.4865069206004999,8.337653857770949,7.85114693717045
8469,0.36266194037390653,8.302646090500362,7.93998415012646
8470,0.44255664246686616,8.320231595978298,7.87767495351143
8471,0.5073436782061455,8.373365395773968,7.86602171756782
8472,0.2823332015090373,8.252179342387581,7.96984614087854
8473,0.3901425916132768,8.24618534778382,7.85604275617054
8474,0.3563662701049261,8.305811841947193,7.94944557184227
8475,0.41458489649126934,8.320482956982069,7.9058980604908
8476,0.4565941707093197,8.42683598149395,7.97024181078463
8477,0.3942463804572807,8.310620026572323,7.91637364611504
8478,0.3697720910943736,8.327386600354874,7.9576145092605
8479,0.2732160585301908,8.228167211960958,7.95495115343077
8480,0.3984080571279309,8.302427619477054,7.90401956234912
8481,0.3050516803652882,8.310111402881653,8.00505972251636
8482,0.38883341358056533,8.299259174387522,7.91042576080696
8483,0.37527207107078,8.288535025797051,7.91326295472627
8484,0.23027646734853358,8.22966329795087,7.99938683060234
8485,0.3538469569672838,8.378253556707424,8.02440659974014
8486,0.3027560398397434,8.372645604656427,8.06988956481668
8487,0.35069745796903873,8.142970255139304,7.79227279717026
8488,0.3685697185773868,8.320309239371026,7.95173952079364
8489,0.4298876428769942,8.300854554754771,7.87096691187778
8490,0.3436370495212861,8.3092560976042,7.96561904808291
8491,0.25935278091704494,8.2461670346562,7.98681425373915
8492,0.3701668778281319,8.28474372279502,7.91457684496689
8493,0.33837145127509244,8.384067138414146,8.04569568713905
8494,0.340993589553497,8.318031377939503,7.97703778838601
8495,0.3380896808533892,8.243705840899095,7.90561616004571
8496,0.29874141297688783,8.274980818432006,7.97623940545512
8497,0.318542349508448,8.260654464963329,7.94211211545488
8498,0.3784778894278822,8.360453391309658,7.98197550188178
8499,0.3570565042778783,8.265471017470752,7.90841451319287
8500,0.28149223742015683,8.285947455754364,8.00445521833421
8501,0.26733403288295476,8.248406971365814,7.98107293848286
8502,0.28634916725909737,8.239731421847244,7.95338225458815
8503,0.32376298400327935,8.268727261569722,7.94496427756644
8504,0.27926078741160515,8.267929540058132,7.98866875264653
8505,0.23790948577674512,8.259547824186319,8.02163833840957
8506,0.4064663553517851,8.318927394751277,7.91246103939949
8507,0.29115276453944655,8.197682691216263,7.90652992667682
8508,0.332734352028616,8.339015879809013,8.0062815277804
8509,0.29669826924382553,8.26012531988662,7.9634270506428
8510,0.26214387974645564,8.149201192190013,7.88705731244356
8511,0.38644852031508137,8.383718094520116,7.99726957420503
8512,0.47167586147162144,8.454917410286903,7.98324154881528
8513,0.3673124035129114,8.280163830846904,7.91285142733399
8514,0.3817126414364943,8.470204241141412,8.08849159970492
8515,0.31510386120555833,8.255247496489936,7.94014363528438
8516,0.32047404138776886,8.357680361473943,8.03720632008617
8517,0.3846525709408843,8.371211137569858,7.98655856662897
8518,0.4937838925624428,8.48004953691586,7.98626564435342
8519,0.29719035167568747,8.28879598507351,7.99160563339782
8520,0.29412049615335667,8.245109982479493,7.95098948632614
8521,0.32946583567655846,8.269854049221767,7.94038821354521
8522,0.3761995941881956,8.279280207943202,7.90308061375501
8523,0.3215973239744022,8.360282664730333,8.03868534075593
8524,0.4067778328862139,8.30463906369328,7.89786123080707
8525,0.33399639950826654,8.324237329906481,7.99024093039821
8526,0.3109490536578214,8.299315343713003,7.98836629005518
8527,0.32765551936211296,8.2430631550232,7.91540763566109
8528,0.19120971388139596,8.218021827418061,8.02681211353667
8529,0.3906891717320453,8.352229773660108,7.96154060192806
8530,0.3048967399842269,8.313624267631303,8.00872752764708
8531,0.3925274174844777,8.448990387318998,8.05646296983452
8532,0.489712815090267,8.384786141476637,7.89507332638637
8533,0.3390457356951176,8.300087317727053,7.96104158203194
8534,0.3520128550682042,8.33553247189595,7.98351961682775
8535,0.321455641772478,8.356032025895733,8.03457638412326
8536,0.24734726350380842,8.23002748296309,7.98268021945928
8537,0.31318969374842076,8.401212258316216,8.0880225645678
8538,0.36314671944216487,8.310980925948796,7.94783420650663
8539,0.30343993061329844,8.244472697658821,7.94103276704552
8540,0.3314400283681951,8.270103417866071,7.93866338949788
8541,0.24009314313704613,8.28737404070863,8.04728089757158
8542,0.31621534742625207,8.245380097837982,7.92916475041173
8543,0.2570924026575169,8.285570148937207,8.02847774627969
8544,0.35207338414289097,8.339349163755609,7.98727577961272
8545,0.32291184824863683,8.305305914788429,7.98239406653979
8546,0.4672165501013831,8.432066374969423,7.96484982486804
8547,0.3394852972654134,8.3287784319475,7.98929313468209
8548,0.41822031720983216,8.397205583803126,7.97898526659329
8549,0.27976274330702877,8.200987428015212,7.92122468470818
8550,0.2998021801020359,8.30195477674016,8.00215259663812
8551,0.3695505604417661,8.198048474691984,7.82849791425022
8552,0.34047242074085354,8.308495960683427,7.96802353994257
8553,0.3176332190195274,8.351133417946908,8.03350019892738
8554,0.3666358684728359,8.265974495935046,7.89933862746221
8555,0.3373354777905548,8.262454003467706,7.92511852567715
8556,0.3127094877451682,8.324162178811752,8.01145269106658
8557,0.1447629237597036,8.153765190145322,8.00900226638562
8558,0.2443110253835243,8.280606035521856,8.03629501013833
8559,0.34511472057334125,8.363655424162642,8.0185407035893
8560,0.38756274706437266,8.422811884678875,8.0352491376145
8561,0.33611209653691865,8.326307248371343,7.99019515183442
8562,0.30026965742465545,8.237743576264918,7.93747391884026
8563,0.4141729342810885,8.269876362302696,7.85570342802161
8564,0.28116141146321855,8.238559488023,7.95739807655978
8565,0.17788864799314705,8.152985259384437,7.97509661139129
8566,0.4066398185729103,8.219396694243175,7.81275687567026
8567,0.29733629444699605,8.289288366092235,7.99195207164524
8568,0.32136657778414274,8.249725010548895,7.92835843276475
8569,0.28426550810945617,8.223144851448925,7.93887934333947
8570,0.3363203153307054,8.241082725438682,7.90476241010798
8571,0.37260701647979305,8.272212849562766,7.89960583308297
8572,0.3002250546077523,8.303409735576984,8.00318468096923
8573,0.29930978392358076,8.30660674975106,8.00729696582748
8574,0.3198601192545337,8.281649459815249,7.96178934056072
8575,0.31253624005175623,8.327393267577637,8.01485702752588
8576,0.3276683501172908,8.206355616186771,7.87868726606948
8577,0.2823276209719004,8.271903866418475,7.98957624544657
8578,0.3527236682031651,8.338744418462023,7.98602075025886
8579,0.19523518490900735,8.227022263284931,8.03178707837592
8580,0.37655660654105305,8.346735302843129,7.97017869630208
8581,0.29542898326755346,8.243234367298829,7.94780538403128
8582,0.31280047885640616,8.299977467885048,7.98717698902864
8583,0.3287638760695867,8.283434341927592,7.954670465858
8584,0.19015384877198951,8.2893706117525,8.09921676298051
8585,0.36072636342530107,8.407012891575212,8.04628652814991
8586,0.3711526739595076,8.334122080941826,7.96296940698232
8587,0.39523282502334317,8.373681257048014,7.97844843202467
8588,0.3104958179713847,8.375020201582352,8.06452438361097
8589,0.35178907239466284,8.293818754345157,7.94202968195049
8590,0.2592023339158004,8.270786978898832,8.01158464498303
8591,0.34316541173485576,8.228482535496578,7.88531712376172
8592,0.24640819748183593,8.273758346893462,8.02735014941163
8593,0.2526611042703527,8.249489343048593,7.99682823877824
8594,0.29097835515423565,8.315330000378035,8.0243516452238
8595,0.2725418122141916,8.327501829984344,8.05496001777015
8596,0.37310494851011006,8.452966394604179,8.07986144609407
8597,0.3459440501788272,8.277876512361704,7.93193246218288
8598,0.30800714424665876,8.291899117452873,7.98389197320621
8599,0.31861868107916846,8.287161707504685,7.96854302642552
8600,0.2733696655599448,8.289378896763965,8.01600923120402
8601,0.299993995695238,8.229396487931561,7.92940249223632
8602,0.3858412234020956,8.31028777794899,7.92444655454689
8603,0.28010077597096905,8.1865502983986,7.90644952242763
8604,0.2752679605350354,8.372805145475292,8.09753718494026
8605,0.28300338879843656,8.34444627875148,8.06144288995304
8606,0.3108854814353173,8.281711947667477,7.97082646623216
8607,0.3148016244080708,8.163429962646736,7.84862833823867
8608,0.27533742512718784,8.225637858887717,7.95030043376053
8609,0.3882143142278299,8.283522628210326,7.8953083139825
8610,0.3543540870099976,8.264249699245562,7.90989561223557
8611,0.3125336134009417,8.282455810886747,7.9699221974858
8612,0.34350859070111317,8.3116911533949,7.96818256269379
8613,0.3659700817767702,8.325839162975436,7.95986908119867
8614,0.23832700646171276,8.276845489229053,8.03851848276734
8615,0.30582423574455375,8.376641465100455,8.0708172293559
8616,0.4202811190085674,8.387773705943545,7.96749258693498
8617,0.2814830390347235,8.344672006554065,8.06318896751934
8618,0.40061757509823065,8.442381565048203,8.04176398994997
8619,0.27655072790641316,8.198962423711281,7.92241169580487
8620,0.3303328140769296,8.295779390802782,7.96544657672585
8621,0.34561378332409814,8.3391463671977,7.9935325838736
8622,0.28236911735754594,8.239329990105531,7.95696087274799
8623,0.2704002424075262,8.221570761646902,7.95117051923938
8624,0.46260395166503815,8.411365643172719,7.94876169150768
8625,0.35872329893036986,8.220738355553172,7.8620150566228
8626,0.24887640565007624,8.220781751900022,7.97190534624995
8627,0.3784643127246752,8.276551317189561,7.89808700446489
8628,0.25120609259817406,8.279192942471138,8.02798684987296
8629,0.3639573227917448,8.415126694528439,8.05116937173669
8630,0.27029409527387294,8.288469840150121,8.01817574487625
8631,0.2610395061369478,8.188970303518103,7.92793079738115
8632,0.27653887504797614,8.23878241221956,7.96224353717158
8633,0.2545047927724896,8.258729328578315,8.00422453580583
8634,0.4929900435799684,8.37060656587884,7.87761652229887
8635,0.28082320384639975,8.24276301868425,7.96193981483785
8636,0.34391747648686677,8.290331655255672,7.9464141787688
8637,0.37684922548091593,8.337158596605539,7.96030937112462
8638,0.43700612981242937,8.41093241143976,7.97392628162733
8639,0.32982786486585036,8.322368634989651,7.9925407701238
8640,0.3327024512967323,8.335326191247008,8.00262373995028
8641,0.44783399425260506,8.50812454912396,8.06029055487135
8642,0.38668250107529717,8.349091017260061,7.96240851618476
8643,0.30451848424072614,8.260917236005994,7.95639875176527
8644,0.459629679066199,8.322122223979232,7.86249254491303
8645,0.2920842581058191,8.272217068207622,7.9801328101018
8646,0.23305693667894456,8.073153959769218,7.84009702309027
8647,0.19954227551749992,8.178892562009446,7.97935028649195
8648,0.25032074312086244,8.327870571248877,8.07754982812801
8649,0.3125174217394691,8.31115131882171,7.99863389708224
8650,0.47614596238280565,8.283498677029145,7.80735271464634
8651,0.3061757665489054,8.237245259281917,7.93106949273301
8652,0.2833299136984857,8.353997173260314,8.07066725956183
8653,0.3337019038060496,8.265920716220986,7.93221881241494
8654,0.3408466288961327,8.329751884287823,7.98890525539169
8655,0.3410736579985299,8.30932053875769,7.96824688075916
8656,0.2779648012833798,8.298193110342405,8.02022830905902
8657,0.3299900871157912,8.488153987265092,8.1581639001493
8658,0.37198531383965644,8.417648008584033,8.04566269474438
8659,0.28288551121350203,8.258998118739921,7.97611260752642
8660,0.2354068113817956,8.295107095131305,8.05970028374951
8661,0.441270757740855,8.274362621105002,7.83309186336415
8662,0.3731932224868614,8.258149753089693,7.88495653060283
8663,0.287807819181928,8.245955383009038,7.95814756382711
8664,0.28344513915423725,8.2668952278095,7.98345008865526
8665,0.3254350745754888,8.328686416954758,8.00325134237927
8666,0.3274820194182088,8.231874194606359,7.90439217518815
8667,0.44473363271419325,8.373550515526937,7.92881688281274
8668,0.309958760888554,8.309933783054658,7.9999750221661
8669,0.39472193922141774,8.29819440606717,7.90347246684575
8670,0.369374357879563,8.299907766040993,7.93053340816143
8671,0.3408617286053624,8.281465903072116,7.94060417446675
8672,0.3067727654067753,8.240414018704875,7.9336412532981
8673,0.32240579282629545,8.311052064938135,7.98864627211184
8674,0.22507583679951693,8.160110781662176,7.93503494486266
8675,0.236059095896388,8.286149969345459,8.05009087344907
8676,0.3935068379059369,8.429358693115699,8.03585185520976
8677,0.297109459642274,8.154884323261477,7.8577748636192
8678,0.16618619185119338,8.13463088289753,7.96844469104634
8679,0.35715288864201983,8.27367338472511,7.91652049608309
8680,0.356704175572414,8.275877376894307,7.91917320132189
8681,0.3474209832203599,8.306119446799393,7.95869846357903
8682,0.2593091023342672,8.301093858418636,8.04178475608437
8683,0.3591730319134786,8.325879990436652,7.96670695852317
8684,0.30334245290281103,8.34267775089356,8.03933529799075
8685,0.26401383783316956,8.202020735591733,7.93800689775856
8686,0.3940612028312155,8.315797131221714,7.9217359283905
8687,0.27853384419149774,8.360035109110047,8.08150126491855
8688,0.21503279393019,8.303095397937616,8.08806260400743
8689,0.234143820721115,8.336800808485064,8.10265698776395
8690,0.38071149033101054,8.355034353565193,7.97432286323418
8691,0.3191874193294339,8.235023801267628,7.91583638193819
8692,0.28881109228932456,8.274123681676592,7.98531258938727
8693,0.3750347467881273,8.28191674012833,7.9068819933402
8694,0.22008917467011552,8.207569695692875,7.98748052102276
8695,0.3306915133503451,8.331544314570179,8.00085280121983
8696,0.32741109522925804,8.2715982916918,7.94418719646254
8697,0.39391417091931435,8.411172914816959,8.01725874389764
8698,0.32448717401756233,8.329676340883113,8.00518916686555
8699,0.3199014161821192,8.218327352587433,7.89842593640531
8700,0.30871938478061184,8.399673852253597,8.09095446747298
8701,0.2768011796181259,8.244764648754302,7.96796346913618
8702,0.32925526767400043,8.232963773936103,7.9037085062621
8703,0.37188313158150954,8.2668571477863,7.89497401620479
8704,0.3195887304272003,8.35044735865933,8.03085862823213
8705,0.3693317741898115,8.405322464931267,8.03599069074146
8706,0.4115319014672339,8.32361180178536,7.91207990031813
8707,0.37364314307551866,8.30626334320944,7.93262020013392
8708,0.42407118188415815,8.32143270771247,7.89736152582831
8709,0.39127391107044684,8.24793649853738,7.85666258746693
8710,0.33348153748750164,8.212916238294508,7.87943470080701
8711,0.3327714126043859,8.28460767712427,7.95183626451989
8712,0.3617197834961478,8.28863187609755,7.9269120926014
8713,0.28276128252053523,8.252879539350007,7.97011825682947
8714,0.45849199039138755,8.39619799080948,7.93770600041809
8715,0.33956078096021103,8.266564307990393,7.92700352703018
8716,0.41880516651351474,8.28122033538952,7.86241516887601
8717,0.3390054914038563,8.461029830937818,8.12202433953396
8718,0.22291126944948747,8.195528012314316,7.97261674286483
8719,0.2693871269174113,8.249907944610936,7.98052081769352
8720,0.2132233841396075,8.245246777469665,8.03202339333006
8721,0.28996330174185403,8.250559391653171,7.96059608991132
8722,0.3982797761553508,8.384769359340552,7.9864895831852
8723,0.28684433044701596,8.246562970933851,7.95971864048684
8724,0.26889896977661787,8.220953748753882,7.95205477897726
8725,0.17682094085008757,8.257744445645303,8.08092350479522
8726,0.3569866226522885,8.29719004535812,7.94020342270583
8727,0.32499738461517447,8.301481214334379,7.9764838297192
8728,0.3373502222032245,8.233516489869553,7.89616626766633
8729,0.2695409011711357,8.224465890208101,7.95492498903697
8730,0.3904256529699461,8.333283904776728,7.94285825180678
8731,0.2531061860930222,8.271898286412323,8.0187921003193
8732,0.33533008894932326,8.21890637223436,7.88357628328504
8733,0.3310663828475278,8.419094695881423,8.0880283130339
8734,0.3710564312259417,8.333907847521152,7.96285141629521
8735,0.31084459644728973,8.265193288942713,7.95434869249542
8736,0.29490949329640254,8.284182371007208,7.98927287771081
8737,0.34815541715487025,8.322516621788095,7.97436120463323
8738,0.26511292317667995,8.18436180261244,7.91924887943576
8739,0.3963725426470874,8.300015177120807,7.90364263447372
8740,0.32529718980741584,8.346149596693412,8.020852406886
8741,0.3684421465771242,8.274934504365444,7.90649235778832
8742,0.20096433865362573,8.243274931707063,8.04231059305344
8743,0.4574190736747938,8.412773464676592,7.9553543910018
8744,0.30948471828045265,8.396783711133747,8.08729899285329
8745,0.31127501811519365,8.227542520937684,7.91626750282249
8746,0.36197671792605274,8.204249894609474,7.84227317668342
8747,0.37609418441251236,8.438799784816156,8.06270560040364
8748,0.4463386445792314,8.289921408755697,7.84358276417647
8749,0.3543965927226543,8.24078129541149,7.88638470268883
8750,0.4300927366380645,8.27523376021798,7.84514102357991
8751,0.3717966678738843,8.373414660405462,8.00161799253158
8752,0.37975594224576165,8.297868886066908,7.91811294382115
8753,0.4110674091364788,8.446254107985686,8.03518669884921
8754,0.46759221821971547,8.35689746513466,7.88930524691494
8755,0.35492335930036983,8.297200113513814,7.94227675421344
8756,0.3689607161532274,8.299300694788531,7.9303399786353
8757,0.2683709589180479,8.294234959665342,8.02586400074729
8758,0.37778742474794214,8.395188520605766,8.01740109585782
8759,0.3863383607526614,8.381554435939632,7.99521607518697
8760,0.2651657674634787,8.327228729849168,8.06206296238569
8761,0.27973331771152177,8.236925198763096,7.95719188105157
8762,0.22868852733550654,8.434082445458758,8.20539391812325
8763,0.31378838747877613,8.159330087164664,7.84554169968589
8764,0.40064941476796223,8.38087731281766,7.9802278980497
8765,0.24363215428608662,8.301322478548904,8.05769032426282
8766,0.32600487264042677,8.366397107980735,8.04039223534031
8767,0.3858008701101002,8.347625470349833,7.96182460023973
8768,0.42918652544279207,8.338810811515486,7.90962428607269
8769,0.3625801916248708,8.363643507736992,8.00106331611212
8770,0.39179114677265703,8.334559208387658,7.942768061615
8771,0.37338495831786367,8.3540868944276,7.98070193610974
8772,0.22118921224856392,8.243629051503548,8.02243983925498
8773,0.25227547940013195,8.289452252200288,8.03717677280016
8774,0.3591797693607289,8.365474577946381,8.00629480858565
8775,0.30309708368654814,8.323945258476137,8.02084817478959
8776,0.24361914649005298,8.307628259546684,8.06400911305663
8777,0.3225603185876935,8.260623657017897,7.9380633384302
8778,0.3691970764440168,8.284425669577399,7.91522859313338
8779,0.2864594506120523,8.206058166935048,7.919598716323
8780,0.3400945702272798,8.29567073336944,7.95557616314216
8781,0.3563988611825713,8.276319717154795,7.91992085597222
8782,0.2617685760250997,8.200913868991728,7.93914529296663
8783,0.2538998417733816,8.227832717026027,7.97393287525265
8784,0.2310362673789246,8.216737743429418,7.98570147605049
8785,0.2876954595194714,8.283296398328142,7.99560093880867
8786,0.3437524253449391,8.239428443229055,7.89567601788412
8787,0.23924987573699288,8.33858863941894,8.09933876368195
8788,0.25829038966641976,8.110862727387056,7.85257233772064
8789,0.16615859538444844,8.220079271267513,8.05392067588306
8790,0.30779684892057574,8.277063118821603,7.96926626990103
8791,0.35131127377531685,8.32645918958222,7.9751479158069
8792,0.2285054193962619,8.226844444946645,7.99833902555038
8793,0.2669334268320367,8.21270730846,7.94577388162796
8794,0.5104558588617909,8.352863139767287,7.8424072809055
8795,0.45682803215562584,8.333681368599667,7.87685333644404
8796,0.21729144068091297,8.269390529962116,8.0520990892812
8797,0.27517548875228376,8.268223654445302,7.99304816569302
8798,0.3107649448444395,8.409630367329108,8.09886542248467
8799,0.3620880495578088,8.353379700201833,7.99129165064402
8800,0.1944690792060036,8.210572806298082,8.01610372709208
8801,0.2660049493540662,8.22923435752204,7.96322940816797
8802,0.3585841235001204,8.342625796834648,7.98404167333453
8803,0.3681032091492605,8.302508230201722,7.93440502105246
8804,0.3633276365728994,8.30661072927253,7.94328309269963
8805,0.3060908493252365,8.314372746881013,8.00828189755578
8806,0.3532324087440189,8.350337091897968,7.99710468315395
8807,0.20239329628324793,8.230266288352025,8.02787299206878
8808,0.3692392998233746,8.28185354005151,7.91261424022813
8809,0.2632148229047399,8.237698818632806,7.97448399572807
8810,0.294392219534043,8.261758279880393,7.96736606034635
8811,0.35184745003950413,8.26502699756856,7.91317954752906
8812,0.3640306218014184,8.31534215444072,7.9513115326393
8813,0.2704085301186851,8.208883150168491,7.93847462004981
8814,0.26655952033385594,8.315673827141525,8.04911430680767
8815,0.3323966395068519,8.23143883960141,7.89904220009456
8816,0.4736736689182956,8.40570527859433,7.93203160967603
8817,0.3652165583576921,8.340523719923198,7.97530716156551
8818,0.27889339858258033,8.226878882118148,7.94798548353557
8819,0.31015794954020864,8.285795762590258,7.97563781305005
8820,0.37408027773754,8.308434030410544,7.934353752673
8821,0.3833945290855731,8.220425068409993,7.83703053932442
8822,0.31685059769285134,8.387188242834346,8.07033764514149
8823,0.3590622124193622,8.255944669286933,7.89688245686757
8824,0.33626544886908794,8.274144623684206,7.93787917481512
8825,0.3312526429108864,8.381034164375357,8.04978152146447
8826,0.422328047858296,8.46917270104444,8.04684465318615
8827,0.24107876365087166,8.231289507871752,7.99021074422088
8828,0.20437492231899979,8.25798938635336,8.05361446403436
8829,0.43244320408987924,8.34060773161217,7.90816452752229
8830,0.32739483270070285,8.315387591014511,7.98799275831381
8831,0.3353679898073858,8.414952068326533,8.07958407851915
8832,0.2979854814784703,8.276027686482433,7.97804220500396
8833,0.4125896816296274,8.297363386027437,7.88477370439781
8834,0.32488825278504474,8.299372742152961,7.97448448936792
8835,0.3139772947561294,8.214343526151929,7.9003662313958
8836,0.3444779820384631,8.333760359615688,7.98928237757722
8837,0.3370161740300323,8.343646884839444,8.00663071080941
8838,0.2858833666311303,8.25505013188965,7.96916676525852
8839,0.2948311796170524,8.21896018360161,7.92412900398456
8840,0.3563550758489193,8.346843854527588,7.99048877867867
8841,0.2739090212518192,8.228357411372249,7.95444839012043
8842,0.43053415185214344,8.338079605751576,7.90754545389943
8843,0.27355942454138993,8.22532178190782,7.95176235736643
8844,0.3722134283880941,8.321732930366828,7.94951950197873
8845,0.20463493109282327,8.18133245139616,7.97669752030334
8846,0.3435029530531703,8.366728251417625,8.02322529836445
8847,0.3787925697221943,8.234809413308486,7.85601684358629
8848,0.3472708976562335,8.392893087054446,8.04562218939821
8849,0.4560655025922142,8.324788676065257,7.86872317347304
8850,0.30511837475933834,8.290405497572792,7.98528712281345
8851,0.3465993066212415,8.317379033296525,7.97077972667528
8852,0.32996731147620645,8.21597303793686,7.88600572646065
8853,0.25834744365041307,8.246270991858673,7.98792354820826
8854,0.39284529707268145,8.336839850581896,7.94399455350921
8855,0.37828635070001854,8.406983328416818,8.0286969777168
8856,0.28387768945659275,8.295102467802007,8.01122477834541
8857,0.31744208441316857,8.332093092162996,8.01465100774983
8858,0.2592626316028467,8.182738202271006,7.92347557066816
8859,0.27949482432918815,8.311211918974216,8.03171709464503
8860,0.37153281731544563,8.294617368701413,7.92308455138597
8861,0.4266507349979826,8.361626300385836,7.93497556538785
8862,0.4050219088267272,8.367946605971028,7.9629246971443
8863,0.4989542250877399,8.41212427001545,7.91317004492771
8864,0.34324940479889404,8.386773488188476,8.04352408338958
8865,0.3515648243616688,8.285652963767248,7.93408813940558
8866,0.33981304560631315,8.322268149405067,7.98245510379875
8867,0.22202010624427962,8.253141570685308,8.03112146444103
8868,0.2878079435033795,8.251380495357585,7.96357255185421
8869,0.3383313665956519,8.292357902760024,7.95402653616437
8870,0.28120895929776724,8.262819985389362,7.98161102609159
8871,0.254432500372904,8.176206404229296,7.92177390385639
8872,0.36570172790005917,8.326007346129147,7.96030561822909
8873,0.311554481530727,8.302959980665506,7.99140549913478
8874,0.26518921438352017,8.299893598214245,8.03470438383073
8875,0.2854393258199775,8.251452359880684,7.96601303406071
8876,0.28396261850548166,8.29148818437638,8.0075255658709
8877,0.39036660818599755,8.292485189487845,7.90211858130185
8878,0.2678493350596379,8.308139094297275,8.04028975923764
8879,0.41225885995977524,8.35428812210212,7.94202926214235
8880,0.28034511098359965,8.24566807360253,7.96532296261893
8881,0.34725144425900534,8.231612114794396,7.88436067053539
8882,0.3729531199913059,8.36387806875481,7.9909249487635
8883,0.425766969839867,8.287179850931722,7.86141288109185
8884,0.38690212483689956,8.3592947647273,7.9723926398904
8885,0.29881233267878127,8.324331128443085,8.0255187957643
8886,0.3178470534465007,8.380025859935202,8.0621788064887
8887,0.25851216678077305,8.208193520420066,7.94968135363929
8888,0.33376286268408917,8.324905827793591,7.9911429651095
8889,0.3159982736386151,8.367489125517116,8.0514908518785
8890,0.3892638949751898,8.301159981124634,7.91189608614944
8891,0.3559805839358087,8.34116057578632,7.98517999185051
8892,0.4167168744409889,8.347365204908092,7.9306483304671
8893,0.2964781073285591,8.246258677103615,7.94978056977506
8894,0.2137677566370344,8.264591771649132,8.0508240150121
8895,0.27339692021241774,8.043082372237702,7.76968545202528
8896,0.34278458681526464,8.347246931248895,8.00446234443363
8897,0.4020658792493923,8.282162692222965,7.88009681297357
8898,0.32422175323154373,8.323288580317744,7.9990668270862
8899,0.3055894755131603,8.250783406711003,7.94519393119784
8900,0.3571816141157086,8.424126574580171,8.06694496046446
8901,0.26486121581299543,8.28807408326929,8.02321286745629
8902,0.32580365266997896,8.25872837484235,7.93292472217237
8903,0.3329740721340919,8.33196939972116,7.99899532758707
8904,0.2648404663752695,8.226897656441727,7.96205719006646
8905,0.34051788900526275,8.210834685726969,7.87031679672171
8906,0.3315256304333282,8.262277801442316,7.93075217100899
8907,0.25105484564292646,8.371261079163613,8.12020623352069
8908,0.4265332025217203,8.364176197680814,7.93764299515909
8909,0.3968497208665621,8.243915042762263,7.8470653218957
8910,0.2398265701085509,8.188202859703415,7.94837628959486
8911,0.3115665343182614,8.182751317721403,7.87118478340314
8912,0.36213446773627533,8.320470711223143,7.95833624348687
8913,0.31844611261054306,8.318365949556977,7.99991983694643
8914,0.2097683825271645,8.23443110775399,8.02466272522683
8915,0.29170255865421674,8.342203680421042,8.05050112176682
8916,0.28985795658931074,8.188271587211595,7.89841363062228
8917,0.2812363553846226,8.277810735397313,7.99657438001269
8918,0.3249363912346084,8.216974841855928,7.89203845062132
8919,0.29018153477792014,8.327258242302406,8.03707670752449
8920,0.3788986950739684,8.293728302519837,7.91482960744587
8921,0.3685432016555126,8.253460141303908,7.8849169396484
8922,0.3423276178026812,8.26498177170963,7.92265415390695
8923,0.30297292865244463,8.304208579929877,8.00123565127743
8924,0.32831172597942215,8.309329881238463,7.98101815525904
8925,0.26942842456841065,8.185968364511568,7.91653993994316
8926,0.40412633180104945,8.380557101706184,7.97643076990513
8927,0.216994805828408,8.205548731266889,7.98855392543848
8928,0.3790117013718062,8.336043365666638,7.95703166429483
8929,0.3703705274308852,8.304919424773582,7.9345488973427
8930,0.3298239882703591,8.283929074330405,7.95410508606005
8931,0.34640124979056436,8.37020898470481,8.02380773491425
8932,0.37244839356527776,8.28629541962602,7.91384702606074
8933,0.3295978061714247,8.272233638569203,7.94263583239778
8934,0.2965363251446736,8.273364862972088,7.97682853782741
8935,0.37196070405069726,8.358622659266409,7.98666195521571
8936,0.39272448511263225,8.281480591595507,7.88875610648287
8937,0.3670220711180876,8.442573307331925,8.07555123621384
8938,0.31632963873244646,8.356604776010627,8.04027513727818
8939,0.37963487790482936,8.275728429040246,7.89609355113542
8940,0.2884307247300532,8.326284810899228,8.03785408616917
8941,0.35701532475556774,8.291069260626948,7.93405393587138
8942,0.315909150074622,8.236855165567324,7.9209460154927
8943,0.3172987398059415,8.221491788020149,7.90419304821421
8944,0.45085583338407303,8.302952383979308,7.85209655059524
8945,0.3910554904388371,8.238591053969106,7.84753556353027
8946,0.349564563184001,8.251908934284561,7.90234437110056
8947,0.37844017146579173,8.353600463958827,7.97516029249303
8948,0.4192179159223337,8.467088126838751,8.04787021091642
8949,0.4086648581967509,8.244003155623195,7.83533829742644
8950,0.2478807259251282,8.121319480065077,7.87343875413995
8951,0.18713309928928099,8.208396718451784,8.0212636191625
8952,0.4460315173927484,8.43628588725796,7.99025436986521
8953,0.3047794060434643,8.306719839944277,8.00194043390081
8954,0.313736621827189,8.268214834217199,7.95447821239001
8955,0.27225464775802016,8.307318194420642,8.03506354666262
8956,0.2956150615751526,8.210848646697604,7.91523358512245
8957,0.31526725037875536,8.319703668649124,8.00443641827037
8958,0.4110195513157327,8.25681564817264,7.84579609685691
8959,0.36842375632753727,8.347208814448143,7.97878505812061
8960,0.38839357930527324,8.323217894605477,7.9348243153002
8961,0.2654490030411634,8.319503974166818,8.05405497112565
8962,0.3254835168115345,8.201897101939304,7.87641358512777
8963,0.3738860085593962,8.319025400721047,7.94513939216165
8964,0.2695022529848918,8.211605395945318,7.94210314296043
8965,0.3605856889932147,8.244021355748231,7.88343566675502
8966,0.3297356380151594,8.352788586466442,8.02305294845128
8967,0.2717935337618853,8.188349166051207,7.91655563228932
8968,0.36158149052103644,8.36856934448679,8.00698785396575
8969,0.19669328077101653,8.200280428835239,8.00358714806422
8970,0.3689310186974433,8.271755475819864,7.90282445712242
8971,0.38134795211442213,8.357593324064181,7.97624537194976
8972,0.3914373631341958,8.360697221833037,7.96925985869884
8973,0.4066061002388181,8.34696781142286,7.94036171118404
8974,0.38706245443234216,8.342428513490526,7.95536605905818
8975,0.2261475710570808,8.371426533953654,8.14527896289657
8976,0.33667307952637243,8.329251870216025,7.99257879068965
8977,0.38802735856147624,8.35909208473921,7.97106472617773
8978,0.3932999037011417,8.366387386494917,7.97308748279378
8979,0.22007376337439558,8.309242790575432,8.08916902720104
8980,0.3166314816836994,8.217816368787261,7.90118488710356
8981,0.3003468098449089,8.216091528498962,7.91574471865405
8982,0.3082077495394004,8.28706365748842,7.97885590794902
8983,0.43523690378724433,8.393083376792742,7.9578464730055
8984,0.42681791575875194,8.322695237772031,7.89587732201328
8985,0.35078925170527664,8.330198034607509,7.97940878290223
8986,0.32175784054899936,8.293278117531555,7.97152027698256
8987,0.296199663162653,8.264702643695943,7.96850298053329
8988,0.3208969034281888,8.313994027704892,7.9930971242767
8989,0.3176220450364,8.31846863201361,8.00084658697721
8990,0.3072054977602964,8.224452629388605,7.91724713162831
8991,0.27572379830579113,8.289242804763363,8.01351900645757
8992,0.36841187655700136,8.387549983291349,8.01913810673435
8993,0.3467817750553,8.30143592510716,7.95465415005186
8994,0.4160316291318243,8.453640868917413,8.03760923978559
8995,0.34024902544751096,8.293677213036059,7.95342818758855
8996,0.3333373709452081,8.350306350267937,8.01696897932273
8997,0.23733520114086332,8.23470091130217,7.99736571016131
8998,0.3433989034017158,8.264940870675568,7.92154196727385
8999,0.3207113426988644,8.287077374285262,7.9663660315864
9000,0.3292233450532048,8.309175422628147,7.97995207757494
9001,0.3281305012505593,8.187171043011228,7.85904054176067
9002,0.29374592939633776,8.31238225871368,8.01863632931734
9003,0.32560955540957587,8.252246494517518,7.92663693910794
9004,0.2980059808903143,8.302004280188852,8.00399829929854
9005,0.2579744766908641,8.256961864498761,7.9989873878079
9006,0.4125530314720638,8.21710733919796,7.8045543077259
9007,0.3271000496086443,8.201333003401944,7.8742329537933
9008,0.404058745507868,8.306908928331323,7.90285018282345
9009,0.33032802732521327,8.328414919999425,7.99808689267421
9010,0.36342191143369956,8.354814868996524,7.99139295756282
9011,0.25640635356691704,8.339801376441516,8.0833950228746
9012,0.2763455297519608,8.241923985283615,7.96557845553165
9013,0.29096485324000654,8.279685281382974,7.98872042814297
9014,0.25172842352277514,8.227923008625995,7.97619458510322
9015,0.31532649502928434,8.29185029883225,7.97652380380297
9016,0.44410681521142786,8.392715581847611,7.94860876663618
9017,0.3599675243359257,8.310153386793738,7.95018586245781
9018,0.304616908555876,8.375102890069064,8.07048598151319
9019,0.358155791941472,8.340597538484436,7.98244174654296
9020,0.37328331484932664,8.263868583711343,7.89058526886202
9021,0.3224019302709785,8.255028899750425,7.93262696947945
9022,0.3138270740032196,8.258294699345248,7.94446762534203
9023,0.3727858174021269,8.365086388010573,7.99230057060845
9024,0.2395002673891011,8.150046041770905,7.9105457743818
9025,0.2509746228364118,8.262597068047153,8.01162244521074
9026,0.2924278189774287,8.281033319611778,7.98860550063435
9027,0.39943912256565395,8.27499631084941,7.87555718828376
9028,0.25975079162925896,8.206474493545342,7.94672370191608
9029,0.30306741846697965,8.211791024272495,7.90872360580552
9030,0.32650344406856396,8.378624124263691,8.05212068019513
9031,0.4167054763410939,8.354426374806396,7.9377208984653
9032,0.36490030739859036,8.344973169024033,7.98007286162544
9033,0.3648968920575723,8.386204544014932,8.02130765195736
9034,0.39582680308975143,8.320381625934715,7.92455482284496
9035,0.3967065054709869,8.315181721169898,7.91847521569891
9036,0.29735286587250553,8.218322652067172,7.92096978619467
9037,0.2892374851309604,8.239234521010792,7.94999703587983
9038,0.33124555039629755,8.321107051852445,7.98986150145615
9039,0.33667120338624784,8.256355859300397,7.91968465591415
9040,0.3171949228105374,8.282739926161764,7.96554500335123
9041,0.3990806721747329,8.312251378772132,7.9131707065974
9042,0.16866922547291963,8.281167887256258,8.11249866178334
9043,0.2799253926314557,8.17111460106122,7.89118920842976
9044,0.36563359000554635,8.254403342222602,7.88876975221706
9045,0.30976003147692477,8.326900325733936,8.01714029425701
9046,0.18530235723792265,8.246154952132049,8.06085259489413
9047,0.36744426948221365,8.328101653811744,7.96065738432953
9048,0.4121144140723749,8.350806879934282,7.93869246586191
9049,0.24677313237480056,8.335455258795552,8.08868212642075
9050,0.2768967721894906,8.26454175820997,7.98764498602048
9051,0.3432392600906701,8.313494546184454,7.97025528609378
9052,0.26679975066263173,8.312620528644384,8.04582077798175
9053,0.3493179977879504,8.382585690350913,8.03326769256296
9054,0.3862434076592954,8.35817342849772,7.97193002083842
9055,0.3012423464691493,8.22355968320055,7.9223173367314
9056,0.2858884407647747,8.253602750748463,7.96771430998369
9057,0.2636980990527877,8.312313600351944,8.04861550129916
9058,0.31544324353804987,8.197950436687751,7.8825071931497
9059,0.3830608536964123,8.329959840043145,7.94689898634673
9060,0.283787146812453,8.233289666744021,7.94950251993157
9061,0.3120072948271658,8.383931225719433,8.07192393089227
9062,0.3001599466381614,8.31294003347472,8.01278008683656
9063,0.3181185257706621,8.398767634798153,8.08064910902749
9064,0.3465938887005826,8.28767813704745,7.94108424834687
9065,0.35068919219200295,8.442295512070872,8.09160631987887
9066,0.3678879821091566,8.348065372800043,7.98017739069089
9067,0.34089083580512924,8.234370234778476,7.89347939897335
9068,0.2924338658354917,8.307496410898297,8.01506254506281
9069,0.42518494648349353,8.400732470717406,7.97554752423391
9070,0.4356353235909474,8.34566459142921,7.91002926783826
9071,0.3412220442532089,8.258800623867783,7.91757857961457
9072,0.3300644964220159,8.360120585472899,8.03005608905088
9073,0.3376540767271053,8.399398178576362,8.06174410184926
9074,0.3419025843117178,8.252112395656383,7.91020981134466
9075,0.3155636461641868,8.281575435360438,7.96601178919625
9076,0.306413139412088,8.413001366814685,8.1065882274026
9077,0.3291722145444767,8.28369229702564,7.95452008248116
9078,0.3790741099804159,8.355544456541494,7.97647034656108
9079,0.3157435400811627,8.333008044804275,8.01726450472311
9080,0.4096978159080368,8.324841943051466,7.91514412714343
9081,0.30458216461224097,8.311498281435847,8.00691611682361
9082,0.4160530587992187,8.325243591336111,7.90919053253689
9083,0.3252785013206703,8.297808290875903,7.97252978955523
9084,0.42901972881575773,8.277746854632028,7.84872712581627
9085,0.2784125317509318,8.355233351756763,8.07682082000583
9086,0.2807945062347926,8.209023731195288,7.92822922496049
9087,0.3760727683598305,8.209927759279084,7.83385499091925
9088,0.2350877213896846,8.191590770253741,7.95650304886406
9089,0.38639419484623244,8.39613135759896,8.00973716275273
9090,0.3946580111574707,8.245387326885295,7.85072931572782
9091,0.3666589999691912,8.324511593267657,7.95785259329847
9092,0.4493066508843646,8.264879803190427,7.81557315230606
9093,0.3901472401481511,8.353646026577765,7.96349878642961
9094,0.3559887594352677,8.350649065533826,7.99466030609856
9095,0.3283086140380774,8.342868931699424,8.01456031766135
9096,0.4326556017531338,8.384885484743291,7.95222988299016
9097,0.27997436101648593,8.290038498582474,8.01006413756599
9098,0.39912081538963123,8.298033365675671,7.89891255028604
9099,0.38758787579490867,8.396118964035441,8.00853108824053
9100,0.37028093073936863,8.287418784031349,7.91713785329198
9101,0.2876620678701693,8.264156786158294,7.97649471828812
9102,0.2769901417049283,8.266022054352877,7.98903191264795
9103,0.3972531863250411,8.271250343552294,7.87399715722725
9104,0.35500789781582304,8.329468175250577,7.97446027743475
9105,0.3274045931207248,8.329570007726478,8.00216541460575
9106,0.41700094593227277,8.29010142041411,7.87310047448184
9107,0.30919709887653996,8.191884915271315,7.88268781639477
9108,0.22182620935206177,8.198060785073173,7.97623457572111
9109,0.29076507889287545,8.279781969525933,7.98901689063306
9110,0.3681112185569196,8.333908962111575,7.96579774355466
9111,0.3843958708165513,8.420437996233806,8.03604212541726
9112,0.22670152998034188,8.193729090477794,7.96702756049745
9113,0.4230091749810146,8.393660090609556,7.97065091562854
9114,0.33044387496986083,8.235807385619266,7.9053635106494
9115,0.4227765321479016,8.369425597202463,7.94664906505456
9116,0.3164878560824708,8.305802993763061,7.98931513768059
9117,0.3475581036068266,8.438231801277611,8.09067369767078
9118,0.18927921050489452,8.225585256034783,8.03630604552989
9119,0.3734635694640804,8.347809809779637,7.97434624031556
9120,0.2804821734344248,8.30434217200643,8.02385999857201
9121,0.2647081393720649,8.280035722949131,8.01532758357707
9122,0.2816687797338184,8.333860723785795,8.05219194405198
9123,0.29695490088093796,8.314149623118459,8.01719472223752
9124,0.27406754801119426,8.296301433103956,8.02223388509276
9125,0.31130337685815596,8.200793294627342,7.88948991776919
9126,0.36035601797641,8.303127313507579,7.94277129553117
9127,0.29895860527034174,8.260851268040636,7.96189266277029
9128,0.40895552935302815,8.324674158199413,7.91571862884638
9129,0.3494036572244196,8.409398094222594,8.05999443699817
9130,0.3202442907111833,8.316648590355202,7.99640429964402
9131,0.29076610929081276,8.300938412821376,8.01017230353056
9132,0.44995410907734845,8.317704080365484,7.86774997128814
9133,0.4048528279183264,8.336615097846398,7.93176226992807
9134,0.30522491171391947,8.279334569777108,7.97410965806319
9135,0.3324220591845578,8.301729923230695,7.96930786404614
9136,0.2824067994000686,8.305839173737011,8.02343237433694
9137,0.3426165711645278,8.328012222937213,7.98539565177269
9138,0.36983349954678835,8.33785627988273,7.96802278033594
9139,0.4376067288331393,8.371269782565424,7.93366305373228
9140,0.32341780901920136,8.273078952791609,7.94966114377241
9141,0.36867347735157563,8.294293665033276,7.9256201876817
9142,0.3681878994606536,8.36939194648124,8.00120404702059
9143,0.3487470929301061,8.259932034633255,7.91118494170315
9144,0.27249930081729107,8.343797057989077,8.07129775717179
9145,0.369497047848006,8.36364335403227,7.99414630618426
9146,0.454078336968366,8.471246830871916,8.01716849390355
9147,0.41536911988361297,8.190542562154736,7.77517344227112
9148,0.2521371295398603,8.245105136744263,7.9929680072044
9149,0.3352202835437256,8.304764643640848,7.96954436009712
9150,0.26652884566711127,8.304106290163629,8.03757744449652
9151,0.32126113092277836,8.283696132739484,7.96243500181671
9152,0.40129187589621323,8.360150998090242,7.95885912219403
9153,0.3280860825419902,8.286446032030087,7.9583599494881
9154,0.32030166456792203,8.24418517122977,7.92388350666185
9155,0.47396533285338854,8.378444674082983,7.9044793412296
9156,0.32690219309138935,8.284839598420769,7.95793740532938
9157,0.18078114578100085,8.165129266530412,7.98434812074941
9158,0.3175280770403118,8.378832970730972,8.06130489369066
9159,0.4463162395940444,8.340035720142748,7.8937194805487
9160,0.366491090093709,8.294167731822235,7.92767664172853
9161,0.38778266938352907,8.332866889900853,7.94508422051732
9162,0.20448404726051356,8.310314260759876,8.10583021349936
9163,0.2234342546229777,8.279677177976756,8.05624292335378
9164,0.2808350875041607,8.179001390838982,7.89816630333482
9165,0.30117882091438763,8.204761265285848,7.90358244437146
9166,0.3653975202542068,8.34318856536538,7.97779104511117
9167,0.35941990346864167,8.394549197037975,8.03512929356933
9168,0.3404692875519918,8.333147015661426,7.99267772810943
9169,0.23076389618066565,8.240969831678884,8.01020593549822
9170,0.35448271884727006,8.227765420356588,7.87328270150932
9171,0.3833173555302578,8.231651759035413,7.84833440350516
9172,0.26468570873555847,8.147761540705105,7.88307583196955
9173,0.26793203602925103,8.333533073524293,8.06560103749504
9174,0.40536294600637157,8.290492375473743,7.88512942946737
9175,0.3926968799504373,8.407896682137855,8.01519980218742
9176,0.3602909889658115,8.275835528428546,7.91554453946273
9177,0.400881803337117,8.314638451771236,7.91375664843412
9178,0.2641375189719498,8.224533197041792,7.96039567806984
9179,0.2705963846440985,8.29888987120383,8.02829348655973
9180,0.3983216566997357,8.30524553992977,7.90692388323003
9181,0.28576629953794686,8.293892280213498,8.00812598067555
9182,0.3365704141992197,8.342730768566522,8.0061603543673
9183,0.42480258347395244,8.440493307721312,8.01569072424736
9184,0.32069846076064806,8.279017254153038,7.95831879339239
9185,0.4052205048659101,8.352467734694171,7.94724722982826
9186,0.2300427320704626,8.253715196443139,8.02367246437268
9187,0.38438516366102427,8.3141285144707,7.92974335080967
9188,0.21309887839110508,8.188970468055631,7.97587158966453
9189,0.4262776915227057,8.394341902423966,7.96806421090126
9190,0.44835193755172353,8.382962845156689,7.93461090760496
9191,0.34056378647371033,8.256591847941538,7.91602806146783
9192,0.38543556179680044,8.326154735240468,7.94071917344367
9193,0.429089743497835,8.35829208862494,7.92920234512711
9194,0.30949486828245093,8.18596061044424,7.87646574216179
9195,0.34287300142921534,8.2890078519114,7.94613485048218
9196,0.3593640202307275,8.219676386919092,7.86031236668836
9197,0.2133117372029263,8.257204806583609,8.04389306938068
9198,0.2538291769980797,8.350503822963573,8.09667464596549
9199,0.2786792612785653,8.227515062557652,7.94883580127909
9200,0.3334049802472029,8.356928015840035,8.02352303559283
9201,0.3596007372249566,8.332036994185179,7.97243625696022
9202,0.3295928122818543,8.261941167733267,7.93234835545141
9203,0.34338565176805586,8.313487097774958,7.9701014460069
9204,0.26079899975219273,8.266323339902323,8.00552434015013
9205,0.2901266403716052,8.299999061028318,8.00987242065671
9206,0.31288935049230077,8.30912397757623,7.99623462708393
9207,0.22373762694785004,8.194603141010274,7.97086551406242
9208,0.28232108553926577,8.247616953297946,7.96529586775868
9209,0.42944256427348304,8.216064963760894,7.78662239948741
9210,0.4037930672743471,8.309329016429205,7.90553594915486
9211,0.27051300194491024,8.301675890829559,8.03116288888465
9212,0.4121955227104803,8.274020573927794,7.86182505121731
9213,0.23990548240276302,8.220532150334796,7.98062666793203
9214,0.441108819874672,8.301749197318447,7.86064037744377
9215,0.42220659262695903,8.277824736158,7.85561814353104
9216,0.25488121295749644,8.34598722084468,8.09110600788718
9217,0.2658456248145905,8.220266068432327,7.95442044361774
9218,0.39008684228784163,8.333175046484776,7.94308820419693
9219,0.41051463212220546,8.281824173937567,7.87130954181536
9220,0.3258238793211641,8.286956734875139,7.96113285555397
9221,0.3130193031031238,8.266624903416343,7.95360560031322
9222,0.33227979197696167,8.308303592119419,7.97602380014246
9223,0.38615207667832563,8.373298148986157,7.98714607230783
9224,0.3343598692797409,8.332405315429915,7.99804544615017
9225,0.2949930669105612,8.260677353684255,7.96568428677369
9226,0.2805926152445382,8.242232386912265,7.96163977166773
9227,0.3603808664068102,8.395615393766407,8.0352345273596
9228,0.31222084306621384,8.327334364148589,8.01511352108237
9229,0.30375421565908234,8.218985005816977,7.91523079015789
9230,0.3701456823571329,8.345814819223571,7.97566913686644
9231,0.3510097799458667,8.332133071853564,7.9811232919077
9232,0.4458020678485699,8.239429153684908,7.79362708583634
9233,0.20156118312324253,8.214319806883056,8.01275862375981
9234,0.34468512893860587,8.290511817701173,7.94582668876257
9235,0.2717201974550851,8.220076463645567,7.94835626619048
9236,0.2327017502508203,8.227853296921374,7.99515154667055
9237,0.3240387126476657,8.23731157007246,7.91327285742479
9238,0.3272434621034653,8.271082726429135,7.94383926432567
9239,0.30556297825816553,8.24099034970721,7.93542737144905
9240,0.27694434919665367,8.304984612901114,8.02804026370446
9241,0.33138040049344664,8.220898260006567,7.88951785951312
9242,0.3511935503582692,8.227942870531233,7.87674932017296
9243,0.2969440894224349,8.156203030257679,7.85925894083524
9244,0.34079525201855704,8.232971427117475,7.89217617509892
9245,0.3250331879764712,8.379755727387229,8.05472253941076
9246,0.3502374971423764,8.29378771830982,7.94355022116744
9247,0.29103274105675325,8.30408213665966,8.01304939560291
9248,0.46157690310850596,8.278067214396632,7.81649031128813
9249,0.35331098306101094,8.309591500531337,7.95628051747033
9250,0.33974070493318415,8.22971315878624,7.88997245385306
9251,0.3763166270460011,8.29160098809539,7.91528436104939
9252,0.35552352509533064,8.32759628678231,7.97207276168698
9253,0.2932196535592588,8.325988337089875,8.03276868353062
9254,0.20364560615983684,8.174192134327546,7.97054652816771
9255,0.3866446719639168,8.272534183307988,7.88588951134407
9256,0.37232784221533854,8.403729052589723,8.03140121037439
9257,0.30821580643176655,8.331638581798495,8.02342277536673
9258,0.33378071721240365,8.254582804601814,7.92080208738941
9259,0.32942751006269266,8.37567879530785,8.04625128524516
9260,0.43289840732272533,8.30434614757954,7.87144774025681
9261,0.25641449940422834,8.287802479278685,8.03138797987446
9262,0.36637351096474763,8.420490215564095,8.05411670459935
9263,0.2832579861278802,8.14448140117836,7.86122341505048
9264,0.2909991108430499,8.284198841403116,7.99319973056007
9265,0.4039710588791017,8.302039016979835,7.89806795810073
9266,0.2828371800652494,8.255126294920343,7.97228911485509
9267,0.286884453121974,8.263600361804755,7.97671590868278
9268,0.3382384784173208,8.287625542820553,7.94938706440323
9269,0.2600242678226879,8.233041910448325,7.97301764262564
9270,0.18043678715694825,8.260916606067026,8.08047981891008
9271,0.3802987676123986,8.330340924703954,7.95004215709156
9272,0.41372719962216414,8.37891647707503,7.96518927745287
9273,0.35772436255740336,8.346955799634072,7.98923143707667
9274,0.2427265821032618,8.356300968479024,8.11357438637576
9275,0.29308074564757686,8.229035585663457,7.93595484001588
9276,0.275320064621826,8.21443401798818,7.93911395336635
9277,0.3026037912519997,8.22621310381508,7.92360931256308
9278,0.29227260508226155,8.249103535198136,7.95683093011588
9279,0.35524378130509754,8.354016541360343,7.99877276005525
9280,0.2825211891831832,8.228479984372665,7.94595879518948
9281,0.24504324856932108,8.232646858678715,7.98760361010939
9282,0.25760319452199903,8.288829245888047,8.03122605136605
9283,0.44266600864057976,8.371626287921536,7.92896027928096
9284,0.37590074472691576,8.323175418208198,7.94727467348128
9285,0.3818462807695863,8.312602179292695,7.93075589852311
9286,0.42247821196798285,8.372170658789166,7.94969244682118
9287,0.3902428580842296,8.343388647792997,7.95314578970877
9288,0.26385626326855044,8.3484065248737,8.08455026160515
9289,0.23398663273311812,8.25877628741555,8.02478965468243
9290,0.3757610439647635,8.286848657672294,7.91108761370753
9291,0.242463539836125,8.24659104487792,8.0041275050418
9292,0.25749396301681493,8.343059170473644,8.08556520745683
9293,0.30819727330701163,8.224165433569196,7.91596816026218
9294,0.3488541281974568,8.4180272265906,8.06917309839314
9295,0.3726445401917606,8.34583351007404,7.97318896988228
9296,0.38283974076184224,8.399461659572282,8.01662191881044
9297,0.35127405380249255,8.298058412562733,7.94678435876024
9298,0.35260064155010357,8.290592437584857,7.93799179603475
9299,0.17645645314357342,8.32558525552348,8.14912880237991
9300,0.30825821029090583,8.156949977303443,7.84869176701254
9301,0.2145037695426428,8.325126018835864,8.11062224929322
9302,0.3580879028440754,8.346948647317735,7.98886074447366
9303,0.4059899573141901,8.217216030910775,7.81122607359658
9304,0.31135776850455116,8.31316461024525,8.0018068417407
9305,0.26663683058678805,8.132108467407162,7.86547163682037
9306,0.42001435647738483,8.3232674758364,7.90325311935901
9307,0.2919587032641737,8.201335447667374,7.9093767444032
9308,0.34742406511198987,8.367978008100634,8.02055394298864
9309,0.3399531022325468,8.322224525156559,7.98227142292401
9310,0.32462373130868083,8.261947831659052,7.93732410035037
9311,0.3275368824133816,8.29076455841023,7.96322767599685
9312,0.3567412232655451,8.385061781530128,8.02832055826458
9313,0.38459794158262717,8.433543891157871,8.04894594957524
9314,0.337729909115497,8.28551807595898,7.94778816684348
9315,0.38009973197236563,8.361199884386973,7.98110015241461
9316,0.3242947556773471,8.314562500635517,7.99026774495817
9317,0.36024255811069544,8.317976764654949,7.95773420654425
9318,0.21839733292047478,8.207103314032778,7.9887059811123
9319,0.39825573624147376,8.320234711215873,7.9219789749744
9320,0.36732230622199274,8.247452805375632,7.88013049915364
9321,0.33184404614474833,8.309020148446729,7.97717610230198
9322,0.23042201817204577,8.287197929615699,8.05677591144365
9323,0.4090231541769146,8.392174108967474,7.98315095479056
9324,0.2758190435459755,8.301475968862459,8.02565692531648
9325,0.31342049317588494,8.307288301718447,7.99386780854256
9326,0.27547518382800906,8.213109578513333,7.93763439468532
9327,0.27748100918767665,8.274263607942808,7.99678259875513
9328,0.1861864177634689,8.13412048218489,7.94793406442142
9329,0.2959188720018648,8.401824185009675,8.10590531300781
9330,0.34656475831231853,8.33396483814049,7.98740007982817
9331,0.3086670543694524,8.334897694234867,8.02623063986541
9332,0.3926401734926564,8.356114284698776,7.96347411120612
9333,0.2464085416507486,8.281002097040764,8.03459355539002
9334,0.2475583745586464,8.189532958761243,7.9419745842026
9335,0.30113412058443206,8.308156213243047,8.00702209265861
9336,0.39637490432105005,8.33452621918374,7.93815131486269
9337,0.31720121791099143,8.323157453782594,8.0059562358716
9338,0.32704375435116984,8.267645396549256,7.94060164219809
9339,0.2781284091233576,8.28023945845729,8.00211104933393
9340,0.41549490052792687,8.385796337581208,7.97030143705328
9341,0.2794993204588976,8.309023205533283,8.02952388507438
9342,0.27776859528274755,8.321198103472799,8.04342950819005
9343,0.31274727318676177,8.376839814959334,8.06409254177257
9344,0.4194908846455066,8.207015397917703,7.7875245132722
9345,0.4232854315461322,8.332879189540831,7.9095937579947
9346,0.3593978084279691,8.361014765689479,8.00161695726151
9347,0.32158751933564256,8.298493581321434,7.97690606198579
9348,0.4319515425428273,8.397153779707274,7.96520223716445
9349,0.376707627564709,8.302752247052766,7.92604461948806
9350,0.262952536197944,8.308825888143243,8.0458733519453
9351,0.32791286984251145,8.307957632798605,7.98004476295609
9352,0.3292810113382434,8.275503134915601,7.94622212357736
9353,0.3545006578131401,8.305982729079712,7.95148207126657
9354,0.34375424711952574,8.264001766620025,7.9202475195005
9355,0.35549392879747027,8.2347170933867,7.87922316458923
9356,0.35871487777027844,8.302635505846332,7.94392062807605
9357,0.3328331599110042,8.309273669067062,7.97644050915606
9358,0.3332740449287722,8.271167245459292,7.93789320053052
9359,0.3019067225643035,8.285284648743895,7.98337792617959
9360,0.22132009869032673,8.266863164432944,8.04554306574262
9361,0.26640812411100945,8.355071299684752,8.08866317557374
9362,0.30050397870393963,8.351826586133935,8.05132260743
9363,0.34377916367768946,8.358608813125388,8.0148296494477
9364,0.2798475042637815,8.265831114915377,7.9859836106516
9365,0.3264073719956841,8.231365630296116,7.90495825830043
9366,0.410349638716556,8.319002025350082,7.90865238663353
9367,0.31545342802893506,8.382759900003391,8.06730647197446
9368,0.36437421562027533,8.3267379385386,7.96236372291832
9369,0.36057221290740543,8.335733646406089,7.97516143349868
9370,0.3655203361260036,8.299922120588716,7.93440178446271
9371,0.3668129495383769,8.348155830932143,7.98134288139377
9372,0.3875300281348576,8.351409140814496,7.96387911267964
9373,0.3573167530317438,8.318260250816165,7.96094349778442
9374,0.2653087546865252,8.236155155487456,7.97084640080093
9375,0.426393460833405,8.281245549544618,7.85485208871121
9376,0.2846742371257147,8.343427244712363,8.05875300758665
9377,0.3889159943311975,8.337233560100128,7.94831756576893
9378,0.29948148713436,8.317555327322692,8.01807384018833
9379,0.37220327113567164,8.218795333287106,7.84659206215143
9380,0.3121969132768547,8.262290651724632,7.95009373844778
9381,0.38204486454485326,8.301203189732172,7.91915832518732
9382,0.3815006880464658,8.287463079593401,7.90596239154694
9383,0.41556592167756184,8.418799275103597,8.00323335342603
9384,0.3465598120429368,8.336743311296711,7.99018349925377
9385,0.22049652082848498,8.248882881979787,8.0283863611513
9386,0.3190095986700458,8.28647635071198,7.96746675204194
9387,0.36401747705306775,8.342539674275292,7.97852219722222
9388,0.3825393531700078,8.241146599490166,7.85860724632016
9389,0.28508130570896406,8.250075630355758,7.96499432464679
9390,0.32768928838007944,8.31091813412385,7.98322884574377
9391,0.32714333518744304,8.28444492729214,7.9573015921047
9392,0.33925047113911594,8.298900870800326,7.95965039966121
9393,0.2204610782349553,8.139729133262886,7.91926805502793
9394,0.3947302334557617,8.352064113502122,7.95733388004636
9395,0.26591790592579945,8.180844376938667,7.91492647101287
9396,0.36829091570249806,8.338582926763767,7.97029201106127
9397,0.3463348459546337,8.310856294987992,7.96452144903336
9398,0.2835428101092934,8.316667171374634,8.03312436126534
9399,0.34386187314186767,8.321201291531375,7.97733941838951
9400,0.24215410391856743,8.153037808700027,7.91088370478146
9401,0.32196115243530526,8.241079939678984,7.91911878724368
9402,0.35016675467497343,8.319489093296268,7.96932233862129
9403,0.37842198506370467,8.261670463461375,7.88324847839767
9404,0.3575896742130273,8.334245664290066,7.97665599007704
9405,0.22258682424698079,8.180119405827464,7.95753258158048
9406,0.41938608955302675,8.276156940904926,7.8567708513519
9407,0.3497134284927031,8.312587058762366,7.96287363026966
9408,0.37641102793515163,8.30494764986247,7.92853662192732
9409,0.35154755275779787,8.32881345184766,7.97726589908986
9410,0.3793187242762597,8.256153775243382,7.87683505096712
9411,0.353828886685967,8.254327541439928,7.90049865475396
9412,0.3415283623779049,8.321022324565917,7.97949396218801
9413,0.3623183081752654,8.337004589215397,7.97468628104013
9414,0.29867750465745435,8.2418952925148,7.94321778785735
9415,0.30743393894978144,8.292339632752675,7.98490569380289
9416,0.3193100763083582,8.373746346438681,8.05443627013032
9417,0.3303336025495109,8.313702319911247,7.98336871736174
9418,0.38553670565439185,8.31572758507627,7.93019087942188
9419,0.4155064766604008,8.392600671666894,7.97709419500649
9420,0.279351116965681,8.221723781508949,7.94237266454327
9421,0.4060303816345143,8.26101307157512,7.8549826899406
9422,0.3688622223465458,8.341661812485821,7.97279959013928
9423,0.3581954775088889,8.338243829935223,7.98004835242633
9424,0.23060530336377014,8.23701088516644,8.00640558180267
9425,0.32813512264986466,8.272959783952238,7.94482466130237
9426,0.3205640188853708,8.386552845729021,8.06598882684365
9427,0.33650591735196733,8.273096647200784,7.93659072984882
9428,0.31002385543928407,8.316438331560672,8.00641447612139
9429,0.31495411288890846,8.292428828437703,7.9774747155488
9430,0.4424853183679093,8.343972484994717,7.90148716662681
9431,0.33280606252181927,8.312815566488371,7.98000950396655
9432,0.3147747106170653,8.254503984491908,7.93972927387484
9433,0.3730286181751903,8.390758697459567,8.01773007928438
9434,0.33906793124121876,8.340905640621948,8.00183770938073
9435,0.2531123494749302,8.265992503130603,8.01288015365567
9436,0.3226707172776815,8.270642483212265,7.94797176593458
9437,0.33987304149044084,8.259371590324445,7.919498548834
9438,0.25413673245107626,8.338644940817074,8.084508208366
9439,0.3607054959977945,8.310811921871995,7.9501064258742
9440,0.3401296817562619,8.354089592693338,8.01395991093708
9441,0.26624986320979205,8.214163961397235,7.94791409818744
9442,0.3644305190019248,8.26631904087712,7.9018885218752
9443,0.33540183617154423,8.368253439275517,8.03285160310397
9444,0.4505166220710467,8.417427580510513,7.96691095843947
9445,0.40111208158016565,8.33489630263126,7.93378422105109
9446,0.37359503965787677,8.17800109020352,7.80440605054564
9447,0.29315670994450865,8.309561131781791,8.01640442183728
9448,0.34890991657207104,8.30805271744594,7.95914280087387
9449,0.283393218911105,8.30801402415806,8.02462080524696
9450,0.3186084197013345,8.24630134228526,7.92769292258393
9451,0.34402210029420505,8.333392466623257,7.98937036632905
9452,0.31194004154122373,8.318919238821358,8.00697919728013
9453,0.28802849327071317,8.250881812579424,7.96285331930871
9454,0.3328619372434387,8.234788827725415,7.90192689048198
9455,0.37092014060816386,8.375651375581091,8.00473123497293
9456,0.2844808005001689,8.258606065582907,7.97412526508274
9457,0.27101523303985076,8.184165665228228,7.91315043218838
9458,0.2775630904347016,8.317645137133438,8.04008204669874
9459,0.3181260480079904,8.323338024678103,8.00521197667011
9460,0.31892477217285925,8.236370670393729,7.91744589822087
9461,0.3032277706882736,8.327500681241192,8.02427291055292
9462,0.3551857961419237,8.216742680616065,7.86155688447414
9463,0.2693074902473057,8.220409441285485,7.95110195103818
9464,0.32004008879475926,8.28131974631931,7.96127965752455
9465,0.42327084001399795,8.362772111444135,7.93950127143014
9466,0.37812545616049653,8.344571464827835,7.96644600866734
9467,0.29707042020736246,8.348339195590587,8.05126877538322
9468,0.24891844393459975,8.203071634757295,7.9541531908227
9469,0.3173255237943443,8.313095633073372,7.99577010927903
9470,0.30311185930157974,8.358080361869535,8.05496850256795
9471,0.3803572642390521,8.332278811740203,7.95192154750115
9472,0.32041345755072537,8.347620916323494,8.02720745877277
9473,0.2603400503719427,8.326843586458033,8.06650353608609
9474,0.28563272006827106,8.210275168210023,7.92464244814175
9475,0.23426048430646484,8.230966060621604,7.99670557631514
9476,0.29969734261846986,8.226342491762729,7.92664514914426
9477,0.29900960933010107,8.238447439487585,7.93943783015748
9478,0.31878129241682024,8.355137866918025,8.0363565745012
9479,0.40067885543181964,8.37728468242865,7.97660582699683
9480,0.2756291360307179,8.347931546359938,8.07230241032922
9481,0.23809550622623307,8.143063941436834,7.9049684352106
9482,0.43258679529308025,8.281014877311328,7.84842808201825
9483,0.325714988640629,8.422229759038503,8.09651477039787
9484,0.4644031139217108,8.366284342655721,7.90188122873401
9485,0.28032144052731434,8.22707645321641,7.9467550126891
9486,0.46325443871984257,8.362596069083832,7.89934163036399
9487,0.3439712149666855,8.251334008935995,7.90736279396931
9488,0.40713796445726075,8.339967506183125,7.93282954172586
9489,0.3196891500005039,8.34733777211221,8.02764862211171
9490,0.33998313897587873,8.33468342791856,7.99470028894268
9491,0.2922207671071241,8.326474489424463,8.03425372231734
9492,0.2710307298513112,8.208854131957644,7.93782340210633
9493,0.30329530693269546,8.273966028676842,7.97067072174415
9494,0.3278627850362531,8.255720853205874,7.92785806816962
9495,0.270198626846698,8.326262757132668,8.05606413028597
9496,0.3593343197746826,8.434487663003031,8.07515334322835
9497,0.26244372388811765,8.347956334831192,8.08551261094307
9498,0.27397834526546305,8.19482357207514,7.92084522680968
9499,0.3380401852151496,8.349627864121237,8.01158767890609
9500,0.39937003233521096,8.379081459494154,7.97971142715894
9501,0.37053034302014026,8.341686168495876,7.97115582547574
9502,0.440862434687233,8.33483102842576,7.89396859373853
9503,0.37978386911800915,8.3337576042129,7.95397373509489
9504,0.3390168298471249,8.285832829114185,7.94681599926706
9505,0.2788652073292184,8.286651504867361,8.00778629753814
9506,0.24732671509939416,8.196555889796949,7.94922917469755
9507,0.23335216565609934,8.156057991751831,7.92270582609573
9508,0.40688563961037727,8.47788780535326,8.07100216574288
9509,0.36341526189121715,8.329265330122112,7.9658500682309
9510,0.38505699810000066,8.256775484812987,7.87171848671299
9511,0.28619785780706825,8.409261617974627,8.12306376016756
9512,0.3365187067533602,8.409973720228354,8.07345501347499
9513,0.3886391002441491,8.375063304473274,7.98642420422912
9514,0.3554805489491091,8.356854802312647,8.00137425336354
9515,0.31996206961381046,8.245535735147984,7.92557366553417
9516,0.4060075713178638,8.335416864395997,7.92940929307813
9517,0.37995801650036026,8.341723511400785,7.96176549490042
9518,0.243111184899454,8.215653519495682,7.97254233459623
9519,0.4251841431255894,8.370391207789009,7.94520706466342
9520,0.46416721476314254,8.410916038444764,7.94674882368162
9521,0.34336973012778393,8.212465406051477,7.86909567592369
9522,0.3589605647250397,8.325354725080174,7.96639416035513
9523,0.3393884839045835,8.3751637452597,8.03577526135512
9524,0.32851100740842437,8.315168200863322,7.9866571934549
9525,0.2902879242983595,8.308222279780646,8.01793435548229
9526,0.360770939107812,8.30439870195706,7.94362776284925
9527,0.3456244145195368,8.29798314082721,7.95235872630767
9528,0.25032009849952064,8.3872776825625,8.13695758406298
9529,0.3029242937388881,8.32582587549607,8.02290158175718
9530,0.30543655091268973,8.302961153942894,7.9975246030302
9531,0.4650127559927056,8.323510863473409,7.8584981074807
9532,0.3361585787680728,8.225112386807643,7.88895380803957
9533,0.25154173042731615,8.254902308434742,8.00336057800743
9534,0.3373077525967708,8.299874855074798,7.96256710247803
9535,0.3385300655930625,8.300010163761627,7.96148009816856
9536,0.3733241247609743,8.336259222550575,7.9629350977896
9537,0.29974199829758724,8.29399067870667,7.99424868040908
9538,0.3928591136508838,8.433618751851913,8.04075963820103
9539,0.27847363465866215,8.279975705121878,8.00150207046322
9540,0.34187680872464615,8.276573772186033,7.93469696346139
9541,0.29020844919746874,8.274454883989913,7.98424643479244
9542,0.3264813118283378,8.268222583283915,7.94174127145558
9543,0.33925685867105193,8.289357388893798,7.95010053022275
9544,0.34657132377396527,8.368254119621723,8.02168279584776
9545,0.3842238589875916,8.414816327535972,8.03059246854838
9546,0.33151127848398515,8.334687075036822,8.00317579655284
9547,0.30528268009421095,8.38921361821329,8.08393093811908
9548,0.403835549003144,8.373979313600616,7.97014376459747
9549,0.2811127081465823,8.25587124619345,7.97475853804687
9550,0.40803668596767095,8.314261450256675,7.906224764289
9551,0.36254773399223017,8.284170810078521,7.92162307608629
9552,0.2798205164611209,8.310649400292057,8.03082888383094
9553,0.3193380584101145,8.315860401436638,7.99652234302652
9554,0.28108118611739613,8.296181104518322,8.01509991840093
9555,0.2611388570804312,8.278262386147512,8.01712352906708
9556,0.4428909989890201,8.45591548166407,8.01302448267505
9557,0.42407462222466064,8.313673345552456,7.8895987233278
9558,0.33831130412058547,8.28416429511134,7.94585299099075
9559,0.38276846413188165,8.395399865706768,8.01263140157489
9560,0.22909760196577095,8.300306428209717,8.07120882624395
9561,0.38373362295906777,8.249730741813934,7.86599711885487
9562,0.39995520696159553,8.360105343098644,7.96015013613705
9563,0.18220881247763596,8.249007447081413,8.06679863460378
9564,0.2733878085144699,8.244220431344297,7.97083262282983
9565,0.29127393139393587,8.193369123862396,7.90209519246846
9566,0.4788477167056011,8.359741292743662,7.88089357603806
9567,0.23881853805474354,8.147836117264626,7.90901757920988
9568,0.3538501259284726,8.398732926114704,8.04488280018623
9569,0.4263681200771495,8.394191977008765,7.96782385693162
9570,0.26840122234559366,8.286007175213681,8.01760595286809
9571,0.33711878139741525,8.210368236309536,7.87324945491212
9572,0.3156532421939934,8.314008958032465,7.99835571583847
9573,0.33233843631714916,8.299454628144153,7.967116191827
9574,0.32119012288953475,8.314315154233412,7.99312503134388
9575,0.46424668320378926,8.449889554468456,7.98564287126467
9576,0.31437832163649815,8.142433059144755,7.82805473750826
9577,0.3052661792353795,8.205611059149444,7.90034487991406
9578,0.4368395054990348,8.392386636146018,7.95554713064698
9579,0.3084184463425337,8.24984509052278,7.94142664418025
9580,0.3047925923042763,8.30930051221782,8.00450791991354
9581,0.32474015949972795,8.317531148931009,7.99279098943128
9582,0.23410975045505678,8.175626205185562,7.94151645473051
9583,0.3091193685090534,8.236093818850959,7.92697445034191
9584,0.33481439650740646,8.229356471109876,7.89454207460247
9585,0.5033842248485095,8.435494230904625,7.93211000605612
9586,0.3198341697147305,8.21324133641218,7.89340716669745
9587,0.36077021030828227,8.306179555490107,7.94540934518183
9588,0.34332145366409755,8.256994972740939,7.91367351907684
9589,0.24634033504126568,8.202552679837723,7.95621234479646
9590,0.3344654486720064,8.237725056264445,7.90325960759244
9591,0.2759600218429946,8.217811191585106,7.94185116974211
9592,0.42389912899601284,8.456298728356098,8.03239959936008
9593,0.26545195953045236,8.285540211151945,8.02008825162149
9594,0.25510732287038407,8.168067739561021,7.91296041669064
9595,0.2660309067370578,8.280508584339282,8.01447767760222
9596,0.3323848623181468,8.251615490480589,7.91923062816244
9597,0.2516439336473625,8.309459615249132,8.05781568160177
9598,0.3290096755317711,8.194677394460053,7.86566771892828
9599,0.24491424468762352,8.312403808423763,8.06748956373614
9600,0.25286151551892794,8.18779999940845,7.93493848388952
9601,0.3697953220767496,8.29728331896633,7.92748799688958
9602,0.2974177691881651,8.358852510329342,8.06143474114118
9603,0.30690175960014643,8.332767034325723,8.02586527472558
9604,0.3105229454571616,8.299945027997733,7.98942208254057
9605,0.3352774814416911,8.262426016440575,7.92714853499888
9606,0.4376534884013448,8.35213429431875,7.9144808059174
9607,0.3142920651772212,8.189351236884328,7.87505917170711
9608,0.3234710000519632,8.375586029006852,8.05211502895489
9609,0.3504472378569784,8.253681352104891,7.90323411424791
9610,0.38679664684817394,8.32668791790558,7.93989127105741
9611,0.3325234084935574,8.291935033299431,7.95941162480587
9612,0.3408854299013993,8.332945253496142,7.99205982359474
9613,0.3124043482830992,8.287679691472466,7.97527534318937
9614,0.2772682505669809,8.341466291823702,8.06419804125672
9615,0.3504494357351091,8.28705168573941,7.9366022500043
9616,0.39539147299684496,8.317249260722441,7.9218577877256
9617,0.326790319934066,8.339940323845704,8.01315000391164
9618,0.2781977226197713,8.294104861505613,8.01590713888584
9619,0.2547080158365149,8.315153890531915,8.0604458746954
9620,0.25068084230428456,8.361421265723457,8.11074042341917
9621,0.37149558184907516,8.395590543143836,8.02409496129476
9622,0.3942076143217363,8.38868499588996,7.99447738156822
9623,0.21936424112485872,8.251765781450596,8.03240154032574
9624,0.4306757238589057,8.457765412337007,8.0270896884781
9625,0.26709817798225166,8.241922298303765,7.97482412032151
9626,0.3513917054510639,8.337980631430518,7.98658892597945
9627,0.3625160298110911,8.23525371650851,7.87273768669742
9628,0.36310291211150075,8.251826502775867,7.88872359066437
9629,0.25959217137079843,8.301504788672151,8.04191261730135
9630,0.22773159732616033,8.190541746233366,7.96281014890721
9631,0.23418706667828879,8.244934882044046,8.01074781536576
9632,0.2774539822573799,8.286740674742418,8.00928669248504
9633,0.4603684991405713,8.35353188288981,7.89316338374924
9634,0.4048467348826584,8.331374970311789,7.92652823542913
9635,0.3216701575134246,8.269882545410342,7.94821238789692
9636,0.2444023207019469,8.264622709137,8.02022038843505
9637,0.2823681856605505,8.323781410462766,8.04141322480222
9638,0.3084373598130841,8.278882341857544,7.97044498204446
9639,0.27900806713837145,8.260001179625046,7.98099311248667
9640,0.27230091645160154,8.162694710147115,7.89039379369551
9641,0.2699891422367584,8.32508105324301,8.05509191100625
9642,0.3961558178532549,8.22788128182394,7.83172546397069
9643,0.29702290494058153,8.310281437280485,8.0132585323399
9644,0.22205303447203964,8.305380352873273,8.08332731840123
9645,0.420437205959454,8.344448482795661,7.92401127683621
9646,0.3084052344429344,8.244058075339465,7.93565284089653
9647,0.18365152161521453,8.250360792564456,8.06670927094924
9648,0.2665099255843087,8.237220680060647,7.97071075447634
9649,0.22062437326556633,8.20606993027958,7.98544555701401
9650,0.37390309895032126,8.37952893009698,8.00562583114666
9651,0.3449039917620022,8.208510651259948,7.86360665949795
9652,0.2810975880390951,8.294537743890212,8.01344015585112
9653,0.2967006581283697,8.279300449661296,7.98259979153293
9654,0.36566759816105243,8.41308585530838,8.04741825714733
9655,0.30415541338208907,8.252044784258796,7.94788937087671
9656,0.30380727862843676,8.244500121121325,7.94069284249289
9657,0.2940255983783135,8.284515240483685,7.99048964210537
9658,0.5244096668785466,8.347110372611624,7.82270070573308
9659,0.4025383632224998,8.298839485594371,7.89630112237187
9660,0.34179205204844015,8.342567917224175,8.00077586517573
9661,0.27754152680866573,8.288716251490198,8.01117472468153
9662,0.43372210740065575,8.3715871605363,7.93786505313564
9663,0.36256531083201315,8.352916453531963,7.99035114269995
9664,0.4245926427478248,8.347263170418207,7.92267052767038
9665,0.33763221444714503,8.318453772547429,7.98082155810028
9666,0.28633596459512733,8.234412549245132,7.94807658465
9667,0.1523622751146167,8.138566022036116,7.9862037469215
9668,0.3508758935085027,8.342825064931125,7.99194917142262
9669,0.20343995304418896,8.31423980868256,8.11079985563837
9670,0.3531742976854344,8.30655767694123,7.9533833792558
9671,0.2832921677118862,8.316650139095447,8.03335797138356
9672,0.33458595364530147,8.328428943049305,7.993842989404
9673,0.42336352600777144,8.326685908085896,7.90332238207812
9674,0.33145766741022725,8.311413120917493,7.97995545350727
9675,0.34631752370750474,8.245135596049353,7.89881807234185
9676,0.3379572297221437,8.262209316292395,7.92425208657025
9677,0.29987930068072266,8.231885738231899,7.93200643755118
9678,0.30787943809221696,8.252933640802974,7.94505420271076
9679,0.33386279625898063,8.317747758365902,7.98388496210692
9680,0.29670490432176294,8.277768206583128,7.98106330226136
9681,0.37217432201526934,8.336286172514278,7.96411185049901
9682,0.4104347478566999,8.296342219496132,7.88590747163943
9683,0.39849868219545714,8.34783963590548,7.94934095371002
9684,0.22500053190761207,8.14698048272354,7.92197995081593
9685,0.2605947706341237,8.28365682348385,8.02306205284973
9686,0.3479975979347575,8.376994751793488,8.02899715385873
9687,0.24299235183307485,8.290532923746206,8.04754057191313
9688,0.4734309229996171,8.386233528942876,7.91280260594326
9689,0.3981563270419471,8.26088204485253,7.86272571781058
9690,0.28413060920187244,8.333943263769223,8.04981265456735
9691,0.42933727545945244,8.369284895017012,7.93994761955756
9692,0.39592602690861817,8.26760529185457,7.87167926494595
9693,0.37512793707049696,8.350298435215946,7.97517049814545
9694,0.2738018596136829,8.253146582601609,7.97934472298793
9695,0.38874422170494843,8.296706341455213,7.90796211975026
9696,0.3102107458573543,8.23670182150652,7.92649107564917
9697,0.32285518059533136,8.210016762543628,7.8871615819483
9698,0.371380126951528,8.286519753964443,7.91513962701292
9699,0.36993617460300476,8.325163886156291,7.95522771155329
9700,0.31336644671837155,8.403503604124229,8.09013715740586
9701,0.3369475212795233,8.16263888593516,7.82569136465564
9702,0.2855430327847094,8.28187207990483,7.99632904712012
9703,0.3785277590354209,8.351564566379489,7.97303680734407
9704,0.3587638117231865,8.382051844876687,8.0232880331535
9705,0.2683955389309799,8.279867345143238,8.01147180621226
9706,0.27573212920122636,8.317004515918793,8.04127238671757
9707,0.23660530079711653,8.266711150734649,8.03010584993753
9708,0.3710601523047385,8.303742220458027,7.93268206815329
9709,0.2588295211906804,8.240321159978478,7.9814916387878
9710,0.39017733749380834,8.303202292630061,7.91302495513625
9711,0.3111510688692523,8.247785068736745,7.93663399986749
9712,0.39129775630793256,8.352553112537798,7.96125535622987
9713,0.2769320709383502,8.258905487213319,7.98197341627497
9714,0.29183799853101294,8.229255655793056,7.93741765726204
9715,0.4929278537158096,8.386071517661652,7.89314366394584
9716,0.34689063804403675,8.25420098733213,7.90731034928809
9717,0.30609515009593874,8.304197895080415,7.99810274498448
9718,0.37757661423845734,8.30619270642997,7.92861609219151
9719,0.35919960500181186,8.321083034006104,7.96188342900429
9720,0.27749600173017874,8.290543649309628,8.01304764757945
9721,0.4452470099766128,8.39648211489461,7.951235104918
9722,0.22948439168952978,8.236007916587052,8.00652352489752
9723,0.29970964362951996,8.184267679791507,7.88455803616199
9724,0.3516945148702538,8.274810436345946,7.92311592147569
9725,0.27268776115482424,8.303487024748595,8.03079926359377
9726,0.3425554235267321,8.365807240916547,8.02325181738981
9727,0.34410016400336607,8.28783320114487,7.9437330371415
9728,0.24944889507820261,8.245157535489199,7.995708640411
9729,0.31062189755687475,8.221649962911997,7.91102806535512
9730,0.18715013257329388,8.27002150314843,8.08287137057514
9731,0.27865963039471336,8.321442504977869,8.04278287458316
9732,0.45555376842101003,8.393421606122748,7.93786783770174
9733,0.3076634990520874,8.287701240780313,7.98003774172823
9734,0.34908901548072796,8.264078666749871,7.91498965126914
9735,0.4273906268985919,8.280294157016991,7.8529035301184
9736,0.23723410064879635,8.24006494500467,8.00283084435587
9737,0.31226699247982054,8.374267793511253,8.06200080103143
9738,0.3051890849959754,8.283646621549162,7.97845753655319
9739,0.3726501215916415,8.352983711086086,7.98033358949444
9740,0.35482213169285487,8.28589302388642,7.93107089219356
9741,0.32418104459794234,8.20987637709545,7.88569533249751
9742,0.412604145758411,8.370876990641522,7.95827284488311
9743,0.18976459794025488,8.264547972756446,8.07478337481619
9744,0.3430444648586231,8.433857752873886,8.09081328801526
9745,0.44503082071455174,8.362407792134645,7.91737697142009
9746,0.38726431845076215,8.41017542098043,8.02291110252967
9747,0.30524784441700054,8.276804867223827,7.97155702280683
9748,0.29291561165801516,8.351155840825019,8.058240229167
9749,0.28678792826743843,8.23241959691453,7.94563166864709
9750,0.340508719962595,8.348505188537692,8.0079964685751
9751,0.2780383171708178,8.35295470012592,8.0749163829551
9752,0.2525666440630721,8.11556135931159,7.86299471524852
9753,0.3767454223632785,8.275650451002003,7.89890502863872
9754,0.3464311357099527,8.314121653897141,7.96769051818719
9755,0.3219392983140032,8.244338078069456,7.92239877975545
9756,0.36548619069648264,8.331826703320287,7.9663405126238
9757,0.3817540899317168,8.300742118346884,7.91898802841517
9758,0.3193391020449434,8.322235093386062,8.00289599134112
9759,0.30582860187452404,8.301318627650428,7.9954900257759
9760,0.375235833693168,8.292862926915623,7.91762709322246
9761,0.36937085234613437,8.352162378659305,7.98279152631317
9762,0.29057690057965496,8.324320055106528,8.03374315452687
9763,0.4367443017104946,8.432948225590124,7.99620392387963
9764,0.3133116068117545,8.318981867377207,8.00567026056545
9765,0.3498964827365939,8.262460821071684,7.91256433833509
9766,0.31476577136975453,8.373760420719053,8.0589946493493
9767,0.32150829312474266,8.24212148459113,7.92061319146639
9768,0.38860984733140563,8.307312567835066,7.91870272050366
9769,0.2895284760542434,8.274335781731379,7.98480730567714
9770,0.3409024134178777,8.334279545474164,7.99337713205629
9771,0.4265482205236291,8.396060911667469,7.96951269114384
9772,0.41192696297740883,8.392008340125935,7.98008137714853
9773,0.2740824944460368,8.20680886303751,7.93272636859147
9774,0.3285929469129816,8.342090597830998,8.01349765091802
9775,0.33997689629046746,8.335737440041255,7.99576054375079
9776,0.23797468695425156,8.27609161140821,8.03811692445396
9777,0.3720877765673418,8.295363396619841,7.9232756200525
9778,0.3633783339907133,8.339420460794166,7.97604212680345
9779,0.3340119109043895,8.331053275332504,7.99704136442811
9780,0.26810660183372675,8.317691911979907,8.04958531014618
9781,0.2636343599213864,8.31367536883755,8.05004100891616
9782,0.19051644940173493,8.257375447811471,8.06685899840974
9783,0.3639058410385455,8.365169611597299,8.00126377055875
9784,0.35832235399773205,8.26897082364676,7.91064846964903
9785,0.22443082832785802,8.23181443793353,8.00738360960567
9786,0.4217273446736783,8.36752803499322,7.94580069031954
9787,0.34601690206733826,8.244436408475853,7.89841950640851
9788,0.3429396292153264,8.350622187624758,8.00768255840943
9789,0.3353694908267684,8.160905374705676,7.82553588387891
9790,0.29577694814930505,8.263761169760624,7.96798422161132
9791,0.2785047434084888,8.263146937649271,7.98464219424078
9792,0.2047803491601202,8.216054113733612,8.01127376457349
9793,0.2692211840826038,8.302042189280067,8.03282100519746
9794,0.24500327209250047,8.234126129215515,7.98912285712301
9795,0.3241535836318515,8.304032278396978,7.97987869476513
9796,0.2500067377231299,8.335271049525112,8.08526431180198
9797,0.3221131390520984,8.25863654289449,7.93652340384239
9798,0.3059911648651609,8.29157648985014,7.98558532498498
9799,0.41493835500104215,8.320565243602436,7.90562688860139
9800,0.21305460304493307,8.231687698256016,8.01863309521108
9801,0.26893135993703116,8.264768679732093,7.99583731979506
9802,0.2763349219284808,8.266555955482392,7.99022103355391
9803,0.34800055440345573,8.286272887311242,7.93827233290779
9804,0.34914182574293046,8.271080074961935,7.921938249219
9805,0.22657396023442375,8.17102804575373,7.94445408551931
9806,0.36170954142861095,8.377586179935465,8.01587663850685
9807,0.34772474801987197,8.22165339641036,7.87392864839049
9808,0.3610067355554883,8.237321111362348,7.87631437580686
9809,0.28996114502834125,8.248133437879705,7.95817229285136
9810,0.2960829648569795,8.249940088077112,7.95385712322013
9811,0.4343304490011396,8.34956653064543,7.91523608164429
9812,0.3437527558043809,8.293300949879963,7.94954819407558
9813,0.3348744552919298,8.285543899596684,7.95066944430475
9814,0.27825277514267194,8.284343386404785,8.00609061126211
9815,0.3542990407231657,8.337992182277077,7.98369314155391
9816,0.37766843295197927,8.280184495347958,7.90251606239598
9817,0.37265957116796417,8.36226685826852,7.98960728710056
9818,0.3593211504343031,8.340283835738466,7.98096268530416
9819,0.27808287336621446,8.244675128816214,7.96659225545
9820,0.3050637585157883,8.238373301559331,7.93330954304354
9821,0.2832806884139595,8.334302040004586,8.05102135159063
9822,0.4443983513715635,8.394263957368508,7.94986560599695
9823,0.42304508510153804,8.360689359271744,7.93764427417021
9824,0.3010456937742038,8.293804986794859,7.99275929302066
9825,0.4349353147951093,8.350206905449127,7.91527159065402
9826,0.25521647212709997,8.278363041831273,8.02314656970417
9827,0.2981599645729053,8.307860270818736,8.00970030624583
9828,0.382585471716809,8.32003429774033,7.93744882602352
9829,0.37307972137532175,8.295755362081046,7.92267564070572
9830,0.32665021284714796,8.23078581260695,7.9041355997598
9831,0.19924570617921886,8.269597677601004,8.07035197142178
9832,0.2556146070566338,8.254431672242552,7.99881706518592
9833,0.3391354169507855,8.327373115035412,7.98823769808463
9834,0.29593346312129315,8.193887581061785,7.89795411794049
9835,0.28051230899152707,8.210824090992473,7.93031178200095
9836,0.4459322246986297,8.461557068187645,8.01562484348901
9837,0.39393368386508126,8.276457695330409,7.88252401146533
9838,0.2611802558684579,8.251909592702743,7.99072933683429
9839,0.32645446483195995,8.37130727937307,8.04485281454111
9840,0.38673367987891355,8.290202469176956,7.90346878929804
9841,0.2558000128173262,8.175385962875229,7.9195859500579
9842,0.3298131444535546,8.347579895780054,8.0177667513265
9843,0.31677357981945276,8.261292323887675,7.94451874406822
9844,0.4316822735998822,8.477388579843891,8.04570630624401
9845,0.3241094592765018,8.328401308186358,8.00429184890986
9846,0.30531810212692273,8.27487101773936,7.96955291561244
9847,0.3955816526209229,8.33506547152033,7.93948381889941
9848,0.3477196359942219,8.338544809148727,7.99082517315451
9849,0.39941071843218573,8.37594897330828,7.97653825487609
9850,0.3028755477479056,8.336049787470238,8.03317423972233
9851,0.25045117222997004,8.288507880618779,8.03805670838881
9852,0.4095952796043972,8.390355390322547,7.98076011071815
9853,0.3895988460072143,8.39117681552972,8.00157796952251
9854,0.38117497849081244,8.274653568383705,7.89347858989289
9855,0.3923232701219885,8.352329314602587,7.9600060444806
9856,0.31324309367572895,8.261088599997471,7.94784550632174
9857,0.31480046104895254,8.285836106579836,7.97103564553088
9858,0.2874319868196146,8.240236381917326,7.95280439509771
9859,0.40244302338634486,8.275478179993963,7.87303515660762
9860,0.30058532862241977,8.27344922151118,7.97286389288876
9861,0.32484616716231,8.245522177601751,7.92067601043944
9862,0.2981888382823234,8.369262103478249,8.07107326519593
9863,0.31654781515193586,8.37463811961788,8.05809030446594
9864,0.30417401282917317,8.287086204223705,7.98291219139453
9865,0.4363194009182541,8.39089918273761,7.95457978181935
9866,0.33146709702235144,8.325604461887355,7.994137364865
9867,0.22770939536576199,8.237818674413246,8.01010927904748
9868,0.41257592677678595,8.433633743173658,8.02105781639687
9869,0.39823426598335904,8.182646978828743,7.78441271284538
9870,0.382937059686336,8.341522055308088,7.95858499562175
9871,0.33228229591288416,8.203933860243618,7.87165156433073
9872,0.40591243536033117,8.35080571293603,7.9448932775757
9873,0.3209644886549069,8.302360760169794,7.98139627151489
9874,0.26786368489536694,8.172782023468812,7.90491833857345
9875,0.37082480831661185,8.24021628686229,7.86939147854568
9876,0.33289106373674693,8.26390385941385,7.9310127956771
9877,0.3226404068989582,8.250971576960678,7.92833117006172
9878,0.39483373749196576,8.402162584106405,8.00732884661444
9879,0.4777866982072315,8.39011434181204,7.91232764360481
9880,0.29395072074484957,8.207858652824081,7.91390793207923
9881,0.37828325122003814,8.461091616480868,8.08280836526083
9882,0.3798047597875637,8.486876030673017,8.10707127088545
9883,0.38146596718174436,8.318244833849562,7.93677886666782
9884,0.387013003092275,8.345700258470545,7.95868725537827
9885,0.2536592850940528,8.342088505752656,8.0884292206586
9886,0.3643057690725878,8.295316896812071,7.93101112773948
9887,0.2182618648600351,8.256684798841446,8.03842293398141
9888,0.3429899611881958,8.243299592384478,7.90030963119628
9889,0.39299206634919887,8.385294820030177,7.99230275368098
9890,0.3479516510076401,8.2738214615153,7.92586981050766
9891,0.34905025333741346,8.325846816881006,7.97679656354359
9892,0.3861500155996145,8.384071389362589,7.99792137376297
9893,0.2888437301865174,8.280327119583625,7.99148338939711
9894,0.32350497967454667,8.352988748540435,8.02948376886589
9895,0.35573013860133423,8.371483500939464,8.01575336233813
9896,0.37800685972135745,8.284534958617641,7.90652809889628
9897,0.3800369414339636,8.314021734016753,7.93398479258279
9898,0.42580050873011394,8.28765016835106,7.86184965962095
9899,0.39158659898491177,8.400730939748337,8.00914434076343
9900,0.2689648240631414,8.263081201142514,7.99411637707937
9901,0.2872933875932448,8.334185402262069,8.04689201466882
9902,0.17915906957809113,8.173500793403605,7.99434172382551
9903,0.34111677947186103,8.29457240834751,7.95345562887565
9904,0.36667678557249955,8.324451317780307,7.95777453220781
9905,0.3604196282285747,8.279806391061618,7.91938676283304
9906,0.2748760756268558,8.326245116010726,8.05136904038387
9907,0.3231335618477993,8.295171740008495,7.9720381781607
9908,0.3537492781281105,8.390557383356596,8.03680810522848
9909,0.39425290608505903,8.315519766303373,7.92126686021831
9910,0.3168321249204906,8.260681210854026,7.94384908593354
9911,0.3217827598099045,8.173689658907655,7.85190689909775
9912,0.379731235656786,8.359420412639825,7.97968917698304
9913,0.34529943197585783,8.353465915193238,8.00816648321738
9914,0.3387652714237109,8.376466754925719,8.03770148350201
9915,0.3102652048152241,8.282798924331997,7.97253371951677
9916,0.3679523340495606,8.41129647475898,8.04334414070942
9917,0.4225642986665568,8.330446132223331,7.90788183355677
9918,0.2690050079678322,8.228866302620629,7.9598612946528
9919,0.37823691413964744,8.39802981043325,8.0197928962936
9920,0.26811145109793494,8.218100358982966,7.94998890788503
9921,0.36979064050524896,8.290082428265862,7.92029178776061
9922,0.3907743040483183,8.357626405728332,7.96685210168001
9923,0.31536216431393954,8.253789576234427,7.93842741192049
9924,0.29083977295075003,8.254934563428463,7.96409479047771
9925,0.3827545041181724,8.41289822264063,8.03014371852246
9926,0.3750192443288848,8.304645506255213,7.92962626192633
9927,0.27365822049270294,8.323496811094358,8.04983859060166
9928,0.3973156683353363,8.325410035878948,7.92809436754361
9929,0.3417678562417961,8.295947277950964,7.95417942170917
9930,0.4183684626939589,8.355787547764804,7.93741908507084
9931,0.39588893181691215,8.310857572905778,7.91496864108887
9932,0.433686982556226,8.320876678475818,7.88718969591959
9933,0.43617199952571645,8.383990359232481,7.94781835970676
9934,0.3033856861220757,8.330328897873269,8.02694321175119
9935,0.34367669144656016,8.323679768559343,7.98000307711278
9936,0.39220858415129045,8.298026188229981,7.90581760407869
9937,0.29457975510052264,8.309134296380764,8.01455454128024
9938,0.2713020988596136,8.283887834813802,8.01258573595419
9939,0.30538440398481176,8.200094147788622,7.89470974380381
9940,0.3249772041898774,8.238983021425685,7.91400581723581
9941,0.42819199672732333,8.297543315797714,7.86935131907039
9942,0.2735019563430551,8.26623022604761,7.99272826970455
9943,0.5145171975760188,8.438716286021553,7.92419908844553
9944,0.3646541491843111,8.328194963015358,7.96354081383105
9945,0.3198512043195976,8.2944827918264,7.9746315875068
9946,0.39156119399301526,8.329776357507136,7.93821516351412
9947,0.23541849529904416,8.32601606518409,8.09059756988505
9948,0.37361853748165114,8.237834085778307,7.86421554829666
9949,0.3266272415969188,8.289783536621705,7.96315629502479
9950,0.22044977895566742,8.282440463802383,8.06199068484672
9951,0.3408660769362487,8.30165490112559,7.96078882418934
9952,0.24972141862901964,8.304419406725023,8.054697988096
9953,0.32725869137077246,8.286830038169652,7.95957134679888
9954,0.3306026354324399,8.267102284444045,7.9364996490116
9955,0.33276810182684935,8.260153889234457,7.92738578740761
9956,0.4058780067987613,8.400354668574803,7.99447666177604
9957,0.3573420070966988,8.31953394320451,7.96219193610781
9958,0.3916837410819111,8.361716607811413,7.9700328667295
9959,0.407092156381215,8.408401941568702,8.00130978518749
9960,0.25031508771411454,8.218593235429324,7.96827814771521
9961,0.33511200263517377,8.397034289240294,8.06192228660512
9962,0.2155219700133564,8.227952912468723,8.01243094245537
9963,0.22297057779925272,8.237322635000922,8.01435205720167
9964,0.4077554708246077,8.316604698598084,7.90884922777348
9965,0.3936119139526544,8.194519771353356,7.8009078574007
9966,0.3468960055039252,8.338147961576546,7.99125195607262
9967,0.37699517472255506,8.271356887145352,7.8943617124228
9968,0.3248105817982466,8.364334770150785,8.03952418835254
9969,0.3206429392506912,8.088855726531552,7.76821278728086
9970,0.49941237209421324,8.34296895460317,7.84355658250896
9971,0.3015233447171235,8.245468950195832,7.94394560547871
9972,0.32217191916631804,8.269375460103735,7.94720354093742
9973,0.38705054529197,8.404869309918201,8.01781876462623
9974,0.33666507994318634,8.329078093925581,7.99241301398239
9975,0.30686075197069096,8.36279173882864,8.05593098685795
9976,0.28988717138825837,8.20175129476527,7.91186412337701
9977,0.3098259649532984,8.256787056460645,7.94696109150735
9978,0.2657022674883741,8.196658683252721,7.93095641576435
9979,0.2917507333542424,8.296418900664841,8.0046681673106
9980,0.31247268430458636,8.331612907343088,8.0191402230385
9981,0.35526246963837754,8.248820188075307,7.89355771843693
9982,0.21473091249520898,8.190479627635478,7.97574871514027
9983,0.2944300954344167,8.283772543468798,7.98934244803438
9984,0.3301137945681094,8.353610688495849,8.02349689392774
9985,0.37337162043762645,8.308510063438014,7.93513844300039
9986,0.32682431172913384,8.200051039079982,7.87322672735085
9987,0.2994066075738876,8.328740210045858,8.02933360247197
9988,0.4691087666815896,8.324724762461935,7.85561599578035
9989,0.23048825436273612,8.088597431628294,7.85810917726556
9990,0.30510762769976496,8.232652248978129,7.92754462127836
9991,0.3872858738545226,8.406792641216612,8.01950676736209
9992,0.3476360816800388,8.33643392212404,7.988797840444
9993,0.3810750520849755,8.368592282170066,7.98751723008509
9994,0.22741324235390048,8.264387569310117,8.03697432695622
9995,0.39249430308995026,8.380214481673233,7.98772017858328
9996,0.3914796394930504,8.279105155328288,7.88762551583524
9997,0.25024050082623117,8.260957459613545,8.01071695878731
9998,0.34630943794623575,8.360224934237202,8.01391549629097
9999,0.30311462355004204,8.31684328734555,8.01372866379551
10000,0.38617331865383847,8.32082555939993,7.93465224074609
