replica,J7a_ueV,J7b_ueV,deltaJ7_ueV
1,0.2718241633558401,8.373167641414163,8.101343478058324
2,0.2809847671696132,8.132501972469816,7.851517205300203
3,0.23596005369177864,8.217882365081097,7.981922311389319
4,0.4373410572913381,8.152993379170104,7.715652321878766
5,0.3200934126866518,8.160357410448695,7.840263997762043
6,0.2599172428452786,8.001561816445891,7.741644573600612
7,0.5460145740943372,8.288482578202045,7.742468004107708
8,0.35687826643536347,8.201755576845377,7.844877310410014
9,0.5812757403929032,8.267266815361017,7.685991074968114
10,0.46442029104414007,8.27458816465038,7.81016787360624
11,0.273351383372,8.220645766756352,7.947294383384352
12,0.4465778215139815,8.16134273099589,7.714764909481909
13,0.4650616709810649,8.251020149265639,7.785958478284574
14,0.5054704675532451,8.219172569192942,7.713702101639697
15,0.552744858384964,8.169707215825861,7.616962357440897
16,0.30013767525469137,8.241013480781763,7.940875805527072
17,0.3569906621917396,8.173190034884405,7.816199372692665
18,0.3954452528023248,8.129647730061592,7.7342024772592675
19,0.17192488615586002,8.162319737270819,7.990394851114958
20,0.44806186892259176,8.080966301586438,7.632904432663846
21,0.3905642844465653,8.16769649735109,7.777132212904524
22,0.5279802616051554,8.122852773842032,7.5948725122368765
23,0.4803154101332033,8.28777505717811,7.807459647044906
24,0.16843214977880008,8.090180582618578,7.921748432839777
25,0.3071370886570424,8.175446145116737,7.868309056459695
26,0.1335805401474319,8.262733250559707,8.129152710412276
27,0.41383305655956143,8.209729811640052,7.7958967550804905
28,0.3685326779502758,8.127625430922132,7.759092752971856
29,0.19351262303203134,8.153323058335816,7.959810435303785
30,0.4685602929344014,8.01866061794918,7.550100325014779
31,0.4314325938863029,8.142508830431176,7.711076236544873
32,0.2555275181677922,8.156366039237257,7.900838521069465
33,0.3037322726108582,8.185205586745624,7.881473314134766
34,0.508356035431966,8.263787128905356,7.7554310934733905
35,0.28640474881504097,8.094725528952468,7.808320780137427
36,0.5299657942022461,8.168330266619213,7.638364472416967
37,0.38244705918077365,8.068695571871048,7.686248512690274
38,0.35023360017935085,8.193899465747267,7.843665865567916
39,0.28426342339196936,8.164635691094674,7.880372267702704
40,0.31585325553128607,8.072784944643743,7.756931689112458
41,0.3982823644228383,8.35943389810961,7.961151533686772
42,0.4219778517285707,8.133906164655532,7.711928312926961
43,0.442404024658499,8.290203109933692,7.847799085275193
44,0.4152587486072937,8.117672899508236,7.702414150900942
45,0.5078784714440386,8.27983309496677,7.771954623522732
46,0.3494021430429243,8.253814759306628,7.904412616263704
47,0.3391428368632022,8.186026618356475,7.846883781493273
48,0.44809119476860737,8.221509909022325,7.773418714253718
49,0.198921841044343,8.189315509536517,7.990393668492174
50,0.582861007898099,8.222412481171167,7.639551473273068
51,0.41834988721282346,8.198455551415137,7.780105664202313
52,0.3570515185928006,8.103268836177573,7.746217317584772
53,0.40740804882783516,8.312148998732377,7.904740949904542
54,0.3330374653043956,8.146847951327407,7.813810486023011
55,0.39171891926112073,8.117860812979211,7.726141893718091
56,0.4016100362888342,8.277589484030129,7.875979447741295
57,0.4502544517234996,8.15941676243514,7.70916231071164
58,0.5512201054651744,8.24883392604723,7.697613820582055
59,0.30019432806589125,8.21539945781417,7.915205129748279
60,0.4014645884987701,8.14990869159365,7.748444103094879
61,0.22019205231129693,8.088949044051668,7.868756991740372
62,0.5141485712090296,8.114730990621078,7.600582419412048
63,0.3458919159696977,8.164828340844428,7.818936424874731
64,0.2882151037130061,8.106563373184677,7.818348269471671
65,0.5080443585028598,8.182239246913198,7.674194888410339
66,0.3396852549892096,8.383588717513959,8.04390346252475
67,0.31325757775294966,8.218643952361875,7.905386374608925
68,0.4398866514571044,8.163359813295418,7.723473161838314
69,0.3556504980855045,8.350094862560397,7.994444364474893
70,0.6550591311186102,8.193682399821661,7.53862326870305
71,0.4761405692694669,8.18350571798161,7.707365148712143
72,0.6039421170668491,8.303790201162101,7.699848084095253
73,0.5757945088251328,8.050489250685082,7.474694741859949
74,0.5011996155003918,8.276525605364023,7.7753259898636315
75,0.45131419279066015,8.31526061745235,7.863946424661689
76,0.35730917691229364,8.185895261489897,7.828586084577603
77,0.23062870084035111,8.147501217818077,7.916872516977725
78,0.4625142427372355,8.311018396746023,7.848504154008788
79,0.4437346597867026,8.147017778777272,7.703283118990569
80,0.5514529215923273,8.159929393026989,7.6084764714346615
81,0.4827510950200026,8.191289972654465,7.708538877634462
82,0.6140943454234926,8.22632820911934,7.612233863695847
83,0.44006333781947804,8.278102905392421,7.8380395675729435
84,0.2863984624560707,8.114219920716302,7.827821458260231
85,0.562302141888097,8.281099612841826,7.71879747095373
86,0.3337388504962814,8.267114231000416,7.933375380504135
87,0.4771570530358023,8.236271810323512,7.759114757287709
88,0.6138689137573156,8.22759512582351,7.6137262120661955
89,0.24161774662829275,8.17409211801908,7.9324743713907875
90,0.40949443033198535,8.336966781294002,7.927472350962017
91,0.4982693734652754,8.115817787411254,7.617548413945979
92,0.4208551339330191,8.268749585691207,7.847894451758188
93,0.38011148495891084,8.087122241376251,7.707010756417341
94,0.4287195848668313,8.262784147728837,7.834064562862006
95,0.5095753608608906,8.080841432533745,7.571266071672855
96,0.3176532889512034,8.114543581763451,7.796890292812248
97,0.3756715923541507,8.251613431637361,7.875941839283211
98,0.26649635920629366,8.230220869550266,7.963724510343972
99,0.2559407079304982,8.263686848511885,8.007746140581386
100,0.45085833641111944,8.313568670702054,7.862710334290934
101,0.25653450417970197,8.402495873743455,8.145961369563752
102,0.2948028008307709,8.134379447839486,7.839576647008714
103,0.40070858064332177,8.061560393522628,7.660851812879306
104,0.45614847935014,8.179039739406775,7.7228912600566355
105,0.302451035639373,8.204792553554439,7.902341517915066
106,0.3783283300676124,8.270235110901977,7.891906780834365
107,0.40273260839227126,8.25507448516985,7.8523418767775786
108,0.5138533783109485,8.199617459389298,7.68576408107835
109,0.3489141170092612,8.001330288966363,7.6524161719571016
110,0.12868664547614148,8.292803314598357,8.164116669122215
111,0.2548199067797861,8.203244806796302,7.948424900016517
112,0.5876531522493466,8.270760077607447,7.6831069253581
113,0.5937518486916075,8.26962503661135,7.675873187919742
114,0.26705523547477095,8.078781592906452,7.811726357431681
115,0.39955224219087787,8.265581478033294,7.866029235842416
116,0.29834046180585544,8.064611988523545,7.76627152671769
117,0.2852502644076294,8.200255842390632,7.915005577983003
118,0.13609204958376211,8.120664594411743,7.98457254482798
119,0.39985428484707325,8.38839481216872,7.988540527321646
120,0.3106244072932453,8.062223696528894,7.751599289235649
121,0.3398512352682109,8.168537587565902,7.828686352297692
122,0.3930699125517665,8.081913362129129,7.688843449577362
123,0.49050645244710955,8.29327800411603,7.802771551668919
124,0.34412785179190813,8.23764864922326,7.893520797431352
125,0.34771061674355574,8.227196317288591,7.879485700545035
126,0.49288122380536237,8.229615559718972,7.73673433591361
127,0.5640638713116946,8.327356526110718,7.763292654799023
128,0.4404907963578581,8.345517246032141,7.905026449674283
129,0.23488197535386127,7.992656483236488,7.757774507882627
130,0.4382467044368823,8.200206360486037,7.761959656049155
131,0.36539579368604236,8.343648036280108,7.978252242594065
132,0.47360243340759955,8.138296613418246,7.664694180010647
133,0.6196839445966429,8.187016320736129,7.567332376139486
134,0.33707517631500605,8.244971033241178,7.907895856926173
135,0.3572339460912138,8.162229486531372,7.804995540440157
136,0.34308131964591204,8.174034174305376,7.830952854659464
137,0.19655028081282835,8.219106646131655,8.022556365318826
138,0.42057160694713475,8.331552807519303,7.910981200572168
139,0.31215329058989494,8.310335154670012,7.998181864080117
140,0.4725015250765807,8.18442739281041,7.711925867733829
141,0.2290650585910054,8.07155859519245,7.842493536601444
142,0.22623967872354303,8.197206743974093,7.97096706525055
143,0.3560440173474276,8.141376088835157,7.78533207148773
144,0.5630120309620633,8.146137277458882,7.583125246496818
145,0.3852603021024911,8.242171968550814,7.8569116664483225
146,0.3992856175797179,8.05306914157381,7.6537835239940915
147,0.5067977818083648,8.213102126563701,7.7063043447553365
148,0.341742838719098,8.071438248301723,7.729695409582625
149,0.46055891797131726,8.25931333303464,7.798754415063323
150,0.48549697989674356,8.29317032718021,7.807673347283466
151,0.37024444639104026,8.295290162668744,7.925045716277704
152,0.4853085673107684,8.271856165966005,7.786547598655237
153,0.379036453028243,8.117023176385633,7.73798672335739
154,0.46161037619176076,8.244021884130188,7.782411507938427
155,0.41778903694727904,8.293606602657526,7.875817565710247
156,0.3363257953075642,7.9885152350508335,7.652189439743269
157,0.3432258854740111,8.154720338618588,7.811494453144578
158,0.27933602518469963,8.039560722076745,7.760224696892045
159,0.4419071955908928,8.220588277215006,7.778681081624113
160,0.472960131544227,8.259594047731092,7.786633916186865
161,0.5273648569229828,8.281752971590135,7.754388114667153
162,0.28582313854906016,8.20142305314122,7.91559991459216
163,0.20350332710731384,8.192863918894336,7.989360591787022
164,0.44417787323514046,8.171711849040449,7.727533975805308
165,0.3292430418622102,8.170122063950929,7.840879022088719
166,0.4260182086598756,8.162230757993932,7.736212549334056
167,0.6567291797880747,8.150879031825276,7.494149852037202
168,0.517704310359472,8.387811986910592,7.87010767655112
169,0.26399359911098835,8.181769387031641,7.917775787920653
170,0.4004677378547683,8.257984619096955,7.857516881242187
171,0.3141621819949486,8.197586270667607,7.883424088672658
172,0.40051876247104323,8.24745968155174,7.846940919080697
173,0.4353489064324841,8.404137320873753,7.968788414441269
174,0.5885857406355027,8.298986792543731,7.710401051908229
175,0.6291599733639779,8.185580781079114,7.556420807715137
176,0.44100514002667074,8.134997741853244,7.693992601826573
177,0.3476125726731825,8.293312607688637,7.945700035015455
178,0.5277295219401416,8.336189774749776,7.808460252809635
179,0.30774371039273973,8.184427165439393,7.876683455046654
180,0.3208171988287769,8.220545002704561,7.899727803875784
181,0.5675959503305406,8.22389005793032,7.656294107599779
182,0.4505163680138815,8.15246246551686,7.701946097502979
183,0.29203448868332693,8.240868458048187,7.94883396936486
184,0.41740574248595474,8.15461442033695,7.737208677850995
185,0.35833673426535867,8.053494749830007,7.695158015564648
186,0.40679236753252485,8.085765059601862,7.678972692069337
187,0.44961319018764356,8.020648094240014,7.571034904052371
188,0.6424730166603365,8.270765770838704,7.628292754178368
189,0.6891058820900053,8.232669672522269,7.543563790432263
190,0.3933560256867756,8.232167430329433,7.838811404642658
191,0.40198915075233166,8.241654024316436,7.839664873564104
192,0.4190001352088069,8.171870476330556,7.752870341121748
193,0.11144052205204176,8.221196526663926,8.109756004611883
194,0.3556011124721003,8.235143684185578,7.879542571713478
195,0.5217236350370095,8.243455810319453,7.721732175282444
196,0.3371363687297194,8.319997375647612,7.982861006917892
197,0.29062025396635804,8.319361832720858,8.0287415787545
198,0.3559990261571524,8.17444592304152,7.818446896884367
199,0.61262348125942,8.327932424318755,7.715308943059335
200,0.4637093563726211,8.038778548885535,7.575069192512914
201,0.20643923159283298,8.15560816270766,7.949168931114826
202,0.4965751599075635,8.107690606220077,7.611115446312513
203,0.416432305314126,8.156140157426403,7.739707852112277
204,0.39234829823933987,8.186555976214791,7.794207677975451
205,0.46337888378451775,8.161553052436314,7.698174168651796
206,0.31801712369812585,8.079726094990857,7.761708971292731
207,0.36455251744295913,8.17292742955181,7.808374912108851
208,0.42835074978477117,8.265638995191024,7.837288245406253
209,0.4331120147529205,8.147698193569376,7.714586178816456
210,0.4012749200539003,8.197130298315347,7.795855378261447
211,0.25377360842695706,8.023201212861744,7.769427604434787
212,0.5239381718146114,8.208250307722128,7.684312135907517
213,0.5450737110143834,8.349383268290946,7.804309557276563
214,0.30741566400214526,8.302721424626009,7.9953057606238636
215,0.4438408983077147,8.211196793987181,7.767355895679466
216,0.4339225073924112,8.342508031601904,7.908585524209492
217,0.35703944690619344,8.200384230705248,7.843344783799055
218,0.30030594806369204,8.233899906222852,7.93359395815916
219,0.3686828409238156,8.202832925485222,7.834150084561406
220,0.4205101719372528,8.067621161044343,7.64711098910709
221,0.5101039196340321,8.335458168923049,7.825354249289017
222,0.4194453415082679,8.23157632118639,7.812130979678122
223,0.3613956237731803,8.177717157339465,7.816321533566285
224,0.5307869516534827,8.251914836781795,7.721127885128313
225,0.3147850880202318,8.220941182454657,7.906156094434426
226,0.27031606396119007,8.054434034178625,7.784117970217435
227,0.25951829917384417,8.20552176981969,7.946003470645846
228,0.4361923344053876,8.14532613387678,7.709133799471393
229,0.28576511007980576,8.152513784522228,7.866748674442421
230,0.3050528449465151,8.230760443676528,7.925707598730013
231,0.45086476754483285,8.09566990889674,7.644805141351907
232,0.5382211249764187,8.240021054918433,7.701799929942014
233,0.1845290241417243,8.287841085040608,8.103312060898883
234,0.24691886795208742,8.12813256210678,7.881213694154693
235,0.49786904781023994,8.216597584912364,7.718728537102124
236,0.20378455094448766,8.287789025698196,8.084004474753709
237,0.38332845089028345,8.212953432196496,7.829624981306212
238,0.40503031812232426,8.065874317176814,7.66084399905449
239,0.5631487214906479,8.17655835552942,7.613409634038772
240,0.3294889336107651,8.125257159258812,7.795768225648047
241,0.4013569311920922,8.18756962221227,7.786212691020177
242,0.3082618646953742,8.171964680058098,7.863702815362724
243,0.3062503861150007,8.14012337219967,7.8338729860846685
244,0.5440608930601983,8.225865919182567,7.681805026122369
245,0.35638444936029584,8.20873104543009,7.852346596069794
246,0.2485669915508758,8.059936638153063,7.811369646602188
247,0.449096400362242,7.9724924203588285,7.523396019996587
248,0.3886526443633992,8.228185942119856,7.839533297756456
249,0.3881794816245222,8.294619940203921,7.906440458579398
250,0.399917003023792,8.190484843568493,7.790567840544701
251,0.51681774361262,8.20261933782066,7.685801594208041
252,0.385299033723365,8.102302747336246,7.717003713612881
253,0.4329948556149521,8.186303231881588,7.753308376266636
254,0.27217925736173815,8.227351741171146,7.955172483809408
255,0.599289962803372,8.181690715568564,7.582400752765192
256,0.32773046884796686,8.2280151362285,7.900284667380533
257,0.22371292705658302,8.207319971240572,7.983607044183989
258,0.5229601304283154,8.272983426291683,7.750023295863367
259,0.5475535484322693,8.191192351149667,7.643638802717398
260,0.18152649017234604,8.044482261256112,7.862955771083766
261,0.5077830836498144,8.29484294175041,7.787059858100596
262,0.3678711640966453,8.218818461636523,7.850947297539878
263,0.22283903529186477,8.470385278668944,8.24754624337708
264,0.4177379868944341,8.02229311304331,7.604555126148875
265,0.34324493488993324,8.119480523761483,7.77623558887155
266,0.4770932178274232,8.137408905521136,7.660315687693712
267,0.38609057902354293,8.190977561024164,7.804886982000621
268,0.36265842360917083,8.405846756416135,8.043188332806965
269,0.3567670813576249,8.13438749567115,7.7776204143135255
270,0.41580032779841275,8.176090075929448,7.760289748131036
271,0.310208267729835,8.140527738812578,7.830319471082743
272,0.3196284110724859,8.123546875577752,7.803918464505266
273,0.22084442505860635,8.214064095138287,7.9932196700796805
274,0.3828140371906386,8.183255466920563,7.800441429729925
275,0.33919694695532776,8.108256413910695,7.769059466955367
276,0.3751372693262692,8.207610292654858,7.832473023328588
277,0.45886703628780867,8.189349125327837,7.730482089040028
278,0.4824922591916721,8.212107319581039,7.729615060389366
279,0.3947147568956295,8.20573811084236,7.81102335394673
280,0.6574218455751515,8.319858610930975,7.662436765355824
281,0.3932918639721754,8.171964001713059,7.778672137740884
282,0.48702038138808595,8.18685165702598,7.6998312756378935
283,0.4566959790152877,8.218431008769176,7.761735029753889
284,0.5767116725609398,8.167756759035893,7.591045086474953
285,0.506270437064661,8.294663520868781,7.78839308380412
286,0.5744418403144723,8.142910758934056,7.568468918619583
287,0.44622916329456075,8.242714032197217,7.796484868902656
288,0.38443797056471823,8.249781615652054,7.865343645087336
289,0.3582754382229795,8.131980976059486,7.7737055378365065
290,0.40906677416360915,8.089582715606213,7.680515941442604
291,0.19197047491092317,8.192760850109082,8.000790375198159
292,0.35685046628718387,8.14782786647336,7.7909774001861765
293,0.487019089456212,8.13040368112121,7.643384591664998
294,0.3746876637186747,8.114251502206615,7.739563838487941
295,0.09132461977252371,8.27186713664063,8.180542516868107
296,0.39148282126384454,8.132502304515624,7.74101948325178
297,0.353176742716977,8.356429262017436,8.003252519300458
298,0.20479428286067045,8.136281151195655,7.931486868334985
299,0.3587132980108394,8.309784816661416,7.951071518650577
300,0.18621779393699775,8.06678608137247,7.880568287435472
301,0.42862453312926,8.175828439555252,7.747203906425992
302,0.3509367277043478,8.138340191647343,7.787403463942995
303,0.26292693505615483,8.115327196615931,7.852400261559777
304,0.30544804064243164,8.249400304378748,7.943952263736316
305,0.2836763910577515,8.235758793184988,7.952082402127237
306,0.26182503855712175,8.398682233825177,8.136857195268055
307,0.4568568538454437,8.196398085984786,7.739541232139342
308,0.2801753663068984,8.122330795813824,7.842155429506925
309,0.3569221292468427,8.146148537550243,7.7892264083034
310,0.4264129723690008,8.008245726937712,7.581832754568712
311,0.40796379863627485,8.195148893613757,7.787185094977482
312,0.324483916304037,8.154980719185565,7.830496802881528
313,0.34422130716507326,8.186352078079471,7.842130770914398
314,0.15733085631547405,8.243189671020845,8.085858814705372
315,0.38425200603337734,8.150850846145458,7.7665988401120805
316,0.6014171175074287,8.176957616337496,7.575540498830068
317,0.37895327932446093,8.242480499653704,7.863527220329243
318,0.3891062678126314,8.046422527403756,7.657316259591124
319,0.4194882003275634,8.187152597958756,7.767664397631192
320,0.3922172236479654,8.144221603305793,7.752004379657827
321,0.3971836122942932,8.203224767435072,7.806041155140779
322,0.20793124913774816,8.139467816279312,7.931536567141564
323,0.2710889365191874,8.046192563619412,7.775103627100225
324,0.46457968351675283,8.279977526444556,7.815397842927803
325,0.25064090972614844,8.232627263960351,7.981986354234203
326,0.4457518126539683,8.266116656036917,7.820364843382949
327,0.431549571148159,8.166794458782093,7.735244887633933
328,0.5628592439779583,8.216356293355165,7.653497049377207
329,0.42896307071179635,8.214782407022014,7.785819336310218
330,0.44603865868545745,8.286014436900167,7.8399757782147095
331,0.3817135597375691,8.184604079097108,7.802890519359539
332,0.28829705147327755,8.20310718344674,7.9148101319734625
333,0.27565922928022646,8.026042571965979,7.750383342685753
334,0.12994789220302072,7.95469261684661,7.8247447246435895
335,0.2645555254121998,8.072958575263977,7.808403049851777
336,0.5243251486054725,8.157978264507788,7.633653115902316
337,0.3799828276653192,8.23300937503016,7.853026547364841
338,0.34276724388893887,8.25847003386107,7.915702789972131
339,0.5290825257204823,8.23323782382813,7.704155298107648
340,0.47424726265105654,8.417990078986964,7.943742816335908
341,0.4043365500104899,8.048717256607011,7.644380706596521
342,0.29690666866886334,8.23410168690198,7.937195018233116
343,0.2782565467622858,8.15418797699179,7.875931430229505
344,0.4480861979518297,8.104067036150187,7.655980838198357
345,0.34872716167493173,8.41605132462824,8.067324162953309
346,0.3206919306725643,8.2121769117716,7.891484981099036
347,0.2975704362776369,8.364886799220997,8.06731636294336
348,0.5385011052813378,8.162506380405379,7.624005275124041
349,0.5173735682111893,8.35563456080034,7.83826099258915
350,0.4326817424696636,8.22919708435425,7.796515341884588
351,0.4883150030498087,8.327572725995909,7.8392577229461
352,0.40387862254212714,8.312296051535562,7.908417428993435
353,0.2762697279344562,8.065350568494825,7.789080840560369
354,0.5389705504796853,8.211906558107454,7.672936007627769
355,0.35530823125144195,8.031808369572888,7.676500138321446
356,0.3914244245966289,8.160353851279305,7.768929426682677
357,0.27563977177013116,8.184245964999505,7.908606193229374
358,0.38496177794271225,8.14431144195058,7.759349664007867
359,0.21770895696280657,8.172252871623837,7.95454391466103
360,0.5419572316011311,8.38185893567517,7.839901704074039
361,0.4560866613537528,8.182861479790484,7.726774818436731
362,0.2327132294664843,8.280555802612536,8.047842573146053
363,0.5610315021489451,8.158990455308622,7.597958953159677
364,0.5246926440048054,8.120844831772764,7.596152187767959
365,0.576124274128927,8.243406574300836,7.66728230017191
366,0.5019824449094377,8.205498560173327,7.70351611526389
367,0.5435833213078713,8.302553029328944,7.758969708021073
368,0.29030682948483993,7.973992879454492,7.683686049969652
369,0.28386879373332435,8.201386455996339,7.917517662263014
370,0.45136617621934805,8.31005959423464,7.858693418015291
371,0.5474006724963442,8.20759399536691,7.660193322870565
372,0.29438782483535497,8.193831695748036,7.899443870912681
373,0.43436238919768294,8.133864044931606,7.699501655733923
374,0.5374638205377958,8.206187338896562,7.6687235183587665
375,0.371734631108364,8.170356478453225,7.798621847344862
376,0.36216769903076235,8.080612555445073,7.718444856414311
377,0.614030286052954,8.177700729490532,7.563670443437577
378,0.334025958437479,8.092201497137856,7.758175538700376
379,0.37065580122501,8.248064926316784,7.877409125091774
380,0.4462589394065343,7.983504606051094,7.5372456666445595
381,0.42750628560312554,8.325193137132985,7.897686851529859
382,0.21862544018926683,8.062589298994505,7.843963858805238
383,0.39343268147999744,8.226083332916932,7.832650651436935
384,0.3087426903527443,8.00984497154236,7.701102281189616
385,0.3572279259924076,8.223731386781232,7.866503460788824
386,0.30640001556775026,8.15858783666717,7.852187821099419
387,0.36671711353884545,8.051909555684162,7.685192442145317
388,0.3970030729758727,8.076922272904888,7.6799191999290155
389,0.4634715393060158,8.19253346050778,7.729061921201764
390,0.38922508358121916,8.255350155316682,7.866125071735463
391,0.3816999485776897,8.155766747383282,7.774066798805593
392,0.4739962823064777,8.246150581282713,7.772154298976235
393,0.3402971711218396,8.21264613980189,7.8723489686800505
394,0.3449916570054796,7.991756716166135,7.646765059160655
395,0.415109060311,8.060950929168639,7.645841868857639
396,0.507995867777461,8.114884446900714,7.606888579123253
397,0.2610417661303322,8.094296459310984,7.833254693180652
398,0.45245397555154504,8.04445096605878,7.591996990507236
399,0.32904333056309837,8.074979047379967,7.745935716816869
400,0.37759095646871993,8.241318473264878,7.863727516796158
401,0.5394032930929439,8.163714603417267,7.624311310324323
402,0.27302262066974126,8.166093735595659,7.893071114925918
403,0.5313577159343904,8.222015134935493,7.690657419001102
404,0.3688337133258732,8.0591337027506,7.690299989424727
405,0.4981723977062606,8.230392140863303,7.732219743157043
406,0.5185744829326253,8.137346820463582,7.618772337530957
407,0.35610960418447396,8.135388792137668,7.779279187953194
408,0.44698003340114434,8.22139732100098,7.774417287599836
409,0.33556658546766505,8.263834122418402,7.928267536950736
410,0.4213275542883121,8.255834646045926,7.834507091757614
411,0.46186633554754697,8.222372197188557,7.76050586164101
412,0.37730920325701833,8.270007059662467,7.892697856405448
413,0.327494777422223,8.255059380395625,7.927564602973402
414,0.4680066034226416,8.175682594764913,7.707675991342271
415,0.44098423048140967,8.271733929019938,7.830749698538528
416,0.3134785057925258,8.089048159681832,7.775569653889306
417,0.48989963447290497,8.35602061460129,7.866120980128385
418,0.23251582665620896,8.184478501475729,7.95196267481952
419,0.28464253190939964,8.10432349487228,7.819680962962881
420,0.34880731629712586,8.223432120903018,7.874624804605892
421,0.40882420607641057,8.245344119207996,7.8365199131315855
422,0.5223589788228586,8.195863333378988,7.673504354556129
423,0.22625046104972768,8.197345314522066,7.971094853472338
424,0.5547646834047724,8.037700440925539,7.4829357575207665
425,0.495868826111587,8.25361792499759,7.757749098886003
426,0.39363361225530275,8.244638218390383,7.85100460613508
427,0.5293867383099305,8.243403982230346,7.7140172439204155
428,0.39249030706136845,8.226735267837059,7.83424496077569
429,0.5355445072676271,8.300227031651357,7.76468252438373
430,0.47651903180010713,8.128809927335366,7.652290895535259
431,0.48712243548236933,8.125381656278812,7.638259220796442
432,0.4873613696458531,8.111859789595975,7.624498419950122
433,0.5162064938655218,8.335010540230394,7.818804046364873
434,0.121901899215013,8.197955628600797,8.076053729385784
435,0.43804353448476585,8.125599537247634,7.687556002762868
436,0.4923277510364942,8.24250268398643,7.750174932949936
437,0.5112028283303779,8.342611612262282,7.831408783931904
438,0.4183771305970609,8.13821458806574,7.719837457468679
439,0.5147945296868068,8.237801514591808,7.723006984905002
440,0.42650429090033987,8.35152090130559,7.925016610405251
441,0.5298753882112573,8.333679082050196,7.803803693838939
442,0.362676172409323,8.231068400981288,7.868392228571965
443,0.4501177710975997,8.234457179316951,7.784339408219352
444,0.4417772232424318,8.16202945768293,7.7202522344404985
445,0.6016757139903125,8.13885585672267,7.537180142732357
446,0.4159231192647447,8.217282895695732,7.801359776430987
447,0.3824716811555028,8.312734321350257,7.930262640194755
448,0.42099244519649404,8.139399182386043,7.718406737189549
449,0.4477669919954034,8.146763272556296,7.698996280560892
450,0.41654313980725005,8.18232919815119,7.765786058343941
451,0.20862848579542104,8.191577675232539,7.982949189437118
452,0.4724750150575236,8.268129903565026,7.795654888507502
453,0.5620715959808731,8.106517923043201,7.544446327062328
454,0.43379838150279937,8.22439154176312,7.790593160260321
455,0.5546853944600016,8.316701130297362,7.762015735837361
456,0.3164534034737914,8.199547218783556,7.883093815309764
457,0.3329855276245459,8.05245508496685,7.719469557342304
458,0.7104019403478224,8.123335194742628,7.412933254394805
459,0.41584563697277555,8.181740205999475,7.765894569026699
460,0.5059937631339886,8.130928532180988,7.624934769047
461,0.3585113851380287,8.196162300284136,7.837650915146107
462,0.5145973569815095,8.25529190352204,7.74069454654053
463,0.36902666089112424,8.250817148290432,7.881790487399308
464,0.3931737978132101,8.27070553930107,7.877531741487861
465,0.19782922478554027,8.080612104339188,7.882782879553648
466,0.4342335741461402,8.136127933105204,7.701894358959064
467,0.506803551376988,8.01599893008042,7.509195378703431
468,0.4988898459596535,8.193839119373967,7.694949273414314
469,0.30468440801239555,8.153274928272706,7.848590520260311
470,0.5146942119619323,8.171465141983893,7.656770930021961
471,0.29528353822685366,8.188431954271017,7.893148416044164
472,0.4252040843894694,8.209569409092175,7.784365324702706
473,0.5201573601923751,8.320373967805384,7.8002166076130095
474,0.3988164921397519,8.226315721502093,7.827499229362341
475,0.2950529069292685,8.096246067349455,7.801193160420186
476,0.37755165662761603,8.192082916002418,7.814531259374802
477,0.450720677216363,8.389383732399626,7.938663055183262
478,0.39009797181831624,8.114945147891325,7.724847176073008
479,0.40801375405987145,8.237937315298204,7.829923561238332
480,0.4728239579240747,8.117017507660483,7.644193549736409
481,0.5444708733918493,8.1905514880773,7.646080614685451
482,0.5655054151403852,8.192483641114457,7.626978225974072
483,0.1865645908681612,8.15271804094315,7.966153450074988
484,0.44739800913240885,8.314877108137805,7.867479099005396
485,0.441331978263597,8.063000646252009,7.621668667988412
486,0.34188683595669,8.32456902379961,7.9826821878429195
487,0.385041399936777,8.231814456411577,7.8467730564748
488,0.42359178196818037,8.140629290224581,7.717037508256401
489,0.19743896100292374,8.278898003167159,8.081459042164235
490,0.47676028252242747,8.292274660598158,7.815514378075731
491,0.5730962119279756,8.144181858151303,7.571085646223327
492,0.44920654648090236,8.324737361720738,7.875530815239835
493,0.47769163120622177,8.060569216536923,7.582877585330701
494,0.45079090045886927,8.083567191758318,7.632776291299448
495,0.4668289511094623,8.22613746263384,7.759308511524377
496,0.6622386019570423,8.309511242274233,7.6472726403171905
497,0.6441653243978375,8.42317419437711,7.779008869979272
498,0.4587235242241067,8.260006280070929,7.801282755846822
499,0.4151709562444817,8.125574142703488,7.710403186459007
500,0.17757494282538047,8.097745522095895,7.920170579270515
501,0.5018163323984213,8.367492681709036,7.865676349310615
502,0.4459589450209113,8.203013091704685,7.757054146683774
503,0.495388054759622,8.226895720297389,7.731507665537767
504,0.28232431383265966,8.129004772001263,7.846680458168604
505,0.2580074482447968,8.047866082292408,7.7898586340476115
506,0.5283069062847533,8.22924865028976,7.700941744005006
507,0.425825460381717,8.13128976950494,7.705464309123223
508,0.3558379466070383,8.248473512557778,7.89263556595074
509,0.49476269029241116,8.14545880054393,7.650696110251518
510,0.35752754689750044,8.166260740131325,7.808733193233824
511,0.46912108155111903,8.233684431733696,7.764563350182577
512,0.3717519971312068,8.262129162207712,7.890377165076505
513,0.5208254624550235,8.177194119070949,7.656368656615925
514,0.2593636937933599,8.272245954062047,8.012882260268688
515,0.4173860269504593,8.241259660224896,7.823873633274437
516,0.15059634404802338,8.176847442108887,8.026251098060863
517,0.3722482511055527,8.140816824460446,7.768568573354893
518,0.5669765122320097,8.176108764797304,7.609132252565294
519,0.4458281886033288,7.999739831255663,7.553911642652334
520,0.2879819080778096,8.437073614842097,8.149091706764288
521,0.326958986162946,8.33078911621926,8.003830130056313
522,0.5207686403735514,8.166006721876649,7.645238081503097
523,0.4839655611186286,8.27028330581506,7.786317744696431
524,0.29947333011926075,8.287791379382476,7.988318049263215
525,0.3371371980270474,8.228513023480497,7.89137582545345
526,0.4325825558673387,8.099081602984745,7.666499047117406
527,0.42552178839426946,8.42882040268353,8.00329861428926
528,0.364458539904752,8.273491080438333,7.909032540533581
529,0.4153908250288901,8.230958618130556,7.815567793101666
530,0.4950749175069904,8.297233388528305,7.802158471021315
531,0.34858755726720597,8.057874689581961,7.709287132314755
532,0.3463866854748742,8.207433911480022,7.861047226005148
533,0.31318939693114023,8.150223542372858,7.837034145441718
534,0.3597749081689578,8.227532253116877,7.867757344947919
535,0.5469702953533417,8.242517505271355,7.695547209918013
536,0.3602708492946054,8.226887851678471,7.866617002383866
537,0.334519207802024,8.173994354682218,7.839475146880194
538,0.19660621157765606,8.233379197319065,8.03677298574141
539,0.3219388685482853,8.173212997185367,7.8512741286370815
540,0.281484649822725,8.140094736575346,7.858610086752621
541,0.3548294874055539,8.199903829964507,7.845074342558953
542,0.5014689037404039,8.183169868685274,7.68170096494487
543,0.3610839449941748,8.127252755417299,7.766168810423124
544,0.41026485851771627,8.312067192429625,7.901802333911909
545,0.5678307144694117,8.316082041594534,7.748251327125122
546,0.4318184880532994,8.15535836783535,7.72353987978205
547,0.4413692774031015,8.217328401704753,7.775959124301652
548,0.5584468831672783,8.094962437977784,7.5365155548105065
549,0.352611532494326,8.15696859229012,7.8043570597957945
550,0.43748773830779436,8.319415189223525,7.881927450915731
551,0.4638780222677282,8.34460038088688,7.880722358619151
552,0.4485122926923364,8.150452098393759,7.701939805701422
553,0.33342107464015774,8.254674875274294,7.921253800634136
554,0.2338448425606753,8.148784496916331,7.914939654355656
555,0.4197421131845998,8.280528257090367,7.860786143905767
556,0.3978848477055212,8.100796874831195,7.702912027125674
557,0.38250602130025385,8.346567116763731,7.964061095463477
558,0.34348142638518636,8.252601054820506,7.909119628435319
559,0.4204535491750023,8.154341638853314,7.733888089678311
560,0.23318960069175998,8.156386354984432,7.923196754292673
561,0.4783320693530017,8.034279839288926,7.5559477699359245
562,0.3024178313301018,8.18478558593276,7.882367754602658
563,0.3954190978486224,8.128554189849863,7.733135092001241
564,0.27939632830653627,8.310159288494566,8.03076296018803
565,0.2940253191923109,8.286864384089746,7.992839064897435
566,0.3248097895641527,8.325507896623403,8.00069810705925
567,0.3672533289429116,8.26514200296656,7.897888674023648
568,0.45595374587647847,7.995257077124294,7.539303331247815
569,0.4819966785051536,8.226681754851999,7.744685076346845
570,0.45421179744408724,8.102622328094073,7.648410530649985
571,0.2180204609321157,8.161133674977114,7.943113214044998
572,0.5640506178890135,8.47661377757484,7.912563159685827
573,0.503652991804362,8.167808798868565,7.664155807064203
574,0.304261061553257,8.246063100197313,7.941802038644056
575,0.4856313012882896,8.28946463562406,7.803833334335771
576,0.5926163498910547,8.394820648709619,7.802204298818564
577,0.3843905363531784,8.187003141750546,7.802612605397368
578,0.3728852191606113,8.156068192971809,7.783182973811197
579,0.37606285354547203,8.133616664081613,7.757553810536141
580,0.2512644654988701,8.176176757158233,7.924912291659362
581,0.15960757579461107,8.136563625503273,7.976956049708662
582,0.4902300800190722,8.270753296330993,7.78052321631192
583,0.25216577269060025,8.133901011584081,7.881735238893481
584,0.22560454794301696,8.296935865701595,8.071331317758577
585,0.14707563874132065,8.169519598967815,8.022443960226495
586,0.2929734893198057,8.268133423215922,7.975159933896116
587,0.27022293657698876,8.088021621099557,7.817798684522568
588,0.4852640493759356,8.233038879507308,7.747774830131373
589,0.4407246054908003,8.185842821889318,7.745118216398518
590,0.3653534192537991,8.135255625402102,7.769902206148303
591,0.46033585809065547,7.992746333238613,7.532410475147958
592,0.3232483449090532,8.117216604180499,7.793968259271446
593,0.4574981702708714,8.261893139922655,7.804394969651784
594,0.3747428474152703,8.260473266654149,7.885730419238879
595,0.3435324488221329,8.127124548079008,7.783592099256875
596,0.44800924271856324,8.12881158234297,7.680802339624406
597,0.43233945045228866,8.166131886461637,7.733792436009348
598,0.5141541563831703,8.251335113906304,7.737180957523134
599,0.3404100800656704,8.264946542815022,7.9245364627493515
600,0.3569491116381168,8.271003076784702,7.914053965146585
601,0.3649117624668526,8.229370756348418,7.864458993881565
602,0.40962635106435835,8.279556850509591,7.869930499445233
603,0.37285920564757313,8.048172380584186,7.675313174936613
604,0.4893973720587123,8.388423526233066,7.899026154174353
605,0.3133911843918665,8.226179690948477,7.912788506556611
606,0.42429232385270393,8.12208223468239,7.697789910829686
607,0.6377388173192905,8.313546514956403,7.675807697637113
608,0.37837888170393574,8.090400919278967,7.71202203757503
609,0.6315507952602879,8.353814081720046,7.722263286459758
610,0.33423507871163616,8.190119676018087,7.855884597306451
611,0.4746734997542346,8.146010843126644,7.67133734337241
612,0.2925094896285109,8.13709926822359,7.844589778595079
613,0.28844389530118103,8.125563554774129,7.837119659472948
614,0.19448413739338938,8.19679883423751,8.00231469684412
615,0.400665615178002,8.156458596438888,7.755792981260886
616,0.42740265962370494,8.23489868744874,7.807496027825036
617,0.3819624212311984,8.341348675222891,7.959386253991693
618,0.4319843259486088,8.267121309304345,7.835136983355737
619,0.2546744155233586,8.073055066498851,7.8183806509754925
620,0.3119489237679899,8.098147513348234,7.786198589580244
621,0.31608574375484594,8.245540792062195,7.929455048307349
622,0.3986050075593115,8.262472325147632,7.863867317588321
623,0.47983588634426494,8.09654981511077,7.616713928766504
624,0.5006818627472396,8.253434193045042,7.7527523302978025
625,0.4252178304560298,8.185625340436907,7.760407509980877
626,0.27767000269382547,8.085436032017736,7.80776602932391
627,0.5037115097729513,8.149775123924362,7.646063614151411
628,0.27910781291924625,8.192004085741377,7.912896272822131
629,0.48772458716585376,8.21739913651379,7.729674549347937
630,0.42466928578211727,8.062171050887619,7.637501765105501
631,0.36415800554360334,8.130064558766408,7.765906553222805
632,0.4311263979829463,8.376319331072247,7.945192933089301
633,0.454660016515015,8.352724413799777,7.898064397284762
634,0.46366430117820207,8.228621211791413,7.764956910613211
635,0.34462415117820405,8.230132032755286,7.885507881577082
636,0.5219700459100024,8.256643894602526,7.734673848692523
637,0.4496836272085703,8.112712038128324,7.663028410919753
638,0.28417707393206765,8.137215476702984,7.853038402770917
639,0.2439248024830752,8.105091213283501,7.8611664108004256
640,0.414072371347678,8.123400533025904,7.7093281616782265
641,0.4329477904196726,8.25282670991261,7.819878919492937
642,0.4430353227451341,8.206882605300237,7.763847282555103
643,0.3121128369535514,8.370615686065843,8.058502849112292
644,0.38274955090444485,8.175308139175382,7.7925585882709365
645,0.41475690868378584,8.258686093267178,7.843929184583392
646,0.3583036181279,8.101330017279942,7.743026399152042
647,0.6182224899409596,8.384500136664016,7.766277646723056
648,0.3436307236817388,8.161517206350474,7.817886482668736
649,0.30365613710571915,8.10481280174095,7.801156664635231
650,0.2725057715932981,8.207491575189824,7.9349858035965255
651,0.2979085785724189,8.086569388094764,7.788660809522345
652,0.3228458751293006,8.026499549342915,7.703653674213615
653,0.5455539432584972,8.192012726751125,7.646458783492628
654,0.38261820456307183,8.234106258150373,7.851488053587301
655,0.5068640326670343,8.38688943762588,7.880025404958846
656,0.4839289433846241,8.237892406119936,7.753963462735312
657,0.3252044910782804,8.278386626336172,7.953182135257891
658,0.24287793316726336,8.173349923806452,7.930471990639188
659,0.31123052590909905,8.04396910416462,7.732738578255521
660,0.49448725745718297,8.101302070366627,7.606814812909444
661,0.4132457348975365,8.118820237312868,7.705574502415331
662,0.46655151417515967,8.104211998264905,7.6376604840897455
663,0.3573053070761673,8.070165082778125,7.712859775701958
664,0.3927553042427573,8.253095166157735,7.860339861914977
665,0.6130055352999308,8.206253468098696,7.593247932798765
666,0.4477371344036095,8.135170370530247,7.687433236126638
667,0.4823121422709237,8.183430778034621,7.701118635763698
668,0.34680243019649365,8.230063492731068,7.883261062534574
669,0.4403481773835455,8.18913860479717,7.748790427413625
670,0.49834857559292794,8.201392014279026,7.703043438686098
671,0.44709705477252226,8.115331218514626,7.668234163742104
672,0.31419385170587893,8.045115197611727,7.730921345905848
673,0.46065338569757275,8.359988426569272,7.8993350408717
674,0.4126105137686751,8.151341290764933,7.738730776996258
675,0.3556761696412364,8.147911639123823,7.792235469482587
676,0.31315074595569053,8.254578646146076,7.941427900190385
677,0.46756091422536,8.23824274292224,7.770681828696881
678,0.5172424015146767,8.08917264180243,7.571930240287752
679,0.36576247070764645,8.333350798178087,7.96758832747044
680,0.41429849361658905,8.319970627985285,7.905672134368696
681,0.5327397806920023,8.321435793175551,7.788696012483549
682,0.4422551781151043,8.220220019055134,7.7779648409400295
683,0.37958448845365433,8.246207002441034,7.86662251398738
684,0.39900177099206985,8.367288008164879,7.968286237172809
685,0.42380422700808124,8.258246398761335,7.8344421717532535
686,0.3176719769444183,8.27077995038259,7.953107973438171
687,0.39277960538968026,8.12351497848785,7.73073537309817
688,0.3219486846863396,8.198079675644344,7.876130990958004
689,0.3565914789723651,8.15397594420462,7.797384465232255
690,0.4488993900674047,8.061530883132592,7.612631493065187
691,0.43292193448317723,8.12666122153864,7.693739287055463
692,0.5570037396273676,8.229078240406153,7.672074500778786
693,0.3545373540704804,8.330773298024996,7.976235943954515
694,0.3494413562422655,8.275046845550893,7.925605489308627
695,0.357091848762487,8.33898249346496,7.981890644702473
696,0.30643433137826936,8.116690144063952,7.810255812685683
697,0.44923727163540855,8.08265989341342,7.633422621778011
698,0.3426780732525292,7.925873627792494,7.583195554539964
699,0.346132182675224,7.966312951824625,7.620180769149401
700,0.6156699066124177,8.108577434059175,7.492907527446757
701,0.6162171594236278,8.044076899634074,7.4278597402104465
702,0.5535865196249758,8.093365949596185,7.539779429971209
703,0.5276507785383446,8.231001213886032,7.703350435347687
704,0.330778089715874,8.135849039759862,7.805070950043987
705,0.39854939211710494,8.218254223243669,7.819704831126564
706,0.4156220123718264,8.261135199275806,7.84551318690398
707,0.233291038981905,8.13807601631959,7.904784977337686
708,0.2525926667626367,8.16772466457423,7.915131997811593
709,0.29237727583428935,8.171066450500614,7.878689174666325
710,0.1920661187397295,8.179084567052762,7.987018448313032
711,0.46198083753165975,8.139594092136123,7.677613254604464
712,0.344987017692627,8.21163028467645,7.866643266983824
713,0.6359214583669083,8.28035352658339,7.6444320682164815
714,0.45486599592597976,8.04847184781999,7.59360585189401
715,0.34274726688508783,8.12884150001143,7.786094233126342
716,0.4114253717006741,8.175274145341218,7.763848773640544
717,0.49737430816074,8.28165442043857,7.7842801122778305
718,0.39087064012868694,7.966034915407416,7.57516427527873
719,0.4995045063864174,8.198080602788956,7.6985760964025385
720,0.25841708254919094,8.130546707767323,7.872129625218132
721,0.363041183987934,8.120170074351874,7.75712889036394
722,0.45535274028155287,8.35315095565731,7.897798215375756
723,0.44102551442507787,8.101603555437281,7.660578041012203
724,0.49605614108398177,8.372006763484075,7.875950622400093
725,0.4186002470785502,8.094573689064294,7.675973441985744
726,0.3154902239645716,8.24132211022431,7.925831886259738
727,0.45987409914963456,8.16259219115646,7.702718092006825
728,0.5132130132301367,8.308294852151786,7.795081838921649
729,0.4526965285862801,8.12859647821901,7.675899949632729
730,0.3050387384377524,8.228121654279986,7.923082915842234
731,0.3577573591397975,8.18312581645352,7.825368457313723
732,0.4574832375524933,8.129822470054943,7.67233923250245
733,0.49161516302696817,8.271437748721677,7.779822585694709
734,0.28616450173286856,8.1174579257899,7.831293424057031
735,0.492212936442412,8.292851859037356,7.800638922594944
736,0.40859845021649355,8.101845837093625,7.693247386877132
737,0.48082724963110124,8.241823106901798,7.7609958572706965
738,0.5158360857256719,8.095357113342576,7.579521027616904
739,0.29711329755834376,8.097563846810223,7.800450549251879
740,0.40658644819527906,8.325874189557322,7.919287741362043
741,0.463235139823084,8.220293581568091,7.7570584417450075
742,0.28847993919252274,8.239657082863578,7.951177143671056
743,0.44567920518166815,8.305084512358661,7.859405307176993
744,0.2860346769915089,8.066418032102439,7.78038335511093
745,0.4662408835290322,8.235477234406462,7.76923635087743
746,0.3071113690243451,8.175692508122795,7.86858113909845
747,0.4254974092321147,8.258292928185078,7.832795518952963
748,0.38280032723763496,8.1875368544368,7.804736527199165
749,0.3856336927463488,8.238333987418844,7.852700294672496
750,0.3992547968211105,8.359412658543791,7.9601578617226805
751,0.5042072072998917,8.108236081784117,7.604028874484225
752,0.2257503082272929,8.219385416902337,7.993635108675044
753,0.4306550616257304,8.217169395964815,7.786514334339085
754,0.40173348068340653,8.150388614119205,7.748655133435799
755,0.4509784637791699,8.086949912832374,7.635971449053204
756,0.3064820935488855,8.209568614564883,7.9030865210159975
757,0.42807236507569785,8.2917944640614,7.863722098985702
758,0.4796842784138798,8.353668448177958,7.873984169764078
759,0.37700457202179755,8.29354892591103,7.9165443538892335
760,0.3699904695310353,8.275807411027039,7.905816941496004
761,0.3013316770788285,8.139830957364728,7.838499280285899
762,0.3902630520101762,8.251354414534289,7.861091362524112
763,0.2587666182345752,8.168150983584296,7.9093843653497204
764,0.5107180430108512,8.234861382527999,7.7241433395171475
765,0.43674521775175856,8.215159168964062,7.778413951212304
766,0.3089891995361601,8.21600882284758,7.90701962331142
767,0.36956082256806494,8.13931237924899,7.769751556680925
768,0.5173785491963622,8.245744335497552,7.72836578630119
769,0.45661747959835575,8.286599506549607,7.829982026951251
770,0.21409388029312576,8.292907479527296,8.07881359923417
771,0.6342692374100014,8.285220517638832,7.65095128022883
772,0.34465284921079425,8.200707685175393,7.856054835964599
773,0.5098735902528954,8.233793017656406,7.723919427403511
774,0.5591628065548315,8.249792373008763,7.690629566453931
775,0.3578939893743196,8.055067085920015,7.697173096545695
776,0.26816582821511686,8.148560334729016,7.880394506513899
777,0.26652708322394825,8.240777916946707,7.974250833722758
778,0.4613219676755966,8.272469257535505,7.811147289859909
779,0.3096041000619345,8.082685520035318,7.7730814199733835
780,0.33941632592569476,8.206947176934106,7.867530851008412
781,0.42585377798496166,8.155924985427438,7.730071207442476
782,0.4376413628426443,8.136891563485824,7.6992502006431796
783,0.23128484662131363,8.163614150522374,7.93232930390106
784,0.500785499395807,8.282220522130542,7.781435022734735
785,0.5331630462075448,8.370316557871242,7.837153511663697
786,0.3580478652117497,8.3296417262241,7.971593861012351
787,0.35921000590313346,8.166023484149209,7.806813478246076
788,0.19192822629913842,8.018750202201653,7.826821975902515
789,0.31513805529481653,8.233033023169243,7.917894967874426
790,0.2366985312266036,8.054206473311046,7.817507942084442
791,0.3667271682113995,8.15559838735774,7.7888712191463405
792,0.4248088747769454,8.05712751532004,7.632318640543095
793,0.4129465723692226,8.096722420185953,7.68377584781673
794,0.32802170754815846,8.2177100450526,7.889688337504442
795,0.6180291879021937,8.330075143072683,7.71204595517049
796,0.25394185928819085,8.065959599389501,7.81201774010131
797,0.40483328194437135,8.1864779238192,7.78164464187483
798,0.3429268827367297,8.180626754302256,7.837699871565527
799,0.41256844435133727,8.252289534191426,7.839721089840089
800,0.20062256182559704,8.301329772109765,8.100707210284169
801,0.45662954210260415,8.32071797793384,7.864088435831237
802,0.5388213280161487,8.29924351651487,7.760422188498722
803,0.6761733517670367,8.221386936099616,7.545213584332579
804,0.2418700149533679,8.141162858145172,7.899292843191804
805,0.39469674422966783,8.181694659724823,7.786997915495155
806,0.3658538085566531,8.200182505735803,7.83432869717915
807,0.39555823195076917,8.15531832496431,7.759760093013542
808,0.5865962611938214,8.158554053440113,7.571957792246292
809,0.5635033510993671,8.249536122789458,7.6860327716900905
810,0.3744375920190698,8.332562876169067,7.958125284149998
811,0.4544921063420971,8.179157860235161,7.724665753893064
812,0.410213417739674,8.188813607395245,7.778600189655571
813,0.3540734064281745,8.238532744685283,7.884459338257109
814,0.4326653510462113,8.42524123724985,7.992575886203639
815,0.1240662989957994,8.117904395209749,7.993838096213949
816,0.3138737418218037,8.331719926679561,8.017846184857758
817,0.4331534482646435,8.055854069021871,7.622700620757227
818,0.3892599654884061,8.201401917724686,7.8121419522362805
819,0.3705460190475847,8.09433186514774,7.723785846100156
820,0.4250485324368492,8.187827610636104,7.762779078199254
821,0.35307909938020815,8.136724324986334,7.783645225606126
822,0.33609062953165236,8.40894738159118,8.072856752059527
823,0.4386107052376802,8.12290102229219,7.68429031705451
824,0.33224260560403635,8.191777946581391,7.859535340977355
825,0.37199389828527935,8.338141281846179,7.966147383560899
826,0.3104118037258811,8.203058810704977,7.892647006979097
827,0.4979498797266736,8.059029946193654,7.56108006646698
828,0.44343669824024623,8.21356393259715,7.770127234356904
829,0.43695648973171247,8.270317438914871,7.833360949183159
830,0.6359468472698078,8.35238956844387,7.7164427211740625
831,0.38856812091698884,8.187358812951114,7.7987906920341254
832,0.3789589013715878,8.165976827064673,7.787017925693085
833,0.5949771628412369,8.182568622862307,7.587591460021071
834,0.463592230366431,8.286725831886592,7.823133601520161
835,0.42767589515486426,8.181998879948827,7.754322984793962
836,0.36855126081046236,8.149192036566609,7.780640775756146
837,0.4865471296464216,8.243894312833401,7.75734718318698
838,0.3098548872340688,8.06134344722916,7.7514885599950905
839,0.507972955030483,8.157985884088076,7.650012929057593
840,0.31156526122895206,8.223515921731506,7.911950660502554
841,0.3779518357447016,8.083520791341428,7.705568955596727
842,0.4267677056182211,8.187574773808398,7.760807068190177
843,0.4490408426175659,8.236688207987225,7.787647365369659
844,0.339807119247887,8.142166120516105,7.8023590012682185
845,0.22957297431000742,8.17086132690918,7.941288352599172
846,0.3714933124812442,8.08777076526621,7.716277452784966
847,0.4107866060355748,8.082542031451032,7.671755425415458
848,0.2128001503043592,8.200014708088974,7.987214557784615
849,0.3472291406277864,8.26023773890577,7.913008598277984
850,0.30412628759926996,8.213379451748512,7.909253164149242
851,0.38489098398465865,8.078457369899036,7.6935663859143775
852,0.4638606343570855,8.111898020423444,7.648037386066359
853,0.39077969857084827,8.15811951690555,7.767339818334702
854,0.1468679682525094,8.202289724777854,8.055421756525345
855,0.3970464755297977,7.993748933571104,7.596702458041307
856,0.5091882603832114,8.322740814064415,7.813552553681204
857,0.14596933087419958,8.112358651778305,7.9663893209041055
858,0.4650130681960781,8.182190058229303,7.7171769900332245
859,0.3294835766698466,8.195280346356801,7.865796769686955
860,0.5954927065663251,8.161004118906995,7.565511412340669
861,0.46072175259241555,8.312926535629707,7.852204783037291
862,0.5170936995814023,8.187492000451478,7.670398300870075
863,0.49670606690374697,8.209780564685659,7.7130744977819115
864,0.4298318848944011,8.30357201616774,7.873740131273339
865,0.30935251777361233,8.19416615780985,7.884813640036238
866,0.42291252374049876,8.09349746118611,7.670584937445612
867,0.4306030077354323,8.249406072518724,7.818803064783292
868,0.4086128534444753,8.195793844927879,7.787180991483403
869,0.4134957730245599,8.171965839068251,7.758470066043691
870,0.5548479896174262,8.185979985530517,7.631131995913091
871,0.41163488489935657,8.248055789659189,7.836420904759832
872,0.24251449440415807,7.9798485440168925,7.737334049612734
873,0.37658995472764856,8.262703162985984,7.886113208258335
874,0.615691692835076,8.259497606765308,7.6438059139302315
875,0.5103960328840502,8.315452263203605,7.805056230319555
876,0.3814289130831366,8.240683821943682,7.859254908860545
877,0.42872463931697724,8.159257485208354,7.730532845891377
878,0.49249186290706676,8.058468901292054,7.565977038384987
879,0.35774950908244313,8.191905264725518,7.834155755643075
880,0.3251045920226234,8.174337957655343,7.84923336563272
881,0.4445193627134044,8.211528521727208,7.767009159013804
882,0.4486791417970901,8.274668583953693,7.825989442156603
883,0.4657049059254988,8.14430916788244,7.6786042619569415
884,0.5343652929343137,8.063356525252459,7.528991232318146
885,0.440865784025492,8.113084720244782,7.67221893621929
886,0.4621580587405407,8.13485406498465,7.6726960062441085
887,0.4505500993635665,8.346835042558165,7.896284943194599
888,0.40394635555594177,8.274461811816032,7.87051545626009
889,0.0655343786693679,8.11760178896246,8.052067410293093
890,0.39956529042234995,8.24185292782862,7.842287637406271
891,0.434986079964686,8.142579970579765,7.70759389061508
892,0.4420164271012368,8.275279141226473,7.833262714125237
893,0.3864179241040873,8.215315137850656,7.828897213746568
894,0.42672741740158443,8.169892143581679,7.743164726180095
895,0.4026608384455148,8.132337638230814,7.729676799785299
896,0.2241646371416102,8.24963391567962,8.02546927853801
897,0.3270399412996566,8.290697855486885,7.963657914187228
898,0.3246660466223032,8.171209298704683,7.84654325208238
899,0.4239296627029347,8.194965098221381,7.7710354355184466
900,0.42063222529230027,8.173752681992644,7.753120456700344
901,0.4311210865914605,8.204616713463365,7.773495626871904
902,0.2834862692031537,8.297406749035835,8.01392047983268
903,0.4891644953144872,8.189116744589304,7.699952249274817
904,0.44141418616502615,8.195282098439433,7.753867912274407
905,0.3576394043850178,8.149714618709211,7.792075214324194
906,0.4131472863983668,8.219609046579906,7.80646176018154
907,0.21098799873439178,8.121761062878269,7.910773064143878
908,0.3763327161890952,8.165980135646738,7.789647419457642
909,0.3722242025995962,8.232894730879963,7.860670528280367
910,0.43115446594371115,8.339195823418594,7.9080413574748825
911,0.28705962438551347,8.137460614657247,7.8504009902717335
912,0.1824732009851371,8.204272536893548,8.02179933590841
913,0.5005311581571242,8.149906407999824,7.6493752498426995
914,0.2597740385742526,8.204594771707228,7.944820733132976
915,0.580103019040552,8.312971687332038,7.732868668291486
916,0.317406438685179,8.242419664680217,7.925013225995038
917,0.3558931535260724,8.248435660343096,7.892542506817024
918,0.38516549464101546,8.238348605137022,7.853183110496007
919,0.3631525089502425,8.205465881430717,7.842313372480475
920,0.37908966914861864,8.087186547859336,7.708096878710717
921,0.4385170150128596,8.140818580766,7.702301565753141
922,0.46021998548482,8.25489579442646,7.79467580894164
923,0.47384989334510286,8.181339531609575,7.707489638264472
924,0.3624191053264197,8.256071316980295,7.893652211653875
925,0.3706677685351618,8.229921354575334,7.859253586040172
926,0.4086014011877376,8.196002918883496,7.787401517695758
927,0.45193009776959586,8.28033918106133,7.828409083291733
928,0.36704747542497773,8.177334397523037,7.810286922098059
929,0.5760075123039874,8.236476635907753,7.660469123603765
930,0.33164975389737533,8.313472043839601,7.981822289942226
931,0.4530571452398776,8.187779042080692,7.7347218968408145
932,0.4734130337018705,8.121987355669473,7.648574321967603
933,0.5342909165536632,8.238046728804276,7.703755812250613
934,0.47653527225507025,8.269084629782123,7.792549357527053
935,0.3903885790473805,8.331860132924527,7.941471553877147
936,0.6054873477820556,8.122579719535647,7.517092371753591
937,0.4996807949894221,8.261116335964708,7.7614355409752855
938,0.42324797531362834,8.044647550989698,7.62139957567607
939,0.3636216003587975,8.323256492405552,7.959634892046754
940,0.34662066299585154,8.067517971395054,7.720897308399202
941,0.41035760419698214,8.147350763398435,7.736993159201453
942,0.24218539911460596,8.303478116200456,8.06129271708585
943,0.48831677826655173,8.281224555869482,7.79290777760293
944,0.41658455144458983,8.268150685500398,7.851566134055808
945,0.3067699580232419,8.309346334281825,8.002576376258583
946,0.5538479923741655,8.233448196678104,7.679600204303939
947,0.3667106955804991,8.135368455144798,7.768657759564299
948,0.4055975328764701,8.275457669202318,7.869860136325848
949,0.2239305831733371,8.251672260051354,8.027741676878017
950,0.33189940622626757,8.095875238942627,7.763975832716359
951,0.45674243589515306,8.28004027746781,7.823297841572657
952,0.30327852380132864,8.088587286582959,7.78530876278163
953,0.33798043124824706,8.185993335390679,7.848012904142432
954,0.3651126372475485,8.26606178060411,7.900949143356561
955,0.3017457701833828,8.26818152225703,7.966435752073648
956,0.3507810848439179,8.194095213712417,7.843314128868499
957,0.3991571939411393,8.254291181600177,7.855133987659038
958,0.6783410541471939,8.20905810656255,7.530717052415356
959,0.4120924765782259,8.298732752525614,7.886640275947388
960,0.17489687481678773,8.236369735045333,8.061472860228545
961,0.37932540686946703,8.1444377357545,7.765112328885034
962,0.3927418961069822,8.20916139930311,7.816419503196127
963,0.3775578006711875,8.120350520983813,7.742792720312625
964,0.5855480250408537,8.198395482582168,7.612847457541314
965,0.39730261633668,8.2119388800296,7.814636263692919
966,0.468628017993841,8.160358793056343,7.691730775062502
967,0.5049963735921712,8.186217903087687,7.681221529495517
968,0.2018633276643729,8.254348934378976,8.052485606714603
969,0.07843195295656816,8.206532449315313,8.128100496358744
970,0.41754374437227937,8.354315444334803,7.936771699962524
971,0.32534018849176854,8.152474186114794,7.827133997623026
972,0.21090202802284327,8.046178670814315,7.835276642791472
973,0.29413235589890746,8.196390987118004,7.902258631219097
974,0.357029199038203,8.140951703091966,7.783922504053764
975,0.3830181214454565,8.303546444143548,7.920528322698091
976,0.45824985246156225,8.259045043266132,7.80079519080457
977,0.43764849569199726,8.082152289675442,7.644503793983445
978,0.44524465081738257,8.052605499788049,7.607360848970666
979,0.49237044677672304,8.27521383426854,7.782843387491816
980,0.3813895596659793,8.196290959622687,7.814901399956707
981,0.4401165426360369,8.29489766357461,7.854781120938572
982,0.3405326086742392,8.21319983594293,7.872667227268691
983,0.3837448380330953,8.189687538219088,7.805942700185993
984,0.4275442584508011,8.11378026553245,7.686236007081648
985,0.29513705669255236,8.154093801030593,7.85895674433804
986,0.3909922978159719,8.163098325156932,7.772106027340961
987,0.3935760379271316,8.299561100963803,7.905985063036672
988,0.37140052737448537,8.255362398168653,7.8839618707941685
989,0.29682590423045424,8.152597190023346,7.855771285792892
990,0.25488667261167813,8.037872251726586,7.782985579114908
991,0.4343849642869375,8.264537831251866,7.830152866964928
992,0.08862520295545354,8.194806471195548,8.106181268240094
993,0.5621526152242554,8.335441127278532,7.773288512054276
994,0.5062179515900325,8.22192411303398,7.715706161443947
995,0.2810236681621912,8.109043318694598,7.828019650532406
996,0.3323964626986966,8.150034189865877,7.817637727167181
997,0.41229239235574744,8.267334812105679,7.855042419749931
998,0.6049345798901055,8.234760011509836,7.6298254316197305
999,0.4536181197043018,8.407580643330844,7.953962523626542
1000,0.40212850126843624,8.092299792870236,7.6901712916018
1001,0.5693582227548477,8.327179808387468,7.7578215856326205
1002,0.3333205096525985,8.18172915658331,7.848408646930712
1003,0.4950156261593681,8.322102652566086,7.827087026406717
1004,0.4604033111439378,8.095489802886028,7.635086491742091
1005,0.5498534407220304,8.167436303840061,7.617582863118031
1006,0.28575408095593835,8.225168445911873,7.939414364955934
1007,0.5779717805540424,8.115276623458042,7.537304842904
1008,0.4545157055235076,8.278418457499747,7.823902751976239
1009,0.28281576857101703,8.142423545353358,7.859607776782341
1010,0.4407359758454754,8.221977417634127,7.7812414417886515
1011,0.24242058034981823,8.173025618910453,7.930605038560635
1012,0.1869493364359341,8.159560416899179,7.972611080463245
1013,0.32406838269543364,8.302342881468006,7.9782744987725716
1014,0.6601535217536404,8.370489938559295,7.710336416805655
1015,0.45370086422893074,8.167729056896027,7.714028192667096
1016,0.4714693696996388,8.211234949297097,7.739765579597458
1017,0.22814692398308517,8.151666156969386,7.9235192329863
1018,0.490512574070541,8.233561993682017,7.743049419611475
1019,0.3964855113201045,8.122281434852717,7.725795923532612
1020,0.4632881829502852,8.029175875747153,7.565887692796868
1021,0.611072241694106,8.272089503621542,7.661017261927436
1022,0.36929088106230973,8.219754107471916,7.850463226409606
1023,0.2548981389845694,8.1698333880701,7.91493524908553
1024,0.5778112872877158,8.110727693086451,7.532916405798735
1025,0.4337304517699038,8.151917733529354,7.71818728175945
1026,0.32964503940861095,8.125978895023051,7.79633385561444
1027,0.3336935520938328,8.246721479546215,7.913027927452382
1028,0.3891795981038549,8.227953318742568,7.838773720638713
1029,0.5008457635781471,8.255174894946194,7.7543291313680465
1030,0.21822037173700323,8.077598751803732,7.859378380066729
1031,0.3411901377372304,8.078952081975341,7.737761944238111
1032,0.10686040097524029,8.082765364143807,7.975904963168567
1033,0.4477009568624275,8.267156778499874,7.819455821637447
1034,0.44689498682023293,8.171054081645478,7.724159094825245
1035,0.45309839845252253,8.122015400052717,7.668917001600195
1036,0.19213715451023153,8.122369365322298,7.930232210812066
1037,0.5652364226007103,8.275583167882463,7.710346745281752
1038,0.5876015653111114,8.118701834995456,7.5311002696843445
1039,0.43747115824175187,8.235813928336444,7.798342770094693
1040,0.43215404144062064,8.156290893265378,7.724136851824758
1041,0.27819481827055276,8.142049062770406,7.863854244499853
1042,0.5631239972490573,8.240157926074415,7.677033928825358
1043,0.4799205729132453,8.117147903641342,7.637227330728097
1044,0.41315854695523385,8.217530608631364,7.80437206167613
1045,0.42855980283583756,8.314533296254973,7.885973493419136
1046,0.4896893815775681,8.178783413545482,7.6890940319679135
1047,0.36604803183898277,8.234383739811236,7.8683357079722525
1048,0.39322570145118346,8.148534832298468,7.755309130847285
1049,0.4649716767422991,8.112305559513711,7.647333882771412
1050,0.3021833846947861,8.263511306428052,7.961327921733266
1051,0.34229830220369517,8.022847848241012,7.680549546037317
1052,0.47985506197502487,8.156274214962353,7.676419152987329
1053,0.48433694035441527,8.294202726326061,7.809865785971645
1054,0.45106070161264794,8.33061094505242,7.879550243439772
1055,0.5329515780229691,8.130823657734812,7.597872079711843
1056,0.591312811687966,8.183405224336576,7.5920924126486105
1057,0.3726560455775138,8.14589292875402,7.773236883176506
1058,0.5656712664155161,8.24126186604744,7.675590599631923
1059,0.25482591425686485,8.043676385297266,7.7888504710404005
1060,0.3928893999077202,8.392517104329334,7.999627704421614
1061,0.5874090368641351,8.41983886307751,7.832429826213375
1062,0.3901818059165714,8.113256073439956,7.723074267523384
1063,0.2743272009188822,8.236459042078826,7.962131841159944
1064,0.32793158579683657,8.125035927360965,7.797104341564129
1065,0.6294477840737238,8.186074834255656,7.556627050181932
1066,0.5533726312237369,8.233151247747323,7.679778616523586
1067,0.18226117756934504,8.250738571883385,8.06847739431404
1068,0.4362445239483375,8.08566293639924,7.649418412450903
1069,0.27710451852241624,8.212702350394297,7.93559783187188
1070,0.23307903283550688,8.155268022432745,7.922188989597238
1071,0.36004509589572753,8.256668641831318,7.896623545935591
1072,0.4574585835811826,8.303348657804404,7.845890074223222
1073,0.36171855385983276,8.10701168736476,7.745293133504928
1074,0.5751310684258426,8.23945208026827,7.664321011842428
1075,0.5576166516049665,8.362770263587036,7.805153611982069
1076,0.3609128341620476,8.117521713939828,7.75660887977778
1077,0.390831150335121,8.251731314958835,7.860900164623715
1078,0.4162189723350834,8.195402312691623,7.77918334035654
1079,0.15788189070731273,8.134514189634839,7.976632298927526
1080,0.4672860361718689,8.208225068113514,7.740939031941645
1081,0.4700617357809845,8.13574400622818,7.665682270447195
1082,0.3646894257898492,8.279131951370054,7.914442525580205
1083,0.4875111396538843,8.227872419800534,7.740361280146649
1084,0.37147706274410014,8.089028947337805,7.717551884593705
1085,0.40275681958240517,8.117938893599204,7.7151820740167985
1086,0.3533370300699673,8.20898402624366,7.855646996173693
1087,0.3724572414008599,8.109344905229245,7.7368876638283846
1088,0.45895536507492735,8.199945161107829,7.740989796032902
1089,0.572475978874321,8.182581207239375,7.610105228365054
1090,0.3101375200833075,8.24278158600436,7.932644065921053
1091,0.39523895914336066,8.220660478611894,7.8254215194685335
1092,0.49836771912907013,8.238555463927696,7.740187744798626
1093,0.453204186638556,8.10854201358226,7.655337826943705
1094,0.4387716598039034,8.193484669963881,7.754713010159978
1095,0.21786175655027618,8.186433688346014,7.968571931795738
1096,0.3374399727992317,8.047787358673906,7.710347385874674
1097,0.45714073555596824,8.157616646247957,7.700475910691989
1098,0.3851017873219448,8.222251418199788,7.8371496308778426
1099,0.6060215048806925,8.236516931953542,7.63049542707285
1100,0.2915227154265439,8.091555375205882,7.800032659779338
1101,0.39087181987231423,8.090140781232892,7.699268961360577
1102,0.3391773545112801,8.107208588584312,7.768031234073032
1103,0.40682858164686975,8.241108577513078,7.834279995866208
1104,0.18122001921744638,8.105348372417414,7.924128353199968
1105,0.42154620248713975,8.143656581220862,7.7221103787337215
1106,0.3856750373453562,8.145521506522785,7.759846469177429
1107,0.57825142766512,8.098956578363586,7.520705150698466
1108,0.39419598091508673,8.2127384532622,7.818542472347112
1109,0.3525824386560309,8.118470634987212,7.765888196331181
1110,0.3116636696142054,8.185457740868914,7.873794071254709
1111,0.42843481591181415,8.156724095694614,7.7282892797828
1112,0.49101026495845784,8.282928686789102,7.791918421830644
1113,0.46314181406382204,8.383115668106448,7.9199738540426265
1114,0.3301837724390072,8.09071343433131,7.760529661892303
1115,0.34392766289747756,8.064030610418307,7.72010294752083
1116,0.33991786296712234,8.07375076408055,7.733832901113428
1117,0.3290068248428934,8.216050500325306,7.8870436754824125
1118,0.3598778570907107,8.181920046413053,7.822042189322342
1119,0.5293547401229464,8.396975615608952,7.867620875486005
1120,0.3890480783835652,8.204096347554826,7.81504826917126
1121,0.2647192651914073,8.129703843083549,7.864984577892142
1122,0.418276440972093,8.41750529739442,7.999228856422327
1123,0.3666815875722233,8.115145806895802,7.748464219323578
1124,0.5000851189789336,8.295689521083489,7.795604402104555
1125,0.3757407505484717,8.285232512437851,7.909491761889379
1126,0.4434322360318053,8.179877736508487,7.736445500476682
1127,0.35624231397184425,8.251809333433318,7.895567019461474
1128,0.42567886257975074,8.186318043003602,7.760639180423851
1129,0.44062508919968496,8.06840342545338,7.627778336253694
1130,0.452325135026746,8.073732882154639,7.6214077471278925
1131,0.33702301091163434,8.206462545565955,7.869439534654321
1132,0.4399987122756413,8.105288257506187,7.665289545230546
1133,0.6052945779102734,8.210349021447248,7.605054443536975
1134,0.4535766666530347,8.269901887069471,7.816325220416436
1135,0.32333788160040117,8.303165136174602,7.979827254574201
1136,0.5304543714981073,8.29376907488177,7.763314703383662
1137,0.36928386258875023,8.126143165942345,7.756859303353595
1138,0.5522099990849951,8.238929995401271,7.686719996316276
1139,0.6264331775623693,8.255598237972787,7.629165060410418
1140,0.11291110102623332,8.052338858100766,7.939427757074533
1141,0.4594051567975493,8.256125366235759,7.7967202094382095
1142,0.2844131529196586,8.282073592066952,7.997660439147293
1143,0.4981429425163859,8.202746405225593,7.704603462709207
1144,0.36256570178992265,8.080585600877422,7.7180198990874995
1145,0.24230587354160185,8.209732885006495,7.967427011464894
1146,0.3253397184394176,8.08147113345688,7.756131415017462
1147,0.5151733797690783,8.092171847825684,7.576998468056606
1148,0.37493426995018864,8.174301615963293,7.799367346013104
1149,0.3876055412824894,8.14607839752226,7.75847285623977
1150,0.44527079255177443,8.16480161529919,7.719530822747416
1151,0.2791092446676781,8.289206005588536,8.010096760920858
1152,0.28354174875245325,8.19081267233495,7.907270923582496
1153,0.42976073019231414,8.170263148903107,7.7405024187107925
1154,0.37367354992540636,8.063569772295109,7.689896222369702
1155,0.5610815413669052,8.361559649749237,7.8004781083823325
1156,0.5185958076963054,8.202403191094856,7.68380738339855
1157,0.5115148972302852,8.240855936214414,7.7293410389841295
1158,0.39303127570054,8.217443628475628,7.824412352775088
1159,0.3704096432205559,8.140844141933059,7.770434498712502
1160,0.38622905871826996,8.190112661547634,7.803883602829364
1161,0.2842882289207549,8.293113424513198,8.008825195592443
1162,0.33732361592665827,8.266566028912168,7.929242412985509
1163,0.4417499138070009,8.159275094158424,7.717525180351423
1164,0.385579537318739,8.19894426969132,7.813364732372582
1165,0.518236391069225,8.0531451777387,7.534908786669476
1166,0.13205093866110704,8.166005898440739,8.033954959779631
1167,0.194204897374918,8.092798623186617,7.898593725811699
1168,0.3395722586939013,8.13604844557329,7.7964761868793895
1169,0.5011497583818747,8.326499854681877,7.825350096300003
1170,0.21625898844079078,8.100962013473847,7.8847030250330565
1171,0.34566296983042577,8.158602881680482,7.812939911850056
1172,0.3843683422960747,8.18617492546389,7.801806583167815
1173,0.23809784819053997,8.169734469689528,7.931636621498988
1174,0.3930375772171488,8.183661242653875,7.790623665436726
1175,0.43276643289587474,8.159577117851443,7.726810684955568
1176,0.5577948798000119,8.14379939764454,7.586004517844529
1177,0.4274274586472081,8.119584128768532,7.6921566701213235
1178,0.11615571441441289,8.104335013135646,7.988179298721233
1179,0.48346780204395123,8.350160753648769,7.866692951604818
1180,0.6607544571328471,8.112256002562097,7.45150154542925
1181,0.4883357099064983,8.164374401369345,7.676038691462847
1182,0.5323283678046632,8.343692176717923,7.81136380891326
1183,0.32141895863963543,7.982486682787825,7.6610677241481895
1184,0.3724116342730742,8.168699159581728,7.796287525308653
1185,0.21165958790648887,8.162914624433105,7.951255036526616
1186,0.4130145294196783,8.286865320053678,7.873850790634
1187,0.4753331426846021,8.196245785569038,7.720912642884437
1188,0.32246048910016223,8.201700708250454,7.879240219150292
1189,0.4249882316316662,8.053258253402214,7.628270021770549
1190,0.4174918736972693,8.29729102761499,7.8797991539177215
1191,0.4002412482510169,8.294806785311073,7.894565537060055
1192,0.4441568367357187,8.30506399805494,7.860907161319222
1193,0.3278400839479495,8.262682583007368,7.934842499059419
1194,0.2800171268100833,8.18090999982179,7.900892873011706
1195,0.3090265984796053,8.048597606305172,7.739571007825567
1196,0.5051318443292235,8.275398053267516,7.770266208938292
1197,0.29706334695216535,8.175634455514158,7.878571108561993
1198,0.4339337163307042,8.099906208675735,7.6659724923450305
1199,0.42793311589859123,8.141176779558029,7.713243663659437
1200,0.4771867558061053,8.13785042500994,7.660663669203835
1201,0.2412786424599143,8.171631084600119,7.9303524421402045
1202,0.36232830348902895,8.219870003829431,7.857541700340402
1203,0.44699182756281725,8.37794128437778,7.930949456814963
1204,0.5344754418220915,8.211930833854222,7.6774553920321305
1205,0.4283028310835826,8.216733000751558,7.788430169667976
1206,0.39620702072986314,8.272739381333869,7.876532360604006
1207,0.3092824783357273,8.332408804457284,8.023126326121556
1208,0.24005370097353382,8.158410487043326,7.9183567860697925
1209,0.34699148873610286,8.301205636710245,7.954214147974142
1210,0.3524875979129345,8.173380138678565,7.820892540765631
1211,0.36869387788485597,7.958993012790767,7.590299134905911
1212,0.3562112001424724,8.210336616710896,7.854125416568423
1213,0.34798425009189793,8.282446723264993,7.934462473173095
1214,0.24156971123060444,8.104926987213924,7.8633572759833195
1215,0.31590183359571083,8.257996566298603,7.942094732702892
1216,0.3493555090566797,8.226579846547873,7.877224337491193
1217,0.2975762679840446,8.320111888826489,8.022535620842444
1218,0.43088531219025517,8.28616139851371,7.855276086323456
1219,0.291425025589886,8.247661110860568,7.956236085270682
1220,0.5821080130677917,8.243233906453673,7.661125893385881
1221,0.18405647956441418,8.098610111295368,7.914553631730954
1222,0.21842371710621264,8.099871807159078,7.881448090052865
1223,0.37699784899257544,8.356263586199246,7.979265737206671
1224,0.43542593773279514,8.195244050332951,7.759818112600156
1225,0.533148586753737,8.278468035182069,7.745319448428332
1226,0.48172971382379887,8.185880754076154,7.704151040252355
1227,0.5343964260217988,8.226183438017474,7.691787011995675
1228,0.3685422203885609,8.247579624279599,7.879037403891038
1229,0.2910297972065765,8.198220980145914,7.9071911829393375
1230,0.6260499133022837,8.27122207098547,7.645172157683186
1231,0.4509552730293286,8.320068864465544,7.869113591436215
1232,0.2714576213661772,8.222466852043322,7.951009230677145
1233,0.41489505248131253,8.206918642216776,7.7920235897354635
1234,0.277571551277249,8.233467432265506,7.955895880988257
1235,0.323207862488145,8.11482332422069,7.791615461732546
1236,0.19739543017168945,8.401386707778912,8.203991277607223
1237,0.6184902983342592,8.28023868423667,7.661748385902411
1238,0.523671879355803,8.229543275305481,7.7058713959496785
1239,0.6098539852677277,8.279569835934886,7.669715850667158
1240,0.45565417764237526,8.344445081093909,7.888790903451533
1241,0.3441657469259918,8.236979883517135,7.892814136591143
1242,0.451376917015734,8.063893426197899,7.612516509182164
1243,0.4550532943535185,8.104820439909002,7.649767145555483
1244,0.40154206305886825,8.25081961274452,7.8492775496856515
1245,0.3982402138259089,8.133372096172936,7.7351318823470265
1246,0.4988766996514573,8.284885207131527,7.786008507480069
1247,0.45591517474544085,8.35025265944547,7.89433748470003
1248,0.49851842644792327,8.09925266643287,7.600734239984947
1249,0.48746454287321883,8.177699954082028,7.69023541120881
1250,0.05802990442591504,8.165271531820974,8.107241627395059
1251,0.40465495684753605,8.278162767184051,7.873507810336515
1252,0.3867437507075168,8.242805977918277,7.85606222721076
1253,0.3971929423921935,8.01303260507062,7.615839662678427
1254,0.31581454241919776,8.241232285263695,7.925417742844497
1255,0.2436386787592907,7.992560337726214,7.748921658966924
1256,0.45492692993198475,8.246108433472072,7.791181503540087
1257,0.6380299288367194,8.06809127101858,7.430061342181862
1258,0.3939506806536423,8.242702366511628,7.8487516858579855
1259,0.4450322973792962,8.254453522071481,7.809421224692184
1260,0.5413237127590046,8.1094817545112,7.568158041752196
1261,0.5256212373306679,8.366579332704543,7.840958095373875
1262,0.38695128555429115,8.337738179522505,7.950786893968214
1263,0.38997818455721633,8.192155402306568,7.802177217749351
1264,0.4218670787072064,8.254360799376503,7.832493720669296
1265,0.5526990695531826,8.319578652840427,7.766879583287245
1266,0.3253362466852801,8.085537177214547,7.760200930529267
1267,0.3606674142110503,8.140454186478705,7.779786772267654
1268,0.4335967211792645,8.072800116510683,7.6392033953314185
1269,0.09991543268749424,8.146242211967621,8.046326779280127
1270,0.32171619450353317,8.243172892513748,7.921456698010214
1271,0.44669860867492095,8.030164991971217,7.5834663832962965
1272,0.3216552000978991,8.085346113308749,7.76369091321085
1273,0.23382775603246736,8.077834921370638,7.84400716533817
1274,0.5226535890243459,8.215233187873059,7.692579598848713
1275,0.45009345604136497,8.252333168291868,7.802239712250502
1276,0.32519370384424257,8.104488112009074,7.779294408164831
1277,0.6122764002871779,8.299052857840138,7.68677645755296
1278,0.27373463074051785,8.052470140804493,7.778735510063975
1279,0.4491134463031405,8.389823867251755,7.940710420948614
1280,0.37280782500428056,8.215989290253667,7.843181465249386
1281,0.49743253997178855,8.073777846273803,7.576345306302014
1282,0.5366698543521797,8.313222328313387,7.776552473961207
1283,0.5096356340226885,8.3226409132296,7.813005279206911
1284,0.5992973171602469,8.31291748154866,7.713620164388413
1285,0.3723702296893087,8.211398181734939,7.8390279520456305
1286,0.44512713507367635,8.290688063387192,7.845560928313516
1287,0.24613203404835446,8.151371792943724,7.90523975889537
1288,0.31779077553121055,8.203637492759448,7.885846717228238
1289,0.43306168655229654,8.166242574150507,7.733180887598211
1290,0.33610425423303786,8.25276942811352,7.9166651738804825
1291,0.35226567642545126,8.279180441268112,7.92691476484266
1292,0.3181885319809429,8.08415102252259,7.765962490541647
1293,0.4305024400205542,8.10480379681871,7.674301356798155
1294,0.40021083925687456,8.075808102358128,7.6755972631012535
1295,0.4856479200667061,8.13265594215581,7.6470080220891035
1296,0.5190256638481553,8.201444260014027,7.6824185961658715
1297,0.4853261647603494,8.26857307320709,7.783246908446741
1298,0.3517119171369778,8.12108905676494,7.769377139627963
1299,0.3374038519000835,8.27337971488716,7.9359758629870765
1300,0.3473958457404292,8.140731532317389,7.79333568657696
1301,0.4365515555524959,8.294052259245063,7.857500703692567
1302,0.5623706497284915,8.342846268291966,7.780475618563475
1303,0.5164353127151938,8.216791933268837,7.700356620553643
1304,0.31173562499496504,8.104236680487684,7.792501055492719
1305,0.5619820603759136,8.191175664774097,7.629193604398183
1306,0.40718132115022615,8.184976912736179,7.777795591585953
1307,0.2716090183008742,8.38293304090222,8.111324022601346
1308,0.4594372876016714,8.269392659270641,7.80995537166897
1309,0.2582134432114962,8.16320252183835,7.904989078626854
1310,0.34155568158818994,8.029426674718268,7.687870993130078
1311,0.22299955448884817,8.211145144850803,7.988145590361955
1312,0.3650228834141715,8.190377477861833,7.825354594447662
1313,0.415724797405678,8.052182505069592,7.636457707663913
1314,0.2566531562385698,8.103635902170256,7.846982745931686
1315,0.5684364603649449,8.198189367819502,7.629752907454558
1316,0.31500846207564154,8.15070403802536,7.835695575949718
1317,0.3060342251346251,8.22872874803864,7.922694522904014
1318,0.17798599255194805,8.162086460083707,7.984100467531759
1319,0.42531104677481196,8.146706439090067,7.721395392315255
1320,0.4388899288913038,8.086592454715646,7.647702525824342
1321,0.5539043241644044,8.2291816351831,7.675277311018695
1322,0.4108782003343252,8.128172806175554,7.717294605841229
1323,0.47181653131179874,8.25755580966551,7.785739278353711
1324,0.3659692034515757,8.089053531677663,7.723084328226088
1325,0.2918595596612542,8.35946488857693,8.067605328915675
1326,0.28970529604490847,8.138042803843343,7.848337507798434
1327,0.45830279879888103,8.201885492023768,7.743582693224887
1328,0.3725993167711102,8.23666807972272,7.864068762951611
1329,0.33104287552942774,8.276377479153828,7.9453346036244
1330,0.46596351120681234,8.10757928784021,7.641615776633397
1331,0.386698544410269,8.196385324718845,7.809686780308576
1332,0.6317925399213737,8.058855112640941,7.427062572719567
1333,0.47661556751155215,8.151468674413024,7.674853106901472
1334,0.44319487832647675,8.323308611450246,7.880113733123769
1335,0.3366115614515284,8.357804096109925,8.021192534658397
1336,0.2668028352118099,8.254346779387973,7.987543944176163
1337,0.18905322444674527,8.2226605024754,8.033607278028654
1338,0.41923536175171344,8.244323800837034,7.82508843908532
1339,0.41713715830435333,8.269626109665952,7.8524889513615985
1340,0.5410747066956665,8.205296576227186,7.664221869531519
1341,0.523065944282215,8.43049642921874,7.907430484936525
1342,0.3183065824832,8.308930565897505,7.990623983414305
1343,0.4589441103329051,8.267256659143534,7.808312548810629
1344,0.5777072224482553,8.207640969441636,7.62993374699338
1345,0.4851901584806365,8.075807415812621,7.590617257331984
1346,0.3132978196066947,8.270393995067053,7.957096175460358
1347,0.39526346012035446,8.130642355115755,7.735378894995401
1348,0.38516576168564515,8.236371997964236,7.851206236278591
1349,0.37090061161493987,8.146219924776853,7.775319313161913
1350,0.23129570535383143,8.260206900535632,8.0289111951818
1351,0.276424456764435,8.316283393507415,8.03985893674298
1352,0.3801229757163576,8.137556455671856,7.757433479955498
1353,0.5400863173411772,8.35992482488785,7.819838507546673
1354,0.34648066748472167,8.122317104546942,7.775836437062221
1355,0.4602699101427109,8.194449413967943,7.734179503825232
1356,0.4969990316126567,8.182322291277409,7.685323259664752
1357,0.4028852050574701,8.281106840754061,7.878221635696591
1358,0.3512352479641593,8.163283110635426,7.812047862671267
1359,0.4531713177267058,8.152023643833994,7.698852326107288
1360,0.3284590404619667,7.997521793974681,7.669062753512715
1361,0.3007523408287435,8.209174104602695,7.908421763773952
1362,0.2974451240827787,8.012706031831327,7.715260907748548
1363,0.5002054033300375,8.16545210174261,7.665246698412572
1364,0.3820697838712321,7.99701417630132,7.614944392430088
1365,0.1863928903850004,8.279923062444338,8.093530172059337
1366,0.25300705352161884,8.178467064321012,7.9254600107993936
1367,0.27111970540497216,7.988942330499352,7.71782262509438
1368,0.3336196031386617,8.123796898994533,7.790177295855871
1369,0.4406221917712056,8.270242844241231,7.829620652470026
1370,0.5376443729034953,8.211976324709923,7.674331951806428
1371,0.32061830660279333,8.214271160488563,7.8936528538857695
1372,0.5350592896185961,8.155580755045682,7.620521465427085
1373,0.4685714652085575,8.284867377035669,7.816295911827111
1374,0.42396108223897394,8.114185573392998,7.690224491154024
1375,0.28543992182871575,8.102658279185453,7.8172183573567375
1376,0.4791718094014283,8.093115486158261,7.613943676756833
1377,0.2695355932213388,8.001336017702867,7.731800424481528
1378,0.3323531437524304,8.06058876588835,7.7282356221359185
1379,0.30910825893944044,8.241831301198403,7.932723042258962
1380,0.26910253440682125,8.192408438412848,7.9233059040060265
1381,0.44064700241660787,8.275752123971687,7.835105121555079
1382,0.399189950843603,8.311185482875736,7.911995532032133
1383,0.5633490196666705,8.35530468885571,7.79195566918904
1384,0.4029146351447476,8.114750468412808,7.7118358332680605
1385,0.4411016791979676,8.298824185182188,7.85772250598422
1386,0.3268803049376408,8.175513455453247,7.848633150515607
1387,0.4182311046563645,8.140768508925973,7.722537404269609
1388,0.451819596082488,8.20288160561457,7.751062009532082
1389,0.35730755283764226,8.175398185567577,7.818090632729935
1390,0.36457731985530395,8.129258158236993,7.76468083838169
1391,0.4557620011440538,8.085119197065136,7.629357195921083
1392,0.6974629110600413,8.176166924909603,7.478704013849562
1393,0.08974216142482655,8.173761822343154,8.084019660918328
1394,0.3560999246210765,8.19311576986566,7.837015845244584
1395,0.34856630141936146,8.228423291203633,7.879856989784272
1396,0.4704173449744014,8.272042332446196,7.8016249874717944
1397,0.374674972978894,8.243167180319121,7.8684922073402275
1398,0.5091360471702567,8.339529757175189,7.830393710004932
1399,0.39333852308058664,8.138686081975345,7.745347558894759
1400,0.49584458095161205,8.350880065035977,7.855035484084365
1401,0.169786462905203,8.08185011519835,7.9120636522931465
1402,0.5946155723064175,8.253144989615844,7.658529417309427
1403,0.2631482131351215,8.157321175803009,7.894172962667888
1404,0.3667300312381249,8.243120170137152,7.876390138899027
1405,0.5674749208448119,8.180428295259814,7.612953374415002
1406,0.22747691574679,8.02325040648147,7.79577349073468
1407,0.46602705022931606,8.255170364061692,7.789143313832376
1408,0.1613048761085318,8.08512325522849,7.923818379119958
1409,0.3629870664878293,8.174326913988573,7.811339847500744
1410,0.3331320646686757,8.316954772017512,7.983822707348836
1411,0.4671116269215907,8.26784091868681,7.800729291765219
1412,0.35925955258659736,8.151645806331793,7.792386253745195
1413,0.37208214263422923,8.043485798554007,7.671403655919778
1414,0.11992606753081538,8.023936342549217,7.904010275018401
1415,0.42637485063059644,8.13692699971842,7.710552149087825
1416,0.4253655927957613,8.210705474023051,7.78533988122729
1417,0.020390098420332556,8.09940486770672,8.079014769286388
1418,0.35409671607249643,8.330238107843067,7.976141391770571
1419,0.32003504606607175,8.167426978267544,7.8473919322014725
1420,0.2335846065052306,8.056976582969952,7.8233919764647215
1421,0.39618026682032614,8.331322684151552,7.9351424173312255
1422,0.25291375956947393,8.257006462638946,8.004092703069473
1423,0.19864503351800913,8.140984639843419,7.94233960632541
1424,0.40578263485541427,8.278028646220765,7.872246011365351
1425,0.4406241460055496,8.244293290194673,7.803669144189123
1426,0.38578240184273505,8.16562640333771,7.779844001494975
1427,0.5235520342008819,8.181742303526999,7.658190269326117
1428,0.40107326356922146,8.32134073724104,7.920267473671819
1429,0.2951176576608739,8.200258264483075,7.905140606822202
1430,0.48471392795543067,8.217701248032748,7.732987320077317
1431,0.2597541257342369,8.198800926259096,7.939046800524859
1432,0.24135858275723732,8.246361965389987,8.005003382632749
1433,0.4916428868427004,8.129839528079595,7.6381966412368945
1434,0.4039025804878878,8.394373547742338,7.990470967254451
1435,0.49748993574689165,8.150460061551543,7.652970125804652
1436,0.37671354333779083,8.014996338657564,7.638282795319773
1437,0.22425684803798698,8.154254542812417,7.92999769477443
1438,0.44254474871120913,8.135289323238183,7.692744574526974
1439,0.28024942971590544,8.17066197448045,7.890412544764544
1440,0.6083491816433976,8.248632617281906,7.6402834356385085
1441,0.33482688583411685,8.281946744044683,7.947119858210566
1442,0.3809856785400544,8.109455970594912,7.728470292054857
1443,0.30785239422918464,8.138854289134601,7.831001894905416
1444,0.38405790901309544,8.170163858715648,7.786105949702553
1445,0.4051427182213714,8.255423215086523,7.850280496865151
1446,0.4984250887872868,8.21656206192224,7.7181369731349525
1447,0.08997331679535517,8.198438410081021,8.108465093285666
1448,0.24359954160177166,8.148996414261733,7.905396872659961
1449,0.5145576515353966,8.138065602340701,7.623507950805305
1450,0.3730026049806527,8.235763499555716,7.8627608945750636
1451,0.35366715209283295,8.178246602929498,7.824579450836665
1452,0.4561531460295397,8.087044624978564,7.630891478949024
1453,0.5137793436927249,8.234197575827942,7.720418232135216
1454,0.4459575080053082,8.183076655757091,7.737119147751783
1455,0.23291838189730235,8.00888088455742,7.775962502660119
1456,0.5894977230964091,8.311292273961808,7.721794550865399
1457,0.4550561054289743,8.337496357005103,7.882440251576129
1458,0.3251015224478256,8.161603555442202,7.836502032994376
1459,0.44379512184679476,8.156908203284498,7.713113081437704
1460,0.5281148632512204,8.255256408422861,7.727141545171641
1461,0.5431509247390092,8.13210474997098,7.58895382523197
1462,0.4098564341985743,8.071544091885414,7.66168765768684
1463,0.44718790694198496,8.191354435937214,7.744166528995229
1464,0.2083920097827735,8.079874964108198,7.871482954325424
1465,0.24498381215208892,8.152963269250975,7.907979457098886
1466,0.49027602884513677,8.258741060207354,7.768465031362218
1467,0.4011423680743452,8.218512121394218,7.8173697533198725
1468,0.38669440381786857,8.18685642395396,7.800162020136092
1469,0.4831192696051799,8.254518740377607,7.771399470772427
1470,0.3238068479794473,8.295361321275626,7.971554473296179
1471,0.47865753133833744,8.26963706784689,7.790979536508553
1472,0.4277374536681706,8.201120920561937,7.773383466893767
1473,0.45948053283470275,8.272951512986559,7.813470980151856
1474,0.44150595991915936,8.218917459364198,7.777411499445038
1475,0.5433746315057247,8.350366567156843,7.806991935651118
1476,0.34389408804660815,8.248346921586933,7.904452833540325
1477,0.2374827157851188,8.219139592255125,7.981656876470006
1478,0.4954320318322197,8.265872043687919,7.770440011855699
1479,0.44376119862300845,8.132683038472898,7.68892183984989
1480,0.4887506708574634,8.237389945025495,7.748639274168031
1481,0.5042500644940524,8.129318364992379,7.625068300498326
1482,0.4369076623877164,8.160388587485643,7.7234809250979275
1483,0.33008776267773376,8.090809247020655,7.760721484342921
1484,0.5136044958722398,8.277717808239773,7.764113312367533
1485,0.2368404643804888,8.011143249659765,7.774302785279277
1486,0.4899081768845108,8.142035196351467,7.652127019466956
1487,0.400271398848628,8.175357885876826,7.775086487028198
1488,0.5933656566523048,8.18384312002113,7.590477463368826
1489,0.446664433183168,8.251030917186696,7.804366484003529
1490,0.31253865154212557,8.197193902134794,7.884655250592669
1491,0.581775970395998,8.086687665683586,7.504911695287588
1492,0.43466905800615374,8.12203359552563,7.687364537519477
1493,0.41570826285158513,8.302932237465209,7.887223974613623
1494,0.6228582586389011,8.373687983745098,7.750829725106197
1495,0.5784302092928665,8.252585887090573,7.674155677797707
1496,0.5814387818485305,8.258102395889757,7.676663614041227
1497,0.340619049444958,8.222068429275541,7.881449379830584
1498,0.5407658137618604,8.15260171615028,7.611835902388419
1499,0.5813952610642895,8.277655004159131,7.696259743094841
1500,0.29017715966161245,8.192641319902421,7.902464160240808
1501,0.39605502585565894,8.25135087382319,7.855295847967532
1502,0.39334500356942537,8.185117091282452,7.791772087713026
1503,0.46162784937552226,8.242933903974514,7.781306054598992
1504,0.47513126667631356,8.11383113445682,7.638699867780507
1505,0.2487508569645378,8.0620735732472,7.813322716282663
1506,0.53143334031158,8.169179750295042,7.637746409983462
1507,0.3181129047368544,8.115567626857981,7.797454722121127
1508,0.3689624170437073,8.236402094823157,7.86743967777945
1509,0.42354015732377515,8.102864051362214,7.679323894038439
1510,0.45363753435545595,8.275461533450551,7.821823999095095
1511,0.4783899432401719,8.191561206553752,7.71317126331358
1512,0.5087678609421619,8.178898692501297,7.670130831559136
1513,0.38409047986089595,8.180860539570121,7.796770059709225
1514,0.3686714748581842,8.08584207284287,7.717170597984687
1515,0.4120023513856224,8.162068868497213,7.750066517111591
1516,0.4317907168552705,8.160190483366708,7.728399766511438
1517,0.43782711494475124,8.26077971718949,7.822952602244738
1518,0.2671188148937868,8.162060832636534,7.894942017742747
1519,0.2262554698084676,8.141210807162587,7.914955337354119
1520,0.46630795751014537,8.17483954403089,7.708531586520745
1521,0.4159041075170482,8.312346420469957,7.896442312952909
1522,0.23707915019252623,8.207118829889957,7.970039679697431
1523,0.4747589740055448,8.274619678357476,7.799860704351931
1524,0.37214893933438165,8.139154020673043,7.767005081338661
1525,0.5067879570351302,8.267128070460853,7.760340113425722
1526,0.3658296239653178,8.132369356543775,7.766539732578456
1527,0.49025692731992876,8.245074675536792,7.754817748216863
1528,0.3609541873275427,8.278775943057958,7.917821755730416
1529,0.37832017116819694,8.159077943025098,7.780757771856901
1530,0.4747660728205284,8.225839203874095,7.751073131053567
1531,0.37344335368758286,8.394184934559089,8.020741580871507
1532,0.32672088421856293,8.198476356839931,7.871755472621368
1533,0.2741474658362494,8.135936163130369,7.861788697294119
1534,0.48839986206469044,8.202573789873146,7.714173927808456
1535,0.4163508637840827,8.12732798126927,7.710977117485187
1536,0.4313445399164084,8.293276088774476,7.861931548858068
1537,0.21605804095146539,8.0989529756626,7.882894934711135
1538,0.44379410179908585,8.038015245217027,7.594221143417941
1539,0.46735924375632687,8.293872836614769,7.826513592858442
1540,0.38333547742558544,8.23288516496364,7.8495496875380555
1541,0.4515584658427128,8.237909475639206,7.786351009796493
1542,0.4574117494604655,8.103256871882067,7.645845122421601
1543,0.3882486535643149,8.147472726076241,7.759224072511927
1544,0.4769979492451467,7.994309641561493,7.517311692316347
1545,0.31257476377970844,8.100748791783655,7.788174028003946
1546,0.54159312305966,8.155998815411595,7.6144056923519345
1547,0.3799446515464794,8.277290472864522,7.8973458213180425
1548,0.4107551709053674,8.162804800539101,7.752049629633734
1549,0.40795815436786287,8.193485204280035,7.785527049912172
1550,0.5071583058635816,8.118852870175584,7.6116945643120015
1551,0.37439705026580095,8.320479700633605,7.946082650367805
1552,0.3396257747472143,8.229840037303187,7.890214262555973
1553,0.3424235233505813,8.25852999499558,7.916106471644999
1554,0.4128900529715911,8.306053200425922,7.893163147454331
1555,0.3085056535919665,8.118855067786265,7.810349414194299
1556,0.2864950803524533,8.184511238557167,7.898016158204714
1557,0.3815885893882289,8.127960897943046,7.746372308554817
1558,0.601966222868349,8.20260793427392,7.600641711405572
1559,0.43480108713598087,8.271764946056223,7.836963858920242
1560,0.4750349044288808,8.167516252601171,7.69248134817229
1561,0.4602570371587929,8.326058977872254,7.865801940713461
1562,0.3487525702930384,8.306236342663077,7.957483772370038
1563,0.33261300595269083,8.175360379329701,7.84274737337701
1564,0.30207694340716845,8.242271282919383,7.940194339512214
1565,0.3591244575092983,8.170883037777076,7.811758580267777
1566,0.5776813312934731,8.207924129689115,7.630242798395642
1567,0.48294929341070725,8.11084892903097,7.627899635620263
1568,0.2927423493205523,8.224278144535115,7.931535795214562
1569,0.3087118828327073,8.175294355323237,7.8665824724905296
1570,0.40544367770933065,8.301343918078265,7.895900240368935
1571,0.5543959904553194,8.351924341476854,7.797528351021535
1572,0.35948354341407074,8.23331312087275,7.87382957745868
1573,0.3656290662035341,8.159118886356099,7.793489820152565
1574,0.4091137658494013,8.180959369623965,7.771845603774564
1575,0.5916897942280854,8.160335531515647,7.568645737287562
1576,0.4560779752714418,8.33042074414797,7.874342768876528
1577,0.36590175813335,8.131162378796477,7.765260620663127
1578,0.32162117346924357,8.18646906611194,7.864847892642696
1579,0.3348633359377584,8.329095690904875,7.994232354967117
1580,0.4844891444760508,8.174753973594962,7.690264829118911
1581,0.4211761434986014,8.089866356624622,7.668690213126021
1582,0.5631860424393254,8.061529118362063,7.4983430759227385
1583,0.16752081501812113,8.160606147997143,7.993085332979022
1584,0.19305683990583525,8.277784454594952,8.084727614689116
1585,0.2977491551092574,8.204800893052113,7.907051737942855
1586,0.3839611443432583,8.165299805663377,7.7813386613201185
1587,0.43648554226511904,8.22353552415427,7.787049981889151
1588,0.36817081895134385,8.321679531173345,7.953508712222001
1589,0.32301056332512007,8.25083324390876,7.92782268058364
1590,0.48103437993108655,8.129932887460921,7.648898507529834
1591,0.4712028915616289,8.18733878910205,7.716135897540421
1592,0.47875850307259676,8.15303189609318,7.6742733930205835
1593,0.4247400876080689,8.21442398673794,7.78968389912987
1594,0.22677671221810147,8.300482594928223,8.073705882710122
1595,0.3932928928083602,8.328309886165355,7.935016993356995
1596,0.24719533839428368,8.087745675691348,7.840550337297064
1597,0.29389268591173123,8.30132306203577,8.00743037612404
1598,0.28801777599228456,8.046950483340352,7.758932707348067
1599,0.34123056434397575,8.274413758317557,7.933183193973582
1600,0.4004287958858632,8.247845938770034,7.84741714288417
1601,0.04167930136592113,8.156800937169354,8.115121635803433
1602,0.13813119223740578,8.202787157655525,8.064655965418119
1603,0.5169454106235488,8.188717432639429,7.67177202201588
1604,0.4136793291321391,8.160715057454098,7.747035728321959
1605,0.48885062132594675,8.262148908877595,7.773298287551649
1606,0.3775709369219205,8.243957362137285,7.866386425215365
1607,0.3108739189922527,8.243708596578568,7.932834677586315
1608,0.30198670512658793,8.13014270650786,7.828156001381272
1609,0.47816428271362066,8.303137260354818,7.824972977641197
1610,0.38370221540668487,8.246497132709374,7.862794917302689
1611,0.49265841947148076,8.121298657962448,7.628640238490967
1612,0.479580996417957,8.242163063821698,7.7625820674037405
1613,0.4874754394583035,8.208869610778725,7.721394171320422
1614,0.5310170357768114,8.234126238544729,7.7031092027679176
1615,0.42946491255045305,8.255898963733319,7.826434051182866
1616,0.33145787613361194,8.19368862271746,7.8622307465838475
1617,0.5744156587851785,8.140725119225388,7.56630946044021
1618,0.43698057178415306,8.075198971498434,7.638218399714281
1619,0.3896372992956442,8.250504626984595,7.860867327688951
1620,0.4153524406100653,8.261904611211518,7.846552170601453
1621,0.36645383248106833,8.26623167101788,7.899777838536813
1622,0.4848134323198131,8.081488620763245,7.596675188443433
1623,0.39968473226740814,8.150119926245667,7.750435193978259
1624,0.3147323858559738,8.169169640209356,7.854437254353382
1625,0.35218382090656475,8.068984049917868,7.7168002290113025
1626,0.4895043447006775,8.353987594165174,7.864483249464497
1627,0.5331282883863186,8.359931311413503,7.826803023027184
1628,0.25147784467398804,8.172683443476874,7.921205598802886
1629,0.31107225525144183,8.171796945743358,7.860724690491916
1630,0.3691336900284582,8.07269882437145,7.703565134342992
1631,0.3990489747571669,8.247007162793667,7.8479581880364995
1632,0.3780813917817941,8.297084245990494,7.919002854208699
1633,0.45873831003459936,8.20465454434503,7.74591623431043
1634,0.40841992400400395,8.211722756767893,7.8033028327638885
1635,0.6418113906547416,8.367344710657374,7.725533320002633
1636,0.5250837577244369,8.22073641356054,7.695652655836103
1637,0.42494512893680125,8.05893304630848,7.633987917371679
1638,0.4497120335743721,8.318083716029262,7.86837168245489
1639,0.02133287144879517,8.033430003531203,8.012097132082408
1640,0.3275327137137476,8.040468703106136,7.712935989392388
1641,0.2534037441593229,8.171424569928668,7.918020825769345
1642,0.4733496387944335,8.249650690183895,7.776301051389462
1643,0.4562827533544722,8.223238700694276,7.766955947339804
1644,0.4265827035709478,8.206287352842958,7.77970464927201
1645,0.5355471811997401,8.119080882781951,7.583533701582211
1646,0.4074304681403874,8.249998247086273,7.842567778945885
1647,0.28302880540162106,8.235812144016606,7.952783338614985
1648,0.3360447375742761,8.207167319534744,7.871122581960467
1649,0.3657222515109017,8.117128239355033,7.751405987844131
1650,0.5034375693873413,8.196866186176662,7.69342861678932
1651,0.3228450989571873,8.157987633871763,7.835142534914575
1652,0.19191769016513607,8.139632118429361,7.947714428264225
1653,0.11002385317875996,8.18594499140781,8.07592113822905
1654,0.3585615431368327,8.210657346058932,7.8520958029221
1655,0.29025737893479675,8.151537120386314,7.861279741451517
1656,0.36067206381484385,8.303731245770914,7.94305918195607
1657,0.3526574761287594,8.16258870984475,7.80993123371599
1658,0.2623170636522636,8.20384969475384,7.941532631101577
1659,0.3526807523896911,8.040294405821665,7.687613653431974
1660,0.4050866855570079,8.276812091925908,7.871725406368901
1661,0.43105221265605764,8.090329797891737,7.65927758523568
1662,0.35636996232211227,8.334894307457862,7.9785243451357495
1663,0.28582782066176227,8.09182007479737,7.805992254135608
1664,0.5498338947742707,8.388291994852631,7.838458100078361
1665,0.2569418146126771,8.155868966622357,7.89892715200968
1666,0.48473902222715637,8.141179094428557,7.6564400722014
1667,0.4024216773207065,8.33391337241366,7.931491695092953
1668,0.3407935875183782,8.209476830808828,7.86868324329045
1669,0.47705796217903235,8.18645468422876,7.7093967220497275
1670,0.3403363800008163,8.150879565695858,7.810543185695042
1671,0.4225975529248611,8.15108822488506,7.7284906719601985
1672,0.3448917041625637,8.247840785101136,7.902949080938573
1673,0.5152946414344582,8.176042191083999,7.660747549649541
1674,0.387080054434361,8.141098376230842,7.75401832179648
1675,0.2952596057362658,8.115783453973899,7.820523848237633
1676,0.10301072434687691,8.161012899531471,8.058002175184594
1677,0.49810084699724627,8.200533461644513,7.702432614647266
1678,0.5113045863855826,8.116192531818598,7.604887945433015
1679,0.2614155006392749,8.18079988459926,7.919384383959985
1680,0.24443959717513114,8.10161648201185,7.857176884836719
1681,0.4600882230887393,8.256943538565615,7.796855315476876
1682,0.3539233942735393,8.20953485338088,7.855611459107341
1683,0.5375429435137925,8.272139823192784,7.734596879678992
1684,0.3428505415080862,8.226044427697564,7.883193886189479
1685,0.5947545181204331,8.26398914262665,7.669234624506218
1686,0.5187539518434745,8.29188669883494,7.7731327469914655
1687,0.35440207913516125,8.219546594040224,7.865144514905063
1688,0.39073672971625406,8.339629495591707,7.948892765875453
1689,0.4412739897572305,8.294834942096617,7.853560952339387
1690,0.4307686776025533,8.20933191305177,7.778563235449217
1691,0.3345324329168055,8.203791146064365,7.869258713147559
1692,0.4255914676155312,8.27704033548443,7.8514488678689
1693,0.5133942433354716,8.227755650284934,7.714361406949462
1694,0.44580607204945083,8.192739071890818,7.746932999841367
1695,0.49464474841904876,8.171137868118102,7.676493119699053
1696,0.3629067505820873,8.057957545631725,7.695050795049637
1697,0.23070447809117894,8.126066681764677,7.895362203673497
1698,0.3326654310925739,8.201156133541947,7.868490702449373
1699,0.44280605717847343,8.399736341626296,7.9569302844478225
1700,0.4504638468111029,8.271836195351112,7.821372348540009
1701,0.667415961854022,8.168753600248548,7.501337638394526
1702,0.31290054003847595,8.10670068506102,7.793800145022543
1703,0.3495120066840933,8.288520000214243,7.93900799353015
1704,0.21631244390906015,8.065386386360203,7.849073942451143
1705,0.21289717675746594,8.18666411299639,7.973766936238923
1706,0.4937069321991893,8.143910339368032,7.650203407168843
1707,0.5530810820094834,8.258700057451057,7.705618975441573
1708,0.49056670304233896,8.416675002637787,7.926108299595447
1709,0.24733097751843602,8.138300003474711,7.8909690259562755
1710,0.38879629066319343,8.23868373795674,7.849887447293546
1711,0.340582991836101,8.147710833856364,7.807127842020263
1712,0.5105924167825938,8.40678350548884,7.896191088706245
1713,0.5293826872749814,8.201386457686255,7.672003770411273
1714,0.338877033827588,8.24773227793493,7.908855244107341
1715,0.44948054596368825,8.294858937573999,7.845378391610311
1716,0.511885420946493,8.238609583189078,7.726724162242585
1717,0.18395841542774743,8.183394836525173,7.999436421097425
1718,0.49072262494423163,8.222698375338624,7.731975750394392
1719,0.3538940905678292,8.29885452323732,7.944960432669491
1720,0.4552602472938591,8.178808503622282,7.723548256328423
1721,0.5484108507041106,8.16279673062338,7.61438587991927
1722,0.35446963943296017,8.32646739070625,7.971997751273291
1723,0.35894842955163425,8.187134476110614,7.82818604655898
1724,0.4573332444631975,8.182598015391674,7.725264770928477
1725,0.4005377477130497,8.087335968758389,7.686798221045339
1726,0.3388049614976496,8.194192190188947,7.855387228691297
1727,0.4942690413465341,8.318139785000724,7.82387074365419
1728,0.32030920926355955,8.250125338977849,7.92981612971429
1729,0.3336163608566936,8.054753807431355,7.721137446574661
1730,0.37405007214499136,8.207221145001636,7.833171072856644
1731,0.3861336784389798,8.174538655766577,7.788404977327597
1732,0.4971750081388614,8.187928568657004,7.690753560518142
1733,0.4263697796686654,8.302162273159944,7.875792493491279
1734,0.38340184549957923,8.175560898951664,7.792159053452085
1735,0.27881594728363124,8.126067663849932,7.847251716566301
1736,0.5515200211516474,8.203096938264826,7.651576917113179
1737,0.5678805672480525,8.156203604671454,7.588323037423401
1738,0.34921490520038745,8.127882825915234,7.778667920714847
1739,0.5033413024967094,8.395170881684953,7.891829579188244
1740,0.42495912822956144,8.158771310779352,7.733812182549791
1741,0.507697677396313,8.161915177476928,7.654217500080615
1742,0.4697294672820598,8.186977746102004,7.717248278819945
1743,0.4186626041551055,8.189186322278166,7.77052371812306
1744,0.4679761782920097,8.204712844023518,7.736736665731509
1745,0.4959317818368212,8.04451910630269,7.548587324465869
1746,0.6185629751025696,8.366692866795791,7.748129891693221
1747,0.39955379778530287,8.190248626743513,7.79069482895821
1748,0.46468556959815077,8.005646958600847,7.540961389002696
1749,0.622303294013953,8.109184462813086,7.486881168799133
1750,0.34326323018024324,8.11001423024891,7.766751000068666
1751,0.5137327705622026,8.24064209327155,7.726909322709347
1752,0.3738849985535824,8.120829214902331,7.746944216348749
1753,0.45247744801204864,8.240541444943927,7.788063996931879
1754,0.5528160730849507,8.199660344993436,7.646844271908486
1755,0.4443247858924566,8.202947577883673,7.7586227919912165
1756,0.37331046298976517,8.138189390719692,7.764878927729927
1757,0.2065676760924342,8.149248793687086,7.942681117594652
1758,0.4676532386568822,8.191875970074362,7.72422273141748
1759,0.5451790993876569,8.130145488647313,7.584966389259657
1760,0.2735121029399449,8.162603877522319,7.889091774582374
1761,0.2343128865454555,8.263545252706269,8.029232366160814
1762,0.39648469722996593,8.11196229057726,7.715477593347294
1763,0.43071145973875347,8.147057302965045,7.716345843226292
1764,0.7029596364958326,8.151084021405076,7.448124384909243
1765,0.433699189989669,8.023339003330314,7.589639813340645
1766,0.3688671961005305,8.316889932973739,7.948022736873209
1767,0.4348758467786649,8.106979603088728,7.672103756310063
1768,0.46500626504330506,8.309539200577126,7.84453293553382
1769,0.2642139939066203,8.118324340480989,7.854110346574369
1770,0.24444642859174595,8.124760074920763,7.880313646329017
1771,0.4096142383788748,8.213115065746884,7.803500827368008
1772,0.2575826687209904,8.290579465214432,8.03299679649344
1773,0.41576577793125125,8.243145632450855,7.827379854519603
1774,0.37573227595641717,8.382379089972083,8.006646814015665
1775,0.23954989319290412,8.274242680755581,8.034692787562676
1776,0.3681978326183885,8.307114094433805,7.938916261815416
1777,0.42369842621648673,8.289070402897902,7.865371976681415
1778,0.40444228093571694,8.234233369466134,7.829791088530417
1779,0.4268731394265607,8.126044987329722,7.699171847903162
1780,0.4889980227503187,8.273205835767122,7.7842078130168035
1781,0.5095575433696029,8.13705636503256,7.627498821662957
1782,0.09837580819864813,8.192189788214097,8.09381398001545
1783,0.3703185431119826,8.355014354798369,7.984695811686387
1784,0.3150135880361591,8.205504171416477,7.890490583380318
1785,0.5648259390007122,8.453756001010492,7.888930062009779
1786,0.377261512220707,8.185251596971403,7.8079900847506964
1787,0.5035707285195874,8.071740259567799,7.568169531048211
1788,0.3219317257729303,8.218137056059128,7.896205330286198
1789,0.37526070000356876,8.14754042357973,7.772279723576162
1790,0.4847568445870539,8.146215332858649,7.661458488271595
1791,0.3678458101884815,8.201119172488966,7.833273362300484
1792,0.2591684588372338,8.083046982692194,7.82387852385496
1793,0.6210666665998875,8.332554087724343,7.711487421124456
1794,0.3476906655296974,8.154662529879035,7.806971864349338
1795,0.3273750254359674,8.242985425727758,7.915610400291791
1796,0.2429600853282995,8.218691255412875,7.975731170084575
1797,0.514925157276744,8.254333117586235,7.7394079603094905
1798,0.32748242569029024,8.086777490445641,7.759295064755351
1799,0.3599866246012212,8.27453532787719,7.914548703275969
1800,0.47082243513715427,8.282774135279901,7.811951700142747
1801,0.3990477209763225,8.189361033839218,7.790313312862895
1802,0.37244815562427946,8.110177546772379,7.7377293911480995
1803,0.39663078395564405,8.232955345347342,7.836324561391698
1804,0.33030608279085355,8.25299802937311,7.9226919465822565
1805,0.4502791672994966,8.135725202181789,7.6854460348822915
1806,0.44238152420995575,8.08819744321963,7.645815919009675
1807,0.30670341019981623,8.085055087397663,7.778351677197847
1808,0.3755360415767122,8.189992899949486,7.814456858372774
1809,0.25471584853133156,8.22922887509118,7.974513026559849
1810,0.3393318069301664,8.270635364367646,7.931303557437479
1811,0.5062571877408978,8.210882746007295,7.704625558266397
1812,0.42748342930902,8.07442908512563,7.64694565581661
1813,0.4182440707025401,8.331617696634739,7.9133736259321985
1814,0.11843540782871921,8.099321719623434,7.980886311794715
1815,0.29066445938359053,8.227448269069914,7.9367838096863235
1816,0.2666844179676907,8.188087269567514,7.921402851599824
1817,0.30662374718201113,8.184213864897323,7.877590117715312
1818,0.5660194682764719,8.264340134711842,7.698320666435371
1819,0.5285202426677023,8.302476135759786,7.773955893092084
1820,0.3982285379248529,8.128648008754896,7.730419470830043
1821,0.3478672006751904,8.337787438847062,7.989920238171872
1822,0.30627967516594706,8.314350496443673,8.008070821277727
1823,0.36235684208283664,8.089626869050644,7.727270026967807
1824,0.350643548530679,8.387459325800034,8.036815777269355
1825,0.4771575603657301,8.073625080651148,7.596467520285418
1826,0.45279874925275115,8.303172209009624,7.850373459756873
1827,0.24952545046299288,8.23637509899243,7.986849648529437
1828,0.2253077874538563,8.047285258308255,7.8219774708543985
1829,0.39988552784710285,8.371526214789148,7.971640686942044
1830,0.5049017920454891,8.258585956271832,7.7536841642263425
1831,0.4029429739263966,8.287486042613637,7.88454306868724
1832,0.4548203198565393,8.220282339497246,7.765462019640706
1833,0.5569638267772787,8.202391360562732,7.645427533785453
1834,0.3702002320789353,8.32465553509386,7.954455303014925
1835,0.496152011652781,8.281600713132518,7.785448701479736
1836,0.6038125872698079,8.163491167963622,7.559678580693815
1837,0.3396317244413739,8.21792635002228,7.878294625580906
1838,0.27922383728360173,8.124923835868513,7.845699998584911
1839,0.6082073242765851,8.326088270116806,7.71788094584022
1840,0.24886044339934074,8.07529531869986,7.826434875300519
1841,0.3035514435474363,8.168985268512733,7.865433824965296
1842,0.442864313027801,8.262095417928213,7.819231104900412
1843,0.3934922349988889,8.175228895534438,7.781736660535549
1844,0.4940210855152501,8.248364047336437,7.754342961821187
1845,0.44599362637372464,8.12060899769076,7.674615371317034
1846,0.5160018996230257,8.24852875123479,7.732526851611764
1847,0.46190070077999273,8.227255496577273,7.76535479579728
1848,0.45442217046292455,8.279329226525563,7.824907056062639
1849,0.39082975517551516,8.234339879953788,7.843510124778273
1850,0.3931077905885234,8.196369702679862,7.8032619120913385
1851,0.4748535885790812,8.322866017445232,7.848012428866151
1852,0.4744216060290876,8.224956384578164,7.750534778549076
1853,0.3786638270540852,8.235742601600357,7.857078774546272
1854,0.37586751424325365,8.175870598363923,7.80000308412067
1855,0.2841639747284356,8.256932934141282,7.972768959412847
1856,0.6742199313272971,8.138267628386084,7.464047697058787
1857,0.20364150238403245,8.190685984950182,7.98704448256615
1858,0.27932205904896473,8.14845644012538,7.869134381076415
1859,0.3049754090547719,8.168892068931239,7.863916659876467
1860,0.25235183532087285,8.27242373372946,8.020071898408586
1861,0.555110662204491,8.31976805850062,7.764657396296128
1862,0.5277476484518784,8.240818256833123,7.713070608381244
1863,0.40338149766072057,8.13857633897203,7.735194841311309
1864,0.48742811701086175,8.05981211503058,7.572383998019718
1865,0.4488217983092521,8.080231617136338,7.631409818827086
1866,0.25031064482542364,8.201739383886705,7.9514287390612814
1867,0.47666869555226027,8.133129942355808,7.656461246803548
1868,0.36530735422543775,8.157030013393415,7.791722659167977
1869,0.3502056048100349,8.109172561049663,7.758966956239628
1870,0.2525427087070147,8.222960197635699,7.970417488928684
1871,0.388979674026894,8.164376245365693,7.775396571338799
1872,0.3554985656963603,8.074501922873356,7.719003357176996
1873,0.48223569759004425,8.157096592757888,7.674860895167844
1874,0.3246358927922901,8.273135083225933,7.948499190433642
1875,0.43615195404166557,8.007817646233612,7.571665692191946
1876,0.4013056960007987,8.151727570389873,7.750421874389074
1877,0.40971904232920203,7.969260243699738,7.559541201370536
1878,0.34415731533070326,8.216814798725915,7.872657483395212
1879,0.47868123130387785,8.2535613516073,7.774880120303421
1880,0.45631742320835417,8.275830060569215,7.8195126373608606
1881,0.41449921272075735,8.11653010374671,7.702030891025952
1882,0.19984283336670766,8.304170228187976,8.104327394821269
1883,0.3544284579454215,8.240851017601155,7.886422559655734
1884,0.6478339675740221,8.207102291810568,7.5592683242365455
1885,0.3586580348928319,8.147547132918032,7.7888890980252
1886,0.39869802917340735,8.15082393492747,7.752125905754062
1887,0.32648739878635497,8.131103359740697,7.804615960954342
1888,0.48068499925887104,8.279803750393173,7.799118751134301
1889,0.41225113639840794,8.25473584888287,7.842484712484462
1890,0.3753423287212792,8.324415346360743,7.9490730176394635
1891,0.2527813906562392,8.261497413805179,8.00871602314894
1892,0.4693508848579311,8.269203938317473,7.799853053459541
1893,0.3798456771741361,8.150340952432757,7.770495275258621
1894,0.535314817336985,8.278154833362889,7.742840016025903
1895,0.22973085160065332,8.263112636831147,8.033381785230494
1896,0.3041645859557245,8.18556727273235,7.8814026867766245
1897,0.4061587122605975,8.15255766324741,7.746398950986813
1898,0.5918401724697411,8.103308643713412,7.511468471243671
1899,0.23830079488590372,8.181189492146848,7.942888697260944
1900,0.38114897250157753,8.246948701823401,7.865799729321823
1901,0.3622199995338167,8.254969424882114,7.892749425348297
1902,0.3626892191064039,8.2744096080222,7.911720388915796
1903,0.588884547539965,8.17483105550902,7.585946507969056
1904,0.41772535312199766,8.282108456091667,7.864383102969669
1905,0.3433220956450397,8.29857023726887,7.955248141623829
1906,0.44019268136448225,8.298976028109319,7.858783346744837
1907,0.2992948196310055,8.252772356130073,7.953477536499068
1908,0.16677744092652394,8.173073866210098,8.006296425283574
1909,0.5833796070774734,8.352527476013245,7.769147868935772
1910,0.3814861853622332,8.119390941996587,7.737904756634354
1911,0.3601949235908634,8.142930888842852,7.782735965251988
1912,0.5497847666248814,8.269075866466238,7.719291099841357
1913,0.5854376902318946,8.270060873636522,7.684623183404628
1914,0.35036243229238623,8.253119297052516,7.902756864760129
1915,0.3627696350851387,8.143222430531647,7.780452795446509
1916,0.18236895009588558,7.97621461353495,7.793845663439064
1917,0.41241303121282,8.172258519887905,7.759845488675085
1918,0.4372294946968045,8.25963312428528,7.822403629588475
1919,0.39025637614412045,8.195684311917073,7.805427935772953
1920,0.42465512583495824,8.168159326574363,7.743504200739405
1921,0.4538254758753202,8.060379702515698,7.6065542266403785
1922,0.4011249774832837,8.261498758352118,7.8603737808688345
1923,0.49299014991527756,8.22986338093171,7.736873231016432
1924,0.5586947466763322,8.408121108651104,7.849426361974771
1925,0.33562993386276235,8.157677632200432,7.82204769833767
1926,0.36011477607548414,8.01893739696397,7.658822620888486
1927,0.3713722798434605,8.255077253741678,7.883704973898218
1928,0.5536672701026909,8.26374232385754,7.710075053754849
1929,0.376797793385608,8.161753788161288,7.784955994775681
1930,0.4219122585895558,8.149482348708354,7.727570090118798
1931,0.43353285745578984,8.254382685887894,7.820849828432104
1932,0.3529787159703169,8.280531166876791,7.927552450906474
1933,0.4475284494250302,8.128622095949366,7.681093646524336
1934,0.46905575612809014,8.25472917528834,7.78567341916025
1935,0.2951388431188213,8.331282972540196,8.036144129421375
1936,0.400639716726914,8.322460960894736,7.9218212441678215
1937,0.3912738314472246,8.106988995383468,7.715715163936243
1938,0.4319757907180854,8.142925853947935,7.710950063229849
1939,0.43374490378775316,8.12011573132016,7.686370827532407
1940,0.28603127034881237,8.176957184801259,7.890925914452446
1941,0.48697933846304,8.293897713043737,7.806918374580698
1942,0.32899751859496723,8.227244680413833,7.898247161818865
1943,0.32852477188683626,8.125609735275015,7.797084963388179
1944,0.5069367678266289,8.151049466208589,7.64411269838196
1945,0.3027980342755563,8.283452135052894,7.980654100777338
1946,0.46397508473235843,8.199688693559771,7.735713608827413
1947,0.4083066145682139,8.189368806120292,7.781062191552079
1948,0.40108199585983606,8.142929665804061,7.741847669944225
1949,0.3118081454586393,8.149068840327024,7.837260694868385
1950,0.4105374749165396,8.141361577712928,7.730824102796388
1951,0.2661750348597469,8.256260716950031,7.990085682090284
1952,0.42271362767555554,8.205842134532281,7.783128506856725
1953,0.520226616911269,8.321992029611316,7.801765412700047
1954,0.3360135639022242,8.152397000223786,7.816383436321562
1955,0.47085867583436397,8.08247651155113,7.611617835716766
1956,0.238397996825024,8.054611653095526,7.816213656270501
1957,0.3788909029133359,8.053226052075503,7.674335149162167
1958,0.5601892318462132,8.193611171000573,7.63342193915436
1959,0.5471558401956718,8.245540127866564,7.698384287670892
1960,0.5697034803231574,8.147534922588283,7.577831442265126
1961,0.495122840338272,7.965487685584313,7.470364845246041
1962,0.49984969129407053,8.349506112316348,7.849656421022278
1963,0.32605391230843295,8.20885293071693,7.882799018408496
1964,0.13776133593765563,8.149497479941145,8.011736144003489
1965,0.39453928147357314,8.37286055088992,7.978321269416346
1966,0.19320022341887427,8.223214012861677,8.030013789442803
1967,0.37496145297518846,8.184944327208033,7.809982874232844
1968,0.31868762425274444,8.272146812966941,7.953459188714197
1969,0.3299302414964142,8.336823776726407,8.006893535229992
1970,0.39162140447290594,8.1100236602537,7.718402255780795
1971,0.3860274535115742,8.248768147193084,7.86274069368151
1972,0.3144974053808497,8.111383210416962,7.796885805036112
1973,0.3937938511125406,8.090787033693669,7.696993182581128
1974,0.4976245335507501,8.223514429686238,7.725889896135488
1975,0.17073298597521863,8.076099424862424,7.905366438887205
1976,0.25677823628408036,8.057677145601073,7.8008989093169925
1977,0.4603331716935427,8.142664752507388,7.6823315808138455
1978,0.3238644895821644,8.152356941671153,7.828492452088988
1979,0.15327216781036357,8.094189056975246,7.940916889164883
1980,0.4863575228234948,8.108075564073875,7.62171804125038
1981,0.3629591955290495,8.197856879683735,7.834897684154686
1982,0.4298809603004534,8.152807404589483,7.72292644428903
1983,0.24248014087747718,8.168292125131165,7.925811984253688
1984,0.365623653875533,8.089741748304329,7.724118094428796
1985,0.2821049653237495,8.120246269809288,7.838141304485538
1986,0.42934826024089306,8.110791753510766,7.681443493269873
1987,0.47854086051277817,8.284561058956672,7.806020198443894
1988,0.48108642292052495,8.107388765974408,7.626302343053883
1989,0.23412223142154492,8.260750530068792,8.026628298647248
1990,0.31958896514446133,8.253433779489058,7.933844814344596
1991,0.23158798093236366,8.149901325030877,7.918313344098513
1992,0.3496386034292031,8.04117985996592,7.691541256536717
1993,0.24640563336441332,8.331882108170106,8.085476474805693
1994,0.47819328942869577,8.1206694438231,7.642476154394405
1995,0.3050145464250013,8.278423190072974,7.973408643647973
1996,0.4578765903018647,8.270363048258035,7.812486457956171
1997,0.31371682438383675,8.289836840067442,7.976120015683605
1998,0.5808642568908505,8.107869174453402,7.527004917562551
1999,0.3806705778103834,8.147585977784907,7.766915399974524
2000,0.35852107589598753,8.14491212863826,7.786391052742273
2001,0.5659745722898084,8.227687506987957,7.661712934698149
2002,0.2218020472865564,8.18440844521007,7.962606397923513
2003,0.6278716352361131,8.265067938329967,7.6371963030938534
2004,0.4475121121974112,8.270414330007974,7.8229022178105625
2005,0.20549684851438063,8.044698132756583,7.839201284242202
2006,0.3731271777454884,8.276285519085443,7.903158341339954
2007,0.6235377001447625,8.384949623845376,7.761411923700614
2008,0.5418828789642289,8.166361141327899,7.62447826236367
2009,0.305803475130105,8.172177441284738,7.866373966154633
2010,0.3793596032229695,8.187435998957422,7.808076395734453
2011,0.36885061585388,8.230878751429133,7.862028135575253
2012,0.36861489690130467,8.120297388210904,7.7516824913096
2013,0.5522096299639935,8.312957827997126,7.7607481980331325
2014,0.35070693534236663,8.172918350958248,7.8222114156158815
2015,0.35657590746292733,7.975558224826588,7.618982317363661
2016,0.4235117683896539,8.172546824841376,7.7490350564517225
2017,0.500212240274816,8.277106985115795,7.776894744840979
2018,0.4420044784105015,8.337020243552205,7.895015765141704
2019,0.24692114025888462,8.257555325533275,8.010634185274391
2020,0.2581719968577836,8.238270837036312,7.980098840178528
2021,0.3297318733116344,8.188044349972458,7.858312476660823
2022,0.36429150930791016,8.175792086236735,7.811500576928824
2023,0.28228667878772834,8.294300533208359,8.01201385442063
2024,0.3402806592297386,8.160117721589982,7.819837062360244
2025,0.2813025416895229,8.096577201997448,7.815274660307925
2026,0.3671456127683613,8.26577981184652,7.89863419907816
2027,0.3009048350559486,8.073696161605493,7.7727913265495445
2028,0.18834322997961833,8.217586130893688,8.029242900914069
2029,0.39466627806685317,8.22837722549727,7.833710947430418
2030,0.4118142770447812,8.08281195997646,7.670997682931679
2031,0.4973857995202707,8.16744928676017,7.6700634872399
2032,0.37974598452515274,8.23747027296591,7.857724288440757
2033,0.3044549357703692,7.907648199874364,7.603193264103995
2034,0.2594049963908306,8.104697466864003,7.845292470473173
2035,0.6754348113728882,8.13701010854654,7.461575297173653
2036,0.4378428159168579,8.328090123596432,7.890247307679575
2037,0.3609085977363587,8.1797233925097,7.818814794773342
2038,0.52948260344742,8.338703189280695,7.809220585833275
2039,0.41852015632030165,8.214884752878161,7.79636459655786
2040,0.4180953940037481,8.272583049769416,7.854487655765668
2041,0.2643483056323872,8.075405704005979,7.811057398373592
2042,0.45687332491711885,8.079101347501865,7.622228022584746
2043,0.3430968446459481,8.194710334692282,7.851613490046334
2044,0.4697765109337596,8.186740349578042,7.716963838644282
2045,0.5305181430223027,8.270446895144351,7.739928752122049
2046,0.42607223925750076,8.173425125309407,7.747352886051907
2047,0.47980144148880316,8.39213897693988,7.912337535451076
2048,0.5541044486057144,8.224126569605744,7.67002212100003
2049,0.3237482821541064,8.06714207460062,7.743393792446513
2050,0.6634482116956515,8.336128907579724,7.672680695884072
2051,0.6165328348197623,8.16420494390638,7.547672109086618
2052,0.6280111920764465,7.978443800987142,7.350432608910696
2053,0.41461961328200464,8.292908233135428,7.878288619853423
2054,0.38940662200474035,8.176750634807947,7.7873440128032065
2055,0.3817599599189214,8.14196658616352,7.760206626244598
2056,0.3317602580322804,8.20176850731754,7.87000824928526
2057,0.4907049219385698,8.14858572694837,7.657880805009801
2058,0.32377396955028304,8.127371018946842,7.80359704939656
2059,0.3400953736645983,8.32930490943433,7.989209535769731
2060,0.6102394672719555,8.100841701463024,7.490602234191068
2061,0.44388792448016084,8.29268886472219,7.84880094024203
2062,0.3123710491335658,8.072637030809005,7.76026598167544
2063,0.5969312818907305,8.425096661717715,7.828165379826984
2064,0.313228246830055,8.18394293282908,7.870714685999025
2065,0.2997472013561113,8.177102541082013,7.877355339725901
2066,0.5147336303544265,8.132827733430322,7.6180941030758955
2067,0.5600754081423276,8.218594704360749,7.658519296218421
2068,0.2637360766687965,8.17400160872906,7.910265532060264
2069,0.4437705276998972,8.044008749892816,7.600238222192919
2070,0.5082214223153695,8.184054538156238,7.675833115840868
2071,0.4205807218256221,8.147831647983523,7.7272509261579
2072,0.4116738653419351,8.212173245154155,7.800499379812219
2073,0.2994356805762364,8.117272259290157,7.817836578713921
2074,0.14344538673173243,7.944599139501052,7.801153752769319
2075,0.34389005707365716,8.1477086393797,7.803818582306042
2076,0.375565707335288,8.239590134927989,7.8640244275927005
2077,0.4335679127607264,8.17399506430932,7.740427151548594
2078,0.6085125025732854,8.164751478821872,7.556238976248586
2079,0.5445162518069775,8.384590356102414,7.840074104295437
2080,0.5546190939835082,8.219459425719016,7.664840331735508
2081,0.40404546202655334,8.14513103986225,7.741085577835697
2082,0.22912495218928078,8.28000283679772,8.05087788460844
2083,0.3637499046018201,8.299018586939807,7.935268682337987
2084,0.5539992851022588,8.181173441683432,7.627174156581173
2085,0.44969505152607747,8.454159860767112,8.004464809241034
2086,0.22057315791995005,8.212770399858417,7.9921972419384675
2087,0.41209098411178247,8.20926919500297,7.797178210891187
2088,0.5563919330202739,8.342992033856127,7.786600100835853
2089,0.5534847091859642,8.245212553092909,7.6917278439069445
2090,0.32931359347422406,8.207750752333885,7.8784371588596604
2091,0.4366132019203859,8.339953743752073,7.903340541831687
2092,0.5590003198452592,8.11862038548663,7.55962006564137
2093,0.48248414679119683,8.146592469800412,7.6641083230092155
2094,0.35518240636749904,8.21635717001559,7.861174763648091
2095,0.26807200466379394,8.193778238634758,7.925706233970964
2096,0.5231623709233693,8.329030356753043,7.805867985829673
2097,0.3549687480662139,8.195170824605212,7.840202076538998
2098,0.35802447990157377,8.197321423077307,7.839296943175733
2099,0.41466428705497954,8.163180613549866,7.748516326494886
2100,0.22672676968435684,8.11430842926021,7.887581659575854
2101,0.6300400261503706,8.218138657324028,7.588098631173657
2102,0.4176126672586066,8.198844981825433,7.781232314566826
2103,0.4580328522183028,8.101045351127995,7.643012498909693
2104,0.41909432277592323,8.049243920621707,7.630149597845784
2105,0.38949443492199926,8.277859478206016,7.8883650432840176
2106,0.3657725946353536,8.012964251375152,7.647191656739798
2107,0.5238008890898975,8.228826157346635,7.705025268256738
2108,0.47757468860485647,8.220841941779515,7.7432672531746585
2109,0.5189359049293651,8.18629755624477,7.667361651315406
2110,0.6532561448607158,8.16130901278687,7.508052867926153
2111,0.20078764995885304,8.10131131978108,7.900523669822228
2112,0.34878729343797177,8.146357127910075,7.797569834472104
2113,0.2009367657869178,8.286046875060412,8.085110109273495
2114,0.39495353101716013,8.038088673209943,7.643135142192783
2115,0.4133282777457907,8.2521129397668,7.838784662021009
2116,0.22384318732248676,8.155659067970252,7.931815880647765
2117,0.6105964360356023,8.17943534308594,7.5688389070503375
2118,0.37314450730542886,8.276691315062953,7.903546807757524
2119,0.6039612278231334,8.221712571942446,7.617751344119312
2120,0.2815035161031086,8.17826997747108,7.896766461367972
2121,0.4045602210633815,8.214654700285031,7.810094479221649
2122,0.3920102879702509,8.359271459492271,7.96726117152202
2123,0.3675624165098133,8.246963636294577,7.879401219784763
2124,0.49754715316290193,8.234714913545123,7.737167760382221
2125,0.22882791225695695,8.215779152231656,7.986951239974699
2126,0.5551932247684364,8.158492073996142,7.603298849227706
2127,0.178264291274642,8.043874043057508,7.865609751782866
2128,0.3504746085604424,8.198206252371646,7.847731643811204
2129,0.4077105572078735,8.170208118077964,7.762497560870091
2130,0.331116455073578,8.067929635925118,7.736813180851541
2131,0.3878071274826349,8.259243472197243,7.871436344714608
2132,0.4798476557389664,8.13168120081483,7.651833545075863
2133,0.38891518678035747,8.127188586046437,7.738273399266079
2134,0.3145547070858984,8.27873898966677,7.964184282580872
2135,0.5074384364812945,8.146943460611746,7.639505024130452
2136,0.2268038575441156,8.243839305190908,8.017035447646792
2137,0.5693355565100796,8.159854121931701,7.590518565421622
2138,0.522550362553187,8.154950493529558,7.632400130976371
2139,0.5820933785045697,8.264615932768985,7.682522554264415
2140,0.3302039390642246,8.245400939950317,7.915197000886092
2141,0.2521677766989506,8.070674124166382,7.818506347467432
2142,0.34139990954563393,8.293867761904393,7.952467852358758
2143,0.4356861287676915,8.216706249515486,7.781020120747795
2144,0.3282102478969015,8.17925472731231,7.851044479415409
2145,0.3996381461213118,8.098016489199415,7.698378343078103
2146,0.4818289326533776,8.13888732736455,7.657058394711172
2147,0.3918723728526076,8.116206089367342,7.724333716514734
2148,0.43650498586146874,8.312985780550703,7.8764807946892335
2149,0.6285265355813072,8.253214370026317,7.62468783444501
2150,0.12656193816518135,8.054452376231154,7.9278904380659725
2151,0.4503284640486327,8.1992641423201,7.748935678271467
2152,0.2357458658319971,8.169674571800813,7.933928705968817
2153,0.3434686247974364,8.24710881207837,7.903640187280933
2154,0.3094171795006739,8.255023911508953,7.9456067320082795
2155,0.2665097858002254,8.101887353724491,7.835377567924266
2156,0.4291407441640112,8.169264627265154,7.740123883101142
2157,0.4656585036972899,8.1877707126512,7.722112208953911
2158,0.45301104148428684,8.295160868302679,7.842149826818392
2159,0.5118268865256747,8.096802167162203,7.584975280636528
2160,0.45301722754293244,8.280173298483376,7.827156070940444
2161,0.5307049832686535,8.245074688533272,7.714369705264619
2162,0.4220183543806115,8.086070153537108,7.664051799156496
2163,0.3389328669953901,8.226541487044075,7.8876086200486855
2164,0.577822186598535,8.26018456366341,7.682362377064875
2165,0.44577531036006257,8.173218832603064,7.727443522243002
2166,0.43596721785752607,8.2674782998968,7.831511082039273
2167,0.30368666155476065,8.141195200234353,7.837508538679593
2168,0.43545405557673683,8.178026853438169,7.742572797861432
2169,0.35751421633717184,7.979162827888697,7.6216486115515245
2170,0.4784194756828362,8.254158578484509,7.775739102801673
2171,0.428147692573516,8.226763262032321,7.798615569458805
2172,0.4778293248022477,8.310942379054303,7.833113054252055
2173,0.48773605325986985,8.138668711554441,7.650932658294571
2174,0.26210006037346784,8.204294638068665,7.942194577695197
2175,0.39750868022032143,8.178108257540215,7.780599577319894
2176,0.5707948405814895,8.121108120194636,7.550313279613146
2177,0.41214768866318185,8.195227821068343,7.7830801324051615
2178,0.13556396652964717,8.159794524925053,8.024230558395406
2179,0.4138734371971788,8.15426636215696,7.740392924959782
2180,0.34497445600773635,8.055100733099414,7.710126277091677
2181,0.29793764413698753,8.158735202578548,7.86079755844156
2182,0.5201378646491571,8.270767805628042,7.750629940978885
2183,0.422571453921294,8.39571575524653,7.973144301325235
2184,0.37855383441653423,8.389152433637388,8.010598599220854
2185,0.44692848632816295,8.223760433507257,7.776831947179094
2186,0.34007221106613017,8.125521547094246,7.785449336028116
2187,0.46233900011041945,8.350660408927332,7.888321408816913
2188,0.41612189542833744,8.231187244445314,7.815065349016977
2189,0.2592971669896217,8.077065746138958,7.8177685791493365
2190,0.42834515903437437,8.251305794750964,7.82296063571659
2191,0.4635535009079401,8.14871556630286,7.68516206539492
2192,0.6244831452999254,8.403215687878491,7.778732542578566
2193,0.16846123733216334,8.102339026961612,7.933877789629449
2194,0.33020973291758743,8.246319614318605,7.916109881401018
2195,0.42213753617390426,8.153224179090522,7.731086642916617
2196,0.42804222075254905,8.263344542754929,7.83530232200238
2197,0.40713483536587886,8.194728421619976,7.787593586254097
2198,0.3414927174658311,8.193419115963842,7.85192639849801
2199,0.3423844291183136,8.236115293109036,7.893730863990722
2200,0.6010814964803681,8.242607991424586,7.641526494944218
2201,0.3371477368930165,8.241142735735878,7.903994998842861
2202,0.33356977044881425,8.195824603540661,7.862254833091847
2203,0.23095348083299133,8.141278915969213,7.9103254351362216
2204,0.2853589672162425,8.04273464268342,7.757375675467178
2205,0.4342314009064298,8.194848603049461,7.760617202143032
2206,0.5649521860729323,8.263209333505365,7.698257147432433
2207,0.40685946523506755,8.15304841175953,7.746188946524462
2208,0.28382174593750614,8.244687806185505,7.960866060247999
2209,0.023980911953885072,8.210440510703597,8.186459598749712
2210,0.39262444107658095,8.128174679725737,7.7355502386491555
2211,0.5690255660762957,8.134009699858149,7.564984133781853
2212,0.4583147630912949,8.278778973304009,7.820464210212714
2213,0.2767295609880062,8.07725342427737,7.800523863289364
2214,0.36064965431690577,8.038896435480282,7.678246781163376
2215,0.4382602295375105,8.264550439819585,7.826290210282075
2216,0.30736844448560946,8.146576577514745,7.839208133029135
2217,0.43729333496348405,8.219436034805115,7.782142699841631
2218,0.3704293308536954,8.162682559864251,7.792253229010556
2219,0.35438403564724547,8.087507600347978,7.733123564700732
2220,0.7341493558117368,8.323616113017456,7.589466757205719
2221,0.30613752759189483,8.187288276192316,7.881150748600421
2222,0.4454307339790517,8.246081334847794,7.800650600868742
2223,0.3716303324953691,8.249027494235857,7.877397161740489
2224,0.46524717775015245,7.987418850552668,7.522171672802516
2225,0.46955941271457263,8.09642092582172,7.626861513107147
2226,0.3684627382918599,8.258475777639957,7.890013039348097
2227,0.31502593881113594,8.202886915571945,7.887860976760809
2228,0.5202062834190526,7.984501610912658,7.4642953274936055
2229,0.41472870919389526,8.234504288736701,7.8197755795428066
2230,0.3794384690757686,8.212440699167463,7.833002230091694
2231,0.46323381491120835,8.115616155920579,7.65238234100937
2232,0.5834236044950343,8.218392368823691,7.634968764328657
2233,0.529414143860985,8.27948318803221,7.750069044171225
2234,0.47452452335545364,8.11612279845585,7.641598275100396
2235,0.32043286199303794,8.059541535732297,7.739108673739259
2236,0.33384166543404736,8.144997369328758,7.811155703894711
2237,0.3939578542967032,8.302100021716054,7.908142167419351
2238,0.38938242771591647,8.330017964223144,7.940635536507227
2239,0.21508903985998074,8.150049434200094,7.934960394340113
2240,0.4147101346533883,8.131596027231803,7.716885892578414
2241,0.5172113225656688,8.174743383917525,7.657532061351856
2242,0.3536404933285526,8.242453202934035,7.8888127096054825
2243,0.6043181224832547,8.24928093151152,7.644962809028264
2244,0.4527974460613984,8.237951883226932,7.785154437165534
2245,0.36685330740331396,8.201212504968838,7.834359197565524
2246,0.3765284033597008,8.257256553729254,7.880728150369554
2247,0.3730169580758679,8.142664478404729,7.769647520328861
2248,0.3567976402344438,8.094084774334506,7.737287134100063
2249,0.24183394870361827,8.135418409014665,7.893584460311047
2250,0.28945570307482177,8.088506499367929,7.799050796293107
2251,0.4553653680132463,8.230388602938817,7.775023234925571
2252,0.4585334935432932,8.191781098147947,7.733247604604654
2253,0.4732262172255086,8.209222877535225,7.735996660309716
2254,0.3150428087973691,8.293996077899559,7.97895326910219
2255,0.4375096475749672,8.251907474273688,7.814397826698721
2256,0.24060214300886723,8.156688330354536,7.916086187345669
2257,0.4138170823021867,8.212046126996537,7.7982290446943505
2258,0.4602767325823185,8.090993116809495,7.630716384227176
2259,0.5230712593898089,8.21026036471726,7.687189105327452
2260,0.43975791364887,8.114551586149839,7.674793672500969
2261,0.17702513202093534,8.277272695930357,8.100247563909422
2262,0.39212932606936834,8.234806686702221,7.842677360632853
2263,0.3621829472008771,8.128154500917475,7.765971553716597
2264,0.5419198669052777,8.106432923471834,7.564513056566557
2265,0.45663464809828036,8.302087607327172,7.845452959228892
2266,0.454682325724343,8.189224367248583,7.73454204152424
2267,0.5190529553564542,8.242522216662419,7.723469261305965
2268,0.30131875799845376,8.240246753500166,7.938927995501713
2269,0.5265461191217616,8.168290300503303,7.641744181381541
2270,0.13785478333988024,8.295587575017715,8.157732791677834
2271,0.5003855679513228,8.14557196411321,7.645186396161886
2272,0.42701975804617903,8.108983056896728,7.681963298850548
2273,0.4566626229261794,8.12387312570603,7.6672105027798505
2274,0.43180746364135403,8.232625419025144,7.80081795538379
2275,0.4202663802905645,8.204492096222909,7.784225715932345
2276,0.408526823540877,8.231829454371473,7.823302630830597
2277,0.4249882777389823,8.078658935897467,7.653670658158485
2278,0.4468087769438967,8.36997938754559,7.923170610601693
2279,0.44014048364320785,8.180420899411308,7.7402804157681
2280,0.44332449671538077,8.289928024174426,7.846603527459045
2281,0.45880515165338004,8.2307063680735,7.77190121642012
2282,0.468677934026555,8.17071190046245,7.702033966435895
2283,0.30668537337732227,8.191698190271872,7.88501281689455
2284,0.18143483285965856,8.163394750561608,7.981959917701949
2285,0.32345246488904517,8.13321638868836,7.8097639237993155
2286,0.4836086164018528,8.187764522760437,7.704155906358585
2287,0.16727629509985092,8.170268173675511,8.00299187857566
2288,0.3606978761481073,8.15490372123404,7.7942058450859335
2289,0.4105198267792868,8.157739120523402,7.7472192937441156
2290,0.3924954550556161,8.260879005231413,7.868383550175796
2291,0.2550498442273168,8.17355976405833,7.918509919831013
2292,0.5259792801902375,8.333034991824642,7.807055711634404
2293,0.49160674408169414,8.200008701828992,7.708401957747298
2294,0.4249646532382694,8.033150259953318,7.608185606715049
2295,0.36577176500620906,8.181762070732011,7.815990305725802
2296,0.6177584909007312,8.223940963151255,7.6061824722505245
2297,0.23947953653815496,8.24845007437603,8.008970537837875
2298,0.38349883201255425,8.218271311953043,7.834772479940488
2299,0.44902090973950903,8.471681243862417,8.022660334122907
2300,0.4124692918067678,8.195984952294122,7.783515660487354
2301,0.5078814771119378,8.25675924676707,7.748877769655132
2302,0.40916925768762646,8.316869872202128,7.907700614514502
2303,0.46858467169516926,8.307250476138194,7.838665804443024
2304,0.4414262906909762,8.298910197099257,7.857483906408281
2305,0.28086129196476517,8.139178097307024,7.858316805342259
2306,0.17738610729162985,8.1990178897676,8.02163178247597
2307,0.2404016952790763,8.198308299460239,7.957906604181162
2308,0.5409729441498877,8.19245343281635,7.651480488666462
2309,0.44748805891330357,8.175549040374955,7.728060981461652
2310,0.4954734694705533,8.229514579160291,7.734041109689738
2311,0.41200889784494266,8.264460885960558,7.852451988115615
2312,0.25498800018653855,8.083857385119773,7.828869384933234
2313,0.5190247387571226,8.194747363270466,7.675722624513343
2314,0.21780488151606156,8.175781196521532,7.957976315005471
2315,0.43011735177831073,8.089631560606337,7.659514208828027
2316,0.4818587472540755,8.230675857869702,7.748817110615627
2317,0.2537406410632419,8.18343701311573,7.929696372052488
2318,0.5056328366813656,8.181502529216333,7.675869692534968
2319,0.38532726229000197,8.257289725725037,7.871962463435035
2320,0.2725180474608417,8.111037006055307,7.838518958594466
2321,0.4519292013323967,8.290792797381823,7.838863596049426
2322,0.558465606939119,8.241131199925455,7.682665592986336
2323,0.33108557562913327,8.15351181454107,7.822426238911936
2324,0.45483843655038003,8.11127162852803,7.65643319197765
2325,0.13460081317319275,8.113856422326403,7.979255609153211
2326,0.34719060698443566,8.217099215712341,7.869908608727906
2327,0.3707076653529156,8.240267565640856,7.869559900287941
2328,0.3778570434927089,8.222038766527666,7.844181723034957
2329,0.4173453917111734,8.13553106449826,7.718185672787086
2330,0.35208099427740464,8.074534861001295,7.722453866723891
2331,0.19401951203359946,8.101185812473602,7.907166300440003
2332,0.48469943082743555,8.14450897311224,7.659809542284804
2333,0.30929838213869343,8.001522240250365,7.692223858111672
2334,0.5008419769143684,8.223881385902196,7.723039408987828
2335,0.48373621370178177,8.208208294124844,7.724472080423062
2336,0.4136282280080955,8.224284986418954,7.810656758410859
2337,0.5745364844425409,8.121227069459469,7.546690585016927
2338,0.4100012206581155,8.319027215379897,7.909025994721782
2339,0.5815131101648188,8.292250158374694,7.710737048209875
2340,0.3077359199715957,8.10423678758955,7.7965008676179535
2341,0.4240260866786229,8.202115679262402,7.778089592583779
2342,0.36540109445589797,8.268963749889286,7.903562655433388
2343,0.5111097101440022,8.174373818267126,7.663264108123124
2344,0.46133629701022694,8.29614601039387,7.834809713383642
2345,0.28984526478946837,8.217493955122166,7.927648690332697
2346,0.3023017716721559,8.143844612420004,7.841542840747849
2347,0.5679241213790828,8.319473403804725,7.751549282425643
2348,0.4747033201853997,8.241576220675507,7.766872900490107
2349,0.4085382440023475,8.298293427550139,7.889755183547791
2350,0.3604822102006087,8.246804740955435,7.886322530754826
2351,0.4186144633036083,8.185558317682199,7.7669438543785905
2352,0.5052123266229074,8.22813355474995,7.722921228127043
2353,0.46485841570906034,8.304405145920283,7.8395467302112225
2354,0.4886837079976175,8.156286929841459,7.667603221843841
2355,0.42703559308860567,8.190087889235178,7.763052296146572
2356,0.19332013063458625,8.162963891157037,7.969643760522451
2357,0.4975313864368945,8.382026755181677,7.8844953687447825
2358,0.4311458422239455,8.250684743814217,7.819538901590271
2359,0.5791384092919817,8.26854862140537,7.689410212113389
2360,0.2882970397308419,8.186540177497823,7.898243137766982
2361,0.4646393491130089,8.247861800348634,7.783222451235625
2362,0.5662251073020572,8.345515202353912,7.779290095051855
2363,0.6193128489531642,8.33884115368238,7.719528304729215
2364,0.18759459591931055,8.02503604695331,7.8374414510340005
2365,0.265809903284731,8.174779446967595,7.908969543682863
2366,0.4407435168127417,8.105974158500468,7.665230641687726
2367,0.47715031575575667,8.364130655304201,7.886980339548445
2368,0.29896655187993026,8.126432430972436,7.827465879092506
2369,0.2760773347244274,8.231235964910086,7.955158630185658
2370,0.43194181279944266,8.348302888087954,7.916361075288511
2371,0.5042404695381354,8.230617305950474,7.726376836412339
2372,0.42910513282687,8.189817464232682,7.760712331405812
2373,0.45806531982474546,8.335655050597836,7.87758973077309
2374,0.552735929391174,8.188430322171612,7.635694392780438
2375,0.36335133110088735,8.328072873266692,7.964721542165805
2376,0.5267135808173983,8.115049916858306,7.588336336040907
2377,0.5310670564168617,8.295433427056201,7.7643663706393395
2378,0.460064376060945,8.099226313043088,7.639161936982143
2379,0.4233944134161125,8.042069053988529,7.618674640572417
2380,0.3363198425335666,8.152597786642797,7.81627794410923
2381,0.27714737648316207,8.21383003897957,7.936682662496407
2382,0.21541566705081436,8.117804327516943,7.902388660466128
2383,0.5391118265164285,8.28937358453493,7.750261758018501
2384,0.3521722856314621,8.229636831942898,7.877464546311436
2385,0.2659159443457065,8.235349301157756,7.96943335681205
2386,0.3335418764958661,8.171733705907771,7.838191829411905
2387,0.6054500920127468,8.137317221351674,7.531867129338927
2388,0.6129190306235519,8.066612364658038,7.453693334034487
2389,0.4816071468299789,8.081928095323374,7.600320948493395
2390,0.3420742319211565,8.076055147228416,7.73398091530726
2391,0.505837441113939,8.19187157133702,7.686034130223081
2392,0.44251161097189334,8.231054045689653,7.78854243471776
2393,0.3704203643228356,8.312560550325626,7.942140186002791
2394,0.49840429151452653,8.166033216139132,7.667628924624606
2395,0.5296926437152765,8.276985804171762,7.747293160456485
2396,0.31252641811463844,8.095039865858126,7.782513447743488
2397,0.10703966804820808,8.128623081271376,8.02158341322317
2398,0.31561323581298084,8.220427582208082,7.904814346395101
2399,0.4925426534911192,8.235574585260581,7.743031931769462
2400,0.3382154796688613,8.29303092986238,7.95481545019352
2401,0.46874890055032414,8.423441988707356,7.954693088157033
2402,0.5210119048558253,8.250281828527278,7.729269923671453
2403,0.23126732925804216,8.09073601696813,7.859468687710088
2404,0.37860212729725135,8.30654090103139,7.927938773734138
2405,0.2669514846735924,8.145180009508602,7.878228524835009
2406,0.46984987020894187,8.217393347370836,7.747543477161893
2407,0.3463828922745072,8.209889516992156,7.863506624717649
2408,0.5308205484744346,8.208254621978613,7.677434073504179
2409,0.44404059997190437,8.318780834623352,7.874740234651448
2410,0.41815848882822493,8.154901388229527,7.736742899401302
2411,0.48867946270193785,8.145000589452923,7.656321126750986
2412,0.4034850024704217,8.2348704401241,7.831385437653678
2413,0.4162818937910402,8.164933351895053,7.748651458104013
2414,0.2763371636495726,8.15945207041045,7.883114906760878
2415,0.3688522222792829,8.169459300553967,7.800607078274685
2416,0.3430867886676594,8.236971994774997,7.8938852061073375
2417,0.4715779633994812,8.219920830098166,7.748342866698685
2418,0.3722325508541857,8.149580719640406,7.7773481687862205
2419,0.2103966599791777,8.182111683352012,7.971715023372835
2420,0.5706079901760799,8.140413222886563,7.5698052327104834
2421,0.3803661532014279,8.006801193224625,7.626435040023197
2422,0.14413527321654238,7.90448420276742,7.760348929550878
2423,0.4422401395400965,8.310766251499007,7.868526111958911
2424,0.40386777568518695,8.31866089503403,7.914793119348843
2425,0.3800289138615844,8.185948386068318,7.805919472206734
2426,0.42128675097202534,8.17578546575739,7.754498714785364
2427,0.47322982313226236,8.15954569900711,7.686315875874847
2428,0.27943263400567253,8.267740731416104,7.988308097410432
2429,0.4176996476844863,8.089584406255566,7.67188475857108
2430,0.2113267711186385,8.213579221179582,8.002252450060944
2431,0.4329465247217073,8.23335184822181,7.800405323500103
2432,0.4230530370974336,8.126830035568732,7.703776998471298
2433,0.2616287020411399,8.149384242292737,7.887755540251597
2434,0.34633982655768014,8.186516338205541,7.840176511647861
2435,0.37151356671397806,8.25489305522248,7.883379488508502
2436,0.3139426388688274,8.316413951580628,8.002471312711801
2437,0.344302411036453,8.222347036690342,7.87804462565389
2438,0.39205005300003326,8.160092528344114,7.768042475344081
2439,0.16920504459671837,8.135124467678493,7.9659194230817745
2440,0.35074509567923484,8.135074656003455,7.78432956032422
2441,0.43954201884585564,8.258215267599805,7.818673248753949
2442,0.352891615512719,8.09786129130008,7.7449696757873605
2443,0.4708530579977161,8.163261494196187,7.692408436198471
2444,0.39528062258657587,8.134493336575412,7.739212713988836
2445,0.36328779106779985,8.122779767229385,7.759491976161586
2446,0.4327175386843144,8.313937597742433,7.881220059058118
2447,0.4010661678178497,8.159135124191833,7.758068956373983
2448,0.2776585301688894,8.259955377671027,7.982296847502138
2449,0.4841130334766865,8.180557835032278,7.696444801555592
2450,0.4362170109291623,8.241192490842064,7.804975479912901
2451,0.6303126090236342,8.315983064645922,7.6856704556222875
2452,0.4629995441848421,8.20556395886867,7.7425644146838275
2453,0.555152540149303,8.207519754056523,7.652367213907221
2454,0.4947758474472847,8.282755073532,7.787979226084715
2455,0.45288496386063426,8.22509692918664,7.772211965326005
2456,0.40380520814932214,8.165276180096557,7.761470971947235
2457,0.46898438201972076,8.077162717943576,7.6081783359238555
2458,0.5060511340122267,8.171632475508357,7.6655813414961305
2459,0.5097900487443228,8.34177780475131,7.831987756006987
2460,0.7660721363125127,8.308920206315221,7.542848070002709
2461,0.4029372988312903,8.260583150290689,7.857645851459399
2462,0.4044034685671104,8.22995726438699,7.825553795819879
2463,0.32184618572357193,8.090887919134499,7.769041733410926
2464,0.5909212849618803,8.132285201163672,7.541363916201791
2465,0.5614153405111161,8.19679938877018,7.6353840482590645
2466,0.4898328845514242,8.240374910012573,7.750542025461149
2467,0.33090263741578435,8.264749647385619,7.933847009969835
2468,0.45584575554847695,8.296893012183567,7.84104725663509
2469,0.41447578787289757,8.269530255754503,7.855054467881605
2470,0.5105326808530748,8.088839583859617,7.578306903006542
2471,0.29041848131197484,8.10517711419431,7.814758632882335
2472,0.5415595477667337,8.256895663824944,7.71533611605821
2473,0.27344801124900575,8.128674969564337,7.855226958315331
2474,0.45436634570360007,8.235613595423338,7.781247249719738
2475,0.23830430739687483,8.314826291879921,8.076521984483046
2476,0.4206377453237883,8.295810625676882,7.875172880353094
2477,0.39157478322782807,8.239879310431858,7.84830452720403
2478,0.3875751153946302,8.169957650182585,7.782382534787955
2479,0.4522533568863214,8.348610062056968,7.896356705170647
2480,0.4490055879377006,8.270522413814643,7.821516825876942
2481,0.15640785241979546,8.02522178156383,7.868813929144035
2482,0.4415791926408284,8.307841879504823,7.866262686863994
2483,0.26983240063988606,8.116437434878067,7.8466050342381815
2484,0.3506487375403507,8.2949131174187,7.944264379878349
2485,0.506205242470732,8.189300357078224,7.683095114607492
2486,0.425686752838038,8.216374035472558,7.79068728263452
2487,0.4818259085982751,8.011227215175756,7.529401306577481
2488,0.4580988665281406,8.15750740894941,7.69940854242127
2489,0.48234500421749904,8.187171628118298,7.704826623900799
2490,0.38303741136560054,8.283982341412699,7.900944930047098
2491,0.2835633634198681,8.166241082153515,7.882677718733647
2492,0.2785254952390476,8.107735619709107,7.82921012447006
2493,0.5246466803012417,8.300812319964992,7.77616563966375
2494,0.5107006545926102,8.196007250899145,7.685306596306535
2495,0.23058635816938658,8.11203247478186,7.881446116612473
2496,0.5671462888524847,8.185759292158844,7.6186130033063595
2497,0.3732997486629566,8.146949194771555,7.773649446108598
2498,0.19926974961753882,8.127290458652212,7.928020709034673
2499,0.3830831576187208,8.238392464638027,7.855309307019306
2500,0.34570251587560724,8.194802491775459,7.849099975899851
2501,0.5168120477506869,8.259778815676265,7.742966767925578
2502,0.1841215996204582,8.093118577406152,7.908996977785693
2503,0.4019305403045933,8.322360329128326,7.920429788823733
2504,0.36412870263348707,8.164291721276475,7.800163018642988
2505,0.2877190812845753,8.044132423928941,7.7564133426443655
2506,0.36542256874929996,8.133344664715507,7.767922095966207
2507,0.31282737520107473,8.112626809971646,7.799799434770571
2508,0.38162830996932917,8.113796686907017,7.732168376937688
2509,0.4907408283605038,8.287088660611746,7.796347832251242
2510,0.5440462652166601,8.150067813849779,7.606021548633119
2511,0.3444309235840738,8.330629813380522,7.986198889796448
2512,0.33302593029583805,8.066381984892912,7.733356054597074
2513,0.4183199274068088,8.151312302812872,7.732992375406064
2514,0.47694336505124363,8.270521595223219,7.793578230171975
2515,0.4822949986800073,8.125563641541657,7.643268642861649
2516,0.6504046734373873,8.354706924722484,7.704302251285096
2517,0.37789811736257517,8.090134263614804,7.712236146252229
2518,0.3722980646716794,8.150967061920147,7.7786689972484675
2519,0.5792939386576731,8.133562606188692,7.5542686675310184
2520,0.5654999908132019,8.100557414310446,7.535057423497244
2521,0.45712747841641366,8.364948012559006,7.9078205341425925
2522,0.33272514905936457,8.234771230305125,7.90204608124576
2523,0.30256398129885964,8.258683374451426,7.956119393152566
2524,0.3762140737300745,8.246432182570873,7.870218108840798
2525,0.44099517885003137,8.24828604029537,7.807290861445339
2526,0.37448453518473684,8.242326515019851,7.867841979835114
2527,0.36470814521276146,8.064769676776702,7.700061531563941
2528,0.23951372163741397,8.263522683101769,8.024008961464355
2529,0.4100790665463456,8.17762581008629,7.767546743539945
2530,0.5246881361751012,8.314256176716283,7.789568040541182
2531,0.32722378071336666,8.211481093571253,7.884257312857886
2532,0.4753666162229855,8.219810491778457,7.744443875555471
2533,0.2611687081258715,8.133112100489694,7.871943392363822
2534,0.497576455664255,8.155817837428987,7.658241381764732
2535,0.40388394213591383,8.184882503543383,7.780998561407469
2536,0.49700076220509465,8.38987495505016,7.892874192845066
2537,0.507270347264669,8.265386363432562,7.758116016167893
2538,0.4124138225463801,8.24747031931434,7.83505649676796
2539,0.4100574182481484,8.078866749807977,7.668809331559829
2540,0.4431063747558468,8.196771065303091,7.753664690547244
2541,0.30048734414186823,8.138134370225561,7.837647026083693
2542,0.38045221519273253,8.323174272060871,7.9427220568681385
2543,0.4126433137908612,8.100338141768715,7.687694827977854
2544,0.3896488539142993,8.175541943262278,7.7858930893479785
2545,0.3589667867919612,8.146354468419668,7.787387681627707
2546,0.24884742713743588,8.066885213112206,7.81803778597477
2547,0.2958336509947183,8.166422094770061,7.870588443775342
2548,0.516024057665293,8.296455140259372,7.780431082594079
2549,0.29499264861439095,8.203070249048572,7.908077600434181
2550,0.29175850271827813,8.24990270334306,7.9581442006247824
2551,0.5159293604729224,8.250100152375758,7.7341707919028355
2552,0.429573107743013,8.182249405722938,7.752676297979925
2553,0.42886111678438693,8.261053305619573,7.832192188835186
2554,0.5770200686227787,8.15780549304283,7.580785424420051
2555,0.5198355111224169,8.203605015576832,7.683769504454415
2556,0.3894645309273541,8.113138734717822,7.723674203790468
2557,0.3341979719223998,8.06506748058675,7.73086950866435
2558,0.5163496247746757,8.29461990639068,7.778270281616005
2559,0.3360727885806788,8.173052373101592,7.836979584520914
2560,0.47935251495360814,8.064481886905275,7.585129371951667
2561,0.4829727224209745,8.377462923754301,7.894490201333326
2562,0.4116607680038718,8.197627713716265,7.785966945712394
2563,0.57290548389877,8.157748981536976,7.5848434976382055
2564,0.511251090101945,8.189214938296878,7.677963848194933
2565,0.3419081692235328,8.28643927803417,7.9445311088106365
2566,0.2158030405118856,8.042542745793686,7.8267397052818
2567,0.4586551854705162,8.207735030477082,7.749079845006565
2568,0.5165870291009347,8.056960985662355,7.540373956561421
2569,0.4041224537613612,8.323484797154517,7.919362343393156
2570,0.3621897716146109,8.232486012382969,7.870296240768358
2571,0.5313934534990493,8.196283892635883,7.664890439136833
2572,0.4948261065747478,8.152518140314777,7.657692033740029
2573,0.3710153697454403,8.151981106280264,7.7809657365348235
2574,0.34820921132386806,8.149369321121029,7.80116010979716
2575,0.4277908607170982,8.260497235454324,7.832706374737225
2576,0.41653544992747144,8.164231462180437,7.747696012252965
2577,0.4931964385209157,8.232599401222105,7.739402962701189
2578,0.5455471067834111,8.016122355330308,7.470575248546897
2579,0.5796669202771314,8.278995853304417,7.699328933027286
2580,0.3965181438209987,8.062925054425444,7.666406910604445
2581,0.4280138449207309,8.1951189602539,7.76710511533317
2582,0.17200136809935807,8.174577280576248,8.002575912476889
2583,0.509103090467676,8.225808791339341,7.716705700871666
2584,0.4771941611457801,8.142501544444716,7.665307383298936
2585,0.3195123738391646,8.037788045118724,7.718275671279559
2586,0.3522101397710173,8.062386696088542,7.710176556317524
2587,0.38104946551121827,8.192526390654479,7.8114769251432605
2588,0.49484019359475695,8.32855278200099,7.833712588406233
2589,0.44471699510136176,8.080773202773244,7.636056207671882
2590,0.3526454714047661,8.24839224748902,7.895746776084255
2591,0.47402716982554155,8.200391573017436,7.726364403191894
2592,0.426100812596944,8.272235484616631,7.846134672019687
2593,0.47723127958429934,8.248366843585025,7.771135564000725
2594,0.026759000578424355,8.261351485519778,8.234592484941354
2595,0.4825558470439274,8.136569623720753,7.654013776676826
2596,0.47637976154496753,8.290852660456407,7.81447289891144
2597,0.39108468385280154,8.200180303943153,7.809095620090352
2598,0.4701973914659916,8.186714084001865,7.7165166925358735
2599,0.5843434023259644,8.202122867856971,7.617779465531007
2600,0.49397247252525595,8.23901505952705,7.7450425870017945
2601,0.3351453068483321,8.305276308091365,7.970131001243033
2602,0.571478063258647,8.187577554634567,7.61609949137592
2603,0.47137338059584605,8.375324582412993,7.903951201817147
2604,0.5464331641146805,8.395783115103729,7.8493499509890485
2605,0.2494576263150841,8.084315291906565,7.834857665591481
2606,0.5454845132666296,8.095109020355974,7.549624507089344
2607,0.45227474097585085,8.139826926551958,7.6875521855761075
2608,0.45681095341756,8.158134746151925,7.701323792734365
2609,0.2797629872326756,8.286882795800548,8.007119808567872
2610,0.6129503351945214,8.268388682929668,7.655438347735147
2611,0.34418404908381367,8.218751236041014,7.8745671869572
2612,0.4614078332232869,8.213120432983384,7.751712599760097
2613,0.4901146486343091,8.144717579402318,7.654602930768009
2614,0.22117028640210962,8.080562497932073,7.859392211529963
2615,0.372304810805418,8.14168334035905,7.769378529553632
2616,0.37013447088596413,8.346655579385512,7.976521108499548
2617,0.4340993731247222,8.04605559956105,7.6119562264363285
2618,0.5246677519904106,8.264354155929292,7.739686403938881
2619,0.4459155209640448,8.130141229064792,7.6842257081007475
2620,0.5938529108981074,8.31433032360288,7.720477412704772
2621,0.2573696714088696,8.276843069959567,8.019473398550696
2622,0.3695711551696417,8.241486062812612,7.871914907642971
2623,0.535573721448905,8.118830725671508,7.583257004222602
2624,0.5711530495868138,8.307512454076047,7.736359404489233
2625,0.30415821155473804,8.07207462993407,7.767916418379332
2626,0.5172816452588306,8.359538209840771,7.84225656458194
2627,0.2293176285729165,8.176146494688469,7.946828866115553
2628,0.38576001309553504,8.22076334734439,7.835003334248855
2629,0.4986998185488588,8.238703758703895,7.740003940155036
2630,0.27649339789478433,8.013237297209939,7.7367438993151545
2631,0.5299199203720505,8.275879331080475,7.745959410708425
2632,0.3877124870442695,8.16568577052627,7.777973283482001
2633,0.39951974863295375,8.229096405798074,7.829576657165121
2634,0.4594654266264382,8.26991551683045,7.810450090204012
2635,0.4432914642508473,8.260763534751526,7.817472070500679
2636,0.44099592552502864,8.32234788671607,7.881351961191042
2637,0.5244755277281598,8.179528021300369,7.655052493572209
2638,0.2711099235596379,8.053889244101164,7.782779320541526
2639,0.257616422552233,8.203185769269648,7.9455693467174155
2640,0.41337836042441883,8.155269208638543,7.741890848214124
2641,0.382661835234136,8.299124656495218,7.916462821261082
2642,0.46558746168022375,8.192206541065994,7.72661907938577
2643,0.21176971147350934,8.221079096618787,8.009309385145277
2644,0.39928970301547934,8.279203240795038,7.879913537779559
2645,0.25658415822470443,8.141590737965632,7.885006579740928
2646,0.35473089881915554,8.09765175196947,7.742920853150315
2647,0.4856896618856201,8.23609983484967,7.75041017296405
2648,0.3595233359067892,8.159742449102092,7.800219113195303
2649,0.26170174185286044,8.0893961917699,7.82769444991704
2650,0.1972191381947614,8.259299100594298,8.062079962399537
2651,0.513524409093952,8.200611374589574,7.687086965495622
2652,0.5320868775515392,8.277283736630928,7.745196859079388
2653,0.36928652541178947,8.0657593513263,7.69647282591451
2654,0.1742478073329479,8.088460599620385,7.914212792287437
2655,0.2359214476828022,8.17361042854879,7.937688980865987
2656,0.2996853144926969,8.046861372868733,7.747176058376036
2657,0.428631323014946,8.127750451744927,7.699119128729981
2658,0.5381928106587195,8.227632978030863,7.689440167372144
2659,0.37328080190747315,8.129012071209813,7.7557312693023395
2660,0.4020161163914663,8.305182263809952,7.903166147418486
2661,0.30371708264170466,8.128438754977243,7.824721672335538
2662,0.3838628757537677,8.048985808847384,7.665122933093616
2663,0.2867288847357359,8.19999825669231,7.913269371956575
2664,0.4266478616123935,8.178010980772223,7.751363119159829
2665,0.21416572349316879,8.229477764986713,8.015312041493544
2666,0.4836100731182853,8.148077840927817,7.664467767809532
2667,0.29303909147372675,8.238808871945654,7.945769780471927
2668,0.3343113058342848,8.15444288672799,7.8201315808937055
2669,0.5034536624034711,8.23851331939626,7.735059656992789
2670,0.344501135316864,8.263670937011188,7.919169801694324
2671,0.5122991088902943,8.075463238331029,7.563164129440734
2672,0.5052432924746889,8.284477534614526,7.779234242139837
2673,0.42146975749199383,8.179756177606016,7.758286420114023
2674,0.3658395644594997,8.21545693122977,7.84961736677027
2675,0.42731074630804633,8.200229399264398,7.772918652956351
2676,0.30525426991289384,8.166718855853267,7.861464585940373
2677,0.3936386994719278,8.160216771844786,7.766578072372858
2678,0.3690973777407004,8.170528582720944,7.801431204980244
2679,0.2866907991675116,8.125009688724353,7.838318889556841
2680,0.2645949436256996,7.996068744521787,7.731473800896087
2681,0.32352067797032935,8.209826610005656,7.886305932035327
2682,0.4325998845401452,8.168718080616301,7.7361181960761565
2683,0.42768476050399834,8.161908432173968,7.7342236716699695
2684,0.500824288656508,8.212846856469241,7.712022567812733
2685,0.32766514328072555,8.118982770220516,7.79131762693979
2686,0.358257733797196,8.252446894313138,7.894189160515942
2687,0.5359000238851881,8.22849375086287,7.692593726977683
2688,0.36045784309681606,8.273439598869327,7.9129817557725115
2689,0.28404091530991493,8.231152428496904,7.9471115131869885
2690,0.50837223107921,8.229252416431894,7.720880185352684
2691,0.26028394531296345,8.106506646089507,7.8462227007765435
2692,0.41127109239711696,8.398326786876138,7.987055694479022
2693,0.394445026971514,8.150713175543817,7.756268148572303
2694,0.29030296519809995,8.375071218615266,8.084768253417167
2695,0.38845103149021504,8.204318123551523,7.815867092061309
2696,0.5204686868237552,8.126311278690592,7.605842591866836
2697,0.41612906386711906,8.15167454211821,7.73554547825109
2698,0.41386797322292473,8.11374296340953,7.699874990186605
2699,0.5138095160347407,8.086617309520738,7.572807793485998
2700,0.2850336202673751,8.303278789494321,8.018245169226946
2701,0.35255642985055924,8.103636113056478,7.751079683205918
2702,0.49445166578011784,8.112730523157643,7.618278857377525
2703,0.321350400576874,8.12994221911743,7.808591818540556
2704,0.3227328034455919,8.003704509039057,7.680971705593465
2705,0.4740309615300571,8.126399403134519,7.6523684416044615
2706,0.3969643597439513,8.324306597085018,7.927342237341066
2707,0.3123836597278298,8.000202918244467,7.687819258516637
2708,0.5198580921862814,8.178012533493646,7.6581544413073654
2709,0.3844596494120464,8.128788796301352,7.744329146889306
2710,0.3266981928136522,8.187294115208992,7.86059592239534
2711,0.22838160813737501,8.220568562764605,7.99218695462723
2712,0.5694704926236515,8.141327312539765,7.571856819916114
2713,0.4696076162832331,8.169926659580904,7.700319043297671
2714,0.45380738180032537,8.323655510953543,7.869848129153218
2715,0.45087243299651775,8.250579565678107,7.799707132681589
2716,0.5441980179952889,8.233929814345368,7.689731796350079
2717,0.19482480653483567,8.139363439824388,7.944538633289552
2718,0.36749161600760316,8.383567925856818,8.016076309849215
2719,0.4210996538878007,8.21370444847913,7.792604794591329
2720,0.406616169295992,8.258183206083569,7.851567036787577
2721,0.35484975776830985,8.264150906688053,7.909301148919743
2722,0.5094433354093253,8.313603148725354,7.804159813316029
2723,0.32341833217583493,8.156173954568027,7.832755622392193
2724,0.26556823613917147,8.106224196261778,7.840655960122606
2725,0.5856193131916583,8.380259047714302,7.794639734522644
2726,0.4358977073818064,8.213186645386159,7.777288938004353
2727,0.37126628974625375,8.231768301013586,7.860502011267332
2728,0.22046091220587843,8.039619161566856,7.819158249360978
2729,0.3437175373724704,8.165642338639314,7.821924801266843
2730,0.42632652710528984,8.266087116500017,7.839760589394728
2731,0.35913864352463987,8.129079280924623,7.7699406373999835
2732,0.3444700957403563,8.234593841948454,7.890123746208098
2733,0.362143219044687,8.19422392922727,7.832080710182583
2734,0.49397330082829505,8.323267868307363,7.829294567479068
2735,0.5266140895369531,8.183549764757135,7.656935675220182
2736,0.410116749087704,8.317223740037218,7.907106990949513
2737,0.25179792364499276,8.1229130224679,7.871115098822907
2738,0.35408661095483707,8.233633339064058,7.87954672810922
2739,0.2629612876921364,8.16620770448467,7.903246416792533
2740,0.4909100318795773,8.183907589653948,7.692997557774371
2741,0.20449792851980106,8.20032164211011,7.995823713590308
2742,0.47562650430364317,8.220753068136224,7.745126563832581
2743,0.47398730566384223,8.177588990902855,7.703601685239013
2744,0.493552401310129,8.16694968125562,7.67339727994549
2745,0.409497338027102,8.268337486751726,7.8588401487246236
2746,0.4163307095916193,8.352936980373254,7.936606270781635
2747,0.2789975665062373,8.167033369172096,7.888035802665859
2748,0.5942952626855906,8.151775836914737,7.557480574229147
2749,0.44678209455549295,8.169942101351946,7.723160006796453
2750,0.3568729680661375,8.123816666802995,7.766943698736857
2751,0.3338081408835809,8.114571005958979,7.780762865075398
2752,0.3132275764511171,8.206355209405434,7.893127632954316
2753,0.5806041384008955,8.198687297777322,7.618083159376427
2754,0.38860677167142826,8.16927726482698,7.780670493155551
2755,0.28769608782182104,8.191128392501154,7.903432304679333
2756,0.5110530711985198,8.116314246053525,7.605261174855006
2757,0.36859518465343555,8.339285833786887,7.970690649133451
2758,0.26255021810089313,8.096903579368227,7.834353361267334
2759,0.2751784687854197,8.244548816917787,7.969370348132367
2760,0.24403509456745115,8.099286513028856,7.855251418461405
2761,0.36464705026965055,8.27862470915865,7.913977658889
2762,0.1679353667947319,8.231758269060135,8.063822902265404
2763,0.5100018088400116,8.116884898062503,7.6068830892224915
2764,0.44428967995769425,8.214686209078813,7.770396529121119
2765,0.3235958439632403,8.083644779691097,7.760048935727856
2766,0.4917754708010163,8.050619158920652,7.5588436881196355
2767,0.3014791074996276,8.27945506777382,7.977975960274193
2768,0.3636633128186947,8.185981861020206,7.822318548201512
2769,0.2984577559057432,8.169652211575333,7.871194455669589
2770,0.3917959398142294,8.10349909820544,7.71170315839121
2771,0.4999252311743577,8.301405820242671,7.801480589068313
2772,0.3489414652625976,8.159022839687957,7.810081374425359
2773,0.3604667492469542,8.177968574703744,7.81750182545679
2774,0.34423199577773905,8.21702839836055,7.872796402582812
2775,0.43762798306553274,8.1934488400826,7.755820857017068
2776,0.24148028446082606,8.161718600670817,7.920238316209991
2777,0.5159587723027452,8.225791191710078,7.709832419407332
2778,0.4307991542616766,8.295042043956975,7.864242889695299
2779,0.47060814150254404,8.07754984467291,7.606941703170366
2780,0.3468635108619998,8.226355346940645,7.879491836078645
2781,0.3269495483853278,8.165657514589109,7.83870796620378
2782,0.3290779234504384,8.038303735126847,7.709225811676409
2783,0.40687434404654255,8.079716221708564,7.672841877662021
2784,0.276611853628606,8.2500168451727,7.973404991544094
2785,0.4944093826469119,8.297561980525824,7.8031525978789125
2786,0.36021555678154976,8.27218347306773,7.911967916286181
2787,0.3748444741770289,8.18102296524023,7.806178491063201
2788,0.3668695119314115,8.267144009903017,7.900274497971606
2789,0.31070740648514644,8.1791897076803,7.868482301195153
2790,0.3814974464706755,8.328112088350121,7.946614641879446
2791,0.45785872266454336,8.219820864534562,7.761962141870018
2792,0.43600664172640796,8.257288329455946,7.821281687729538
2793,0.3493178972116144,8.119155041544927,7.769837144333312
2794,0.34604708746129503,8.017572349227747,7.671525261766452
2795,0.22867620170033148,8.086093350069484,7.857417148369153
2796,0.5450975677613146,8.216737663036461,7.671640095275147
2797,0.5531605336959772,8.253454256417458,7.70029372272148
2798,0.3794466922353893,8.081680562779233,7.702233870543844
2799,0.2406017079363955,8.144814671178422,7.904212963242026
2800,0.2759506172519537,8.15163440494698,7.875683787695027
2801,0.5853902777249321,8.07781386767874,7.492423589953808
2802,0.5149267464576935,8.390104643438114,7.8751778969804205
2803,0.510335003419194,8.015900042683347,7.505565039264153
2804,0.3303175876924361,8.129182962516541,7.798865374824105
2805,0.489195610409391,8.130234656069927,7.641039045660536
2806,0.35686198418286513,8.136642526110505,7.779780541927639
2807,0.3305213228025846,8.374879906434389,8.044358583631805
2808,0.2923499428951395,8.103497290108146,7.811147347213007
2809,0.44195656913643183,8.146656033030466,7.704699463894034
2810,0.45145391585308464,8.315059908377458,7.8636059925243735
2811,0.4484065763569079,8.205525454196938,7.757118877840029
2812,0.1093803956207979,8.11760798754225,8.008227591921452
2813,0.3170961485405199,8.213033495903487,7.895937347362967
2814,0.1918319123369466,8.173118991236096,7.9812870788991495
2815,0.3620298246397578,8.346397654177514,7.984367829537756
2816,0.31433649352824533,8.06362474705382,7.749288253525576
2817,0.6148134002608254,8.170991093990454,7.556177693729628
2818,0.4200809117932077,8.305993608835193,7.885912697041985
2819,0.4106984631433058,8.210662635214153,7.799964172070847
2820,0.33865685158193315,8.239844624571473,7.90118777298954
2821,0.24487007593568905,8.138954148920304,7.894084072984614
2822,0.4142013274971976,8.096190600524986,7.681989273027789
2823,0.6439124032500015,8.236967740989837,7.593055337739835
2824,0.4307321058674989,8.291081281606797,7.860349175739298
2825,0.43136550318999994,8.171521387980482,7.7401558847904814
2826,0.2859042889648291,8.222241096040255,7.936336807075426
2827,0.3453949243583494,8.32677537109919,7.9813804467408405
2828,0.4086730681154219,8.13767148033724,7.728998412221817
2829,0.4436605646763786,8.276706151997269,7.83304558732089
2830,0.42195371070324506,8.40167652257913,7.979722811875885
2831,0.2914580608228562,8.127830717291461,7.836372656468605
2832,0.6074947686017057,8.307720241583839,7.700225472982133
2833,0.3152402882457923,8.13241017143323,7.817169883187438
2834,0.46079349152579546,8.413051629632095,7.952258138106299
2835,0.3247325248840355,8.114111659799311,7.789379134915276
2836,0.49360790757382944,8.179561750624314,7.685953843050485
2837,0.513584114826465,8.20918651882748,7.695602404001015
2838,0.4518067295165742,8.18514037545109,7.733333645934515
2839,0.49766354340943225,8.278143332096379,7.780479788686947
2840,0.38555274043423005,8.137430764316411,7.751878023882181
2841,0.3546022916006068,8.061328767068105,7.706726475467498
2842,0.34866005516283544,8.17682002407387,7.8281599689110335
2843,0.31988250125974016,8.157025068073294,7.8371425668135535
2844,0.356899239211021,8.247391429829213,7.8904921906181915
2845,0.4954453502254894,8.374455590118798,7.879010239893308
2846,0.411967316232511,8.356689024067395,7.9447217078348835
2847,0.3493577015041874,8.161861964172385,7.812504262668197
2848,0.35519720454625775,8.12511559822434,7.769918393678083
2849,0.47633493207806216,8.212074666021643,7.73573973394358
2850,0.35598167613043635,8.132280350430761,7.7762986743003255
2851,0.33568893205810624,8.120949594134883,7.785260662076777
2852,0.30482960459539615,8.195099272770848,7.890269668175453
2853,0.32011857822647577,8.312831987029927,7.992713408803452
2854,0.41131584246537456,8.237532029993222,7.826216187527847
2855,0.557992455582077,8.190209754564687,7.63221729898261
2856,0.44502745359779516,8.249421443138226,7.804393989540431
2857,0.4297294744814528,8.069901313585012,7.640171839103559
2858,0.25389360730491006,8.137236018519728,7.883342411214818
2859,0.21057860183609126,8.076999172647373,7.8664205708112815
2860,0.3841625245135761,8.300959578601498,7.916797054087922
2861,0.29635205278290483,8.161466083517901,7.865114030734996
2862,0.3703774662920396,7.994124902789296,7.623747436497256
2863,0.24447598438073975,8.169234978293591,7.924758993912851
2864,0.437147740815927,8.220580702829881,7.783432962013954
2865,0.2953210849659504,8.173151416800245,7.877830331834295
2866,0.45116964282824695,8.273089386905019,7.821919744076772
2867,0.4389500109585297,8.104791871565533,7.665841860607004
2868,0.4526007540468281,8.102910455702663,7.650309701655835
2869,0.45162887888836745,8.235320205755777,7.783691326867409
2870,0.3348262566061982,8.102196966580783,7.767370709974585
2871,0.5614216062985351,8.071213936203957,7.509792329905422
2872,0.2823032604947102,8.279065710933605,7.9967624504388946
2873,0.4487989892075017,8.22391543350396,7.775116444296458
2874,0.4548495576671722,8.228629958366447,7.773780400699275
2875,0.3472487131691399,8.237766541997328,7.890517828828187
2876,0.24173119693335324,8.16010681186438,7.918375614931026
2877,0.6081543660020443,8.18507168405615,7.576917318054105
2878,0.4916634870801972,8.26591713131235,7.774253644232152
2879,0.40864977312661777,8.224491036794955,7.815841263668338
2880,0.471941078044524,8.146067280332613,7.674126202288089
2881,0.22742139179584864,8.154605774035065,7.927184382239217
2882,0.4593005059769402,8.206536802060665,7.747236296083725
2883,0.3902141479399709,8.320538409879031,7.93032426193906
2884,0.5009751687303432,8.314301245876058,7.813326077145715
2885,0.4022049941606752,8.188014720866327,7.7858097267056525
2886,0.25058649987052795,8.331282152086285,8.080695652215757
2887,0.3980102912213575,8.142947406914416,7.744937115693059
2888,0.355515131887816,8.224193544143088,7.868678412255272
2889,0.3139671954502116,8.244568648829306,7.9306014533790945
2890,0.4352094016922482,8.343505714493045,7.908296312800797
2891,0.29696562261563164,8.126597219134972,7.82963159651934
2892,0.3860467309826079,8.15425218729442,7.7682054563118115
2893,0.5040970561988485,8.263489868942484,7.759392812743636
2894,0.4124403719967353,8.13705668806048,7.724616316063746
2895,0.42399965425443914,8.239983615439895,7.815983961185456
2896,0.2958118117066574,8.120282278973594,7.824470467266937
2897,0.433483614595458,8.172373248590674,7.738889633995216
2898,0.3864269523749971,8.331501530897986,7.9450745785229895
2899,0.3957205636200905,8.220287205618993,7.824566641998902
2900,0.4559663087634603,8.288341292616371,7.832374983852911
2901,0.40201721471941776,8.115508316075076,7.7134911013556575
2902,0.4833610006166043,8.311712884326997,7.828351883710393
2903,0.39352171345480214,8.157175136473725,7.763653423018923
2904,0.46532833529240863,8.247685977963355,7.782357642670947
2905,0.21403896334305997,8.069485944050701,7.855446980707641
2906,0.4910279932433543,8.26921882114522,7.778190827901866
2907,0.41995047743286074,8.19307412786527,7.773123650432409
2908,0.3544574683701698,8.147780908796735,7.793323440426565
2909,0.3058016878694406,8.246465921894025,7.9406642340245845
2910,0.4455872973023012,8.228837213076565,7.783249915774263
2911,0.20989560103706345,8.066228712551752,7.856333111514688
2912,0.5131017838212282,8.176887774464662,7.663785990643434
2913,0.5250185771047593,8.131452244227297,7.606433667122538
2914,0.33086054838150175,8.218110359943958,7.887249811562457
2915,0.45928585207759953,8.362302711028029,7.90301685895043
2916,0.5018663785976568,8.153460089055448,7.651593710457791
2917,0.3855116079624725,8.25091967549096,7.865408067528488
2918,0.24842546306580016,8.186436696328323,7.9380112332625234
2919,0.3782887998378371,8.09365152928732,7.715362729449482
2920,0.3302480293086989,8.258600710034182,7.928352680725483
2921,0.3816722440102508,8.245112431476326,7.863440187466074
2922,0.41824080695679294,8.243081183530695,7.824840376573902
2923,0.4137226418282321,8.075389529266488,7.661666887438256
2924,0.46254093796667367,8.163656620172123,7.701115682205449
2925,0.29767582888977306,8.218626986414586,7.920951157524813
2926,0.3170583586318621,8.209295155668284,7.892236797036422
2927,0.5624061214491293,8.363619285844234,7.801213164395104
2928,0.4490394875904182,8.04892299055082,7.5998835029604015
2929,0.46966319596169037,8.248886556130179,7.779223360168489
2930,0.4460877754129462,8.180592523938829,7.734504748525882
2931,0.4429570900477857,8.309144683151258,7.866187593103472
2932,0.47137547444981537,7.944466557170237,7.473091082720422
2933,0.5002361706366639,8.319768042632756,7.819531871996092
2934,0.3829932688675843,8.180001376303075,7.797008107435491
2935,0.3607851861425073,8.183363254205444,7.822578068062937
2936,0.4254558404028419,8.2331988339851,7.8077429935822575
2937,0.15670911135697344,8.119074993332271,7.962365881975297
2938,0.5009738734411276,8.061359617007819,7.560385743566691
2939,0.25695875150742514,8.259403822665204,8.00244507115778
2940,0.4959531773584798,8.358293091383576,7.862339914025096
2941,0.21371224622151455,8.257610627844873,8.043898381623357
2942,0.4315401283051592,8.144939452650181,7.713399324345022
2943,0.25634158076036057,8.196665072707459,7.940323491947098
2944,0.4180918923086815,8.064655721363954,7.646563829055272
2945,0.4906561015338912,8.318957158084189,7.8283010565502975
2946,0.4902233224006849,8.127828147837093,7.637604825436408
2947,0.5386468487033333,8.100984417094548,7.562337568391214
2948,0.35201898079890626,8.20780833718934,7.855789356390433
2949,0.4507641801579468,8.102488939795016,7.651724759637069
2950,0.5301609938305529,8.196027348029551,7.665866354198998
2951,0.5988318442708227,8.181862842887867,7.583030998617044
2952,0.5147102516766234,8.256492974936954,7.7417827232603305
2953,0.297106603283649,8.221384217108351,7.924277613824702
2954,0.4175289353443599,8.16887807601228,7.75134914066792
2955,0.34482681717154795,8.24801911913649,7.903192301964943
2956,0.4642000358562312,8.125803077635164,7.661603041778933
2957,0.38514582066335146,8.376629329108413,7.991483508445062
2958,0.2802440910012203,8.155840689817818,7.875596598816598
2959,0.3774646753318704,8.255073819943915,7.877609144612045
2960,0.23276286706262395,8.079761570440459,7.846998703377835
2961,0.40238340801217926,8.09494937401803,7.692565966005851
2962,0.3725268658581068,8.26439784526184,7.891870979403733
2963,0.49896151034154157,8.253459790415201,7.754498280073659
2964,0.4147993374075158,8.27545774987337,7.860658412465854
2965,0.32213611874567577,8.242226780715338,7.920090661969662
2966,0.33888014306245573,8.297060034638234,7.958179891575778
2967,0.4636114507392117,8.224336942976953,7.760725492237741
2968,0.2747639902086593,8.15392731352718,7.879163323318521
2969,0.26028892903692163,8.233033454757768,7.972744525720847
2970,0.14473721906407222,8.221817356185886,8.077080137121813
2971,0.5414632295009454,8.28544421945626,7.743980989955314
2972,0.44145210093266235,8.203873664870173,7.762421563937511
2973,0.567992079007493,8.118656067024304,7.550663988016811
2974,0.29676480632858226,8.193260377196939,7.896495570868357
2975,0.2819714353081032,8.138277224823623,7.85630578951552
2976,0.4386096169798324,8.23274258206407,7.794132965084238
2977,0.5041942317489877,8.139206576669054,7.6350123449200655
2978,0.3921134109552882,8.2826803139555,7.890566903000213
2979,0.5343137769733027,8.308697366955498,7.774383589982195
2980,0.32929530366625953,8.299012235447377,7.969716931781117
2981,0.5464988552383528,8.26046958465757,7.713970729419218
2982,0.4315975294363829,8.352617729069083,7.9210201996327
2983,0.48482669053872174,8.082958871552135,7.598132181013414
2984,0.6895978392821656,8.328781346222053,7.6391835069398875
2985,0.2114555076836969,8.251068642056419,8.039613134372722
2986,0.4064387937007929,8.253946072829585,7.847507279128792
2987,0.17749233499060538,8.248095013686317,8.070602678695712
2988,0.32590403870341833,8.135837584810659,7.80993354610724
2989,0.395871078140036,8.178605578000944,7.782734499860908
2990,0.3717867624794389,8.182289707050828,7.810502944571389
2991,0.5256071483659024,8.232967216795606,7.707360068429703
2992,0.32361700595215803,8.221635136989468,7.898018131037309
2993,0.4127614864906044,8.174136364048572,7.761374877557968
2994,0.4473519322518631,8.237625668086828,7.790273735834965
2995,0.4090318428041443,8.167487737314497,7.758455894510353
2996,0.4307441115363993,8.194291564928221,7.763547453391822
2997,0.23174856957018902,8.128859491607077,7.897110922036888
2998,0.40791473010111207,8.08039245902976,7.672477728928648
2999,0.30420814099339366,8.05067014692217,7.746462005928777
3000,0.5013238005840319,8.201040734803742,7.69971693421971
3001,0.3193170282494659,8.207492332729656,7.88817530448019
3002,0.33614132762869786,8.110654900362462,7.774513572733764
3003,0.31404564247368894,8.063074709834785,7.749029067361096
3004,0.44295045673160804,8.175316143900536,7.732365687168929
3005,0.16757579563963176,8.140060310516274,7.972484514876642
3006,0.2973398981059882,8.164478861724026,7.867138963618038
3007,0.5252209481440188,8.282243575861148,7.75702262771713
3008,0.288814212827085,8.345882299798596,8.057068086971512
3009,0.4670912620987494,8.241406676463361,7.774315414364612
3010,0.4104085414302335,8.244322387987996,7.8339138465577625
3011,0.41298933523539444,8.042971585022293,7.629982249786899
3012,0.4458790253797666,8.153598570316854,7.707719544937087
3013,0.31305063519369153,8.042089911567174,7.7290392763734825
3014,0.2701236025064136,8.156881520888163,7.8867579183817496
3015,0.4320715426985966,8.12758482242859,7.695513279729993
3016,0.5159313235312668,8.26538376540295,7.749452441871683
3017,0.3412965197962582,8.255130707960644,7.913834188164386
3018,0.47150807819469015,8.314709093697735,7.843201015503045
3019,0.657847528367562,8.339806980137027,7.681959451769465
3020,0.4927575919149427,8.198851585274502,7.706093993359559
3021,0.6049789643077061,8.261378845250723,7.656399880943017
3022,0.22988069197946245,8.122887227426803,7.89300653544734
3023,0.085900254128881,8.239213189004996,8.153312934876116
3024,0.5664427593667586,8.252331468770308,7.6858887094035495
3025,0.5529179436233715,8.131470086791829,7.578552143168458
3026,0.5667111929180624,8.494327794023286,7.927616601105224
3027,0.2990048259244755,8.304429632867308,8.005424806942832
3028,0.22922827838581467,8.200083991578017,7.970855713192202
3029,0.3620169687393109,8.249719437674159,7.887702468934848
3030,0.4305158919011955,8.121493118276794,7.690977226375598
3031,0.5176403950675893,8.349283100844099,7.83164270577651
3032,0.41188483044916296,8.278196738434502,7.866311907985339
3033,0.32045115836383753,8.059862155465666,7.739410997101828
3034,0.33693185271134973,8.171709348893243,7.834777496181894
3035,0.3671759102900321,8.364322443298143,7.99714653300811
3036,0.34388848930645183,8.16571143577229,7.821822946465837
3037,0.5798517765369187,8.139753747073263,7.559901970536344
3038,0.5233570399886271,8.074180266483427,7.5508232264948
3039,0.29031629601774467,8.224367346917207,7.934051050899463
3040,0.46871657460470567,8.194056349559908,7.725339774955202
3041,0.3052050484962383,8.245083645505778,7.93987859700954
3042,0.42964061791775243,8.192021313044911,7.762380695127159
3043,0.41259883118610446,8.177835729767198,7.765236898581093
3044,0.3904867064078279,8.049847970674145,7.659361264266318
3045,0.4362660718385588,8.252946503465983,7.816680431627424
3046,0.3898023381836613,8.124309498513577,7.734507160329916
3047,0.2461566191042181,7.990099249771103,7.7439426306668855
3048,0.5098980470897956,8.324234340310236,7.81433629322044
3049,0.3040060942335746,8.305733020952148,8.001726926718574
3050,0.4309715197802085,8.296812565379641,7.865841045599432
3051,0.5543785353848054,8.215368974614956,7.66099043923015
3052,0.5458228389493519,8.249402332223381,7.703579493274029
3053,0.27156499579774435,8.07317619003966,7.801611194241916
3054,0.47400717479213156,8.013634789849473,7.539627615057341
3055,0.4952269473505961,8.331803590474694,7.836576643124098
3056,0.2683555976876453,8.15003180976645,7.881676212078805
3057,0.3972897257275079,8.17980107059676,7.782511344869252
3058,0.33726476026521623,8.17903439584495,7.841769635579733
3059,0.26136865500911804,8.277287651891431,8.015918996882313
3060,0.36991526527682494,8.055567242555739,7.685651977278914
3061,0.22008840066324836,8.053064198289693,7.832975797626445
3062,0.5888916377409457,8.233731906466701,7.644840268725756
3063,0.18898277329483645,8.202831547776729,8.013848774481891
3064,0.5207962890505686,8.232504297135108,7.711708008084539
3065,0.3357862515283817,8.247627047042084,7.911840795513702
3066,0.4468966023958045,8.23178086796329,7.784884265567485
3067,0.4001999987549899,8.142465921225085,7.742265922470096
3068,0.34247684674306345,8.244633722166498,7.902156875423434
3069,0.2762002854611183,8.19036283441733,7.914162548956212
3070,0.5192423699091199,8.28460805532002,7.7653656854109
3071,0.5502770079242157,8.205281993863712,7.655004985939497
3072,0.5086503718888373,8.206859845424207,7.698209473535369
3073,0.355819092305319,8.1959489072784,7.84012981497308
3074,0.28702288824999855,8.229614528163905,7.942591639913907
3075,0.3872817580791589,8.198575372002322,7.811293613923163
3076,0.4394794055680341,8.20649075479074,7.767011349222707
3077,0.388198436463167,8.122135023551873,7.7339365870887065
3078,0.3410137081617131,8.160976471107528,7.819962762945814
3079,0.2781839034213024,8.05555645947993,7.777372556058628
3080,0.29441010139900586,8.182771715468256,7.88836161406925
3081,0.4909581307557462,8.257176045785943,7.7662179150301975
3082,0.5162466431556362,8.239130642601951,7.722883999446315
3083,0.6724256431098283,8.388370920030134,7.715945276920306
3084,0.2950724919504005,8.05279591035999,7.757723418409589
3085,0.4710158785981857,8.194794483785392,7.723778605187206
3086,0.40297419537951157,8.217553064141434,7.814578868761923
3087,0.43173392966790053,8.348118151914916,7.916384222247015
3088,0.5256566589577328,8.304216244386872,7.778559585429139
3089,0.3505859347336954,8.34861372964951,7.998027794915815
3090,0.4186031078541261,8.283541123930148,7.864938016076022
3091,0.3737340546451206,8.252943197216318,7.879209142571198
3092,0.31374045160807307,8.230305623368917,7.916565171760844
3093,0.444604795514281,8.296133529726525,7.851528734212244
3094,0.3549408335659166,8.142519997024053,7.787579163458136
3095,0.48173947148176505,8.322174553939748,7.840435082457983
3096,0.3511343708471735,8.186360320030095,7.835225949182922
3097,0.1851623084018117,8.172785122136695,7.987622813734883
3098,0.43223997715855683,8.14709180853884,7.714851831380284
3099,0.22168091102913334,8.209803390097427,7.988122479068294
3100,0.1930514618241671,8.088332159091271,7.895280697267104
3101,0.23174505217560973,8.09455892593394,7.862813873758331
3102,0.4133423828156686,8.296496323227894,7.883153940412225
3103,0.37106438293336597,8.174123095610728,7.8030587126773625
3104,0.28980391710919845,8.216304244887736,7.9265003277785375
3105,0.5267359117871117,8.121344553157558,7.594608641370446
3106,0.470642699324916,8.153400196989626,7.68275749766471
3107,0.5149896653777807,8.128211563678517,7.613221898300737
3108,0.47871896998572644,8.083676886022316,7.604957916036589
3109,0.43032705405644195,8.134685339123363,7.704358285066921
3110,0.28234662923922815,8.184202835847652,7.901856206608423
3111,0.5321671061445956,8.2740702949342,7.741903188789604
3112,0.6505515004447457,8.218998940881631,7.568447440436886
3113,0.45039410916227884,8.24177149625591,7.791377387093631
3114,0.47342514079563336,8.119105363429165,7.645680222633532
3115,0.2776276896540001,8.107799058959044,7.830171369305043
3116,0.3291582602602541,8.191330770419729,7.862172510159475
3117,0.29049357310038176,8.112799846977117,7.822306273876735
3118,0.4303064544936832,8.316746421600747,7.886439967107064
3119,0.39833816578749626,8.299566312012082,7.901228146224586
3120,0.34003314440983673,8.149964853896707,7.80993170948687
3121,0.39442976269002045,8.162329167954857,7.767899405264837
3122,0.6581940191940363,8.474313243706217,7.81611922451218
3123,0.3404866480257048,8.22633043495809,7.885843786932385
3124,0.28349890275791884,8.176013613233374,7.892514710475456
3125,0.25640235931254407,8.203092879731264,7.94669052041872
3126,0.5792863353266514,8.246969532022568,7.667683196695917
3127,0.3001208778123405,8.201240700936111,7.9011198231237705
3128,0.10679501055610668,8.285440766793371,8.178645756237264
3129,0.4800397663041523,8.213399010597984,7.7333592442938315
3130,0.4934742534229832,8.243257632198956,7.749783378775973
3131,0.4438736756720457,8.214091728161332,7.7702180524892865
3132,0.4863745028656674,8.291490450242891,7.8051159473772245
3133,0.5814587569219145,8.262363272726526,7.680904515804611
3134,0.34806237550450847,8.25615819886482,7.908095823360313
3135,0.47495261220099416,8.179089864736163,7.704137252535169
3136,0.23227990679711183,8.141966374093734,7.909686467296622
3137,0.518914076342975,8.270331085646417,7.751417009303442
3138,0.14131896594498206,8.06116986574029,7.919850899795308
3139,0.2360211510385766,8.290105897782352,8.054084746743776
3140,0.487971764742042,8.178230380605166,7.690258615863124
3141,0.25108919203123853,8.101859046587327,7.850769854556089
3142,0.6349279602497061,8.187920943118685,7.55299298286898
3143,0.4000329185399002,8.215672702048536,7.815639783508636
3144,0.49608306287886905,8.148356275126051,7.652273212247183
3145,0.48165527141320685,8.319433727217644,7.837778455804438
3146,0.39704313611643016,8.212161371041962,7.8151182349255315
3147,0.39463020786556435,8.117780281859243,7.723150073993679
3148,0.5316354832549672,8.30257765042249,7.770942167167523
3149,0.5158392369074791,8.344655596821617,7.828816359914138
3150,0.34157885919679026,8.282642320649916,7.941063461453126
3151,0.47368614557300553,8.23116038737534,7.757474241802334
3152,0.4490977064318847,8.390397221460695,7.941299515028811
3153,0.3071114969594786,8.236263316510874,7.929151819551395
3154,0.3158044616588746,8.246121572354044,7.930317110695169
3155,0.36523612762819757,8.201650667707463,7.836414540079266
3156,0.6790133871521362,8.320668223941796,7.64165483678966
3157,0.42644336333427574,8.271868523409662,7.845425160075386
3158,0.21781067615238076,8.157197484381102,7.939386808228722
3159,0.5128757335531555,8.238080456226733,7.725204722673578
3160,0.2278287975942389,8.283096090489073,8.055267292894834
3161,0.44327525146207525,8.256778040917062,7.813502789454987
3162,0.3842182934484374,8.285466481756716,7.901248188308278
3163,0.3499193312558814,8.22135198742259,7.871432656166709
3164,0.36504257398841966,8.325001338532592,7.959958764544173
3165,0.4434199753358464,8.1235569647935,7.6801369894576546
3166,0.5098093029172793,8.314205091654248,7.804395788736969
3167,0.26963779119525033,8.005279102231503,7.735641311036253
3168,0.3372033418123902,8.276362430170872,7.9391590883584815
3169,0.43052643378584476,8.260774397988358,7.830247964202513
3170,0.3361622929021801,8.148626450820963,7.812464157918783
3171,0.20179776384395737,8.224973499910844,8.023175736066886
3172,0.36139593220593447,8.049656276172549,7.688260343966614
3173,0.5045869653224729,8.13119394156831,7.626606976245836
3174,0.3338339410704924,8.243511188488425,7.909677247417933
3175,0.36204434208956005,8.22758005346756,7.8655357113780004
3176,0.3184211545100609,8.309409389453007,7.990988234942947
3177,0.4555093310947391,8.095752873163839,7.6402435420691
3178,0.25394541116717073,8.156584535798917,7.9026391246317464
3179,0.26930913265865586,8.183623879616082,7.914314746957427
3180,0.5713425788887944,8.156305636282191,7.584963057393397
3181,0.5375625144221197,8.280088374469688,7.742525860047569
3182,0.596105212188982,8.269133564333687,7.673028352144705
3183,0.4315894712081155,8.195101656752815,7.763512185544699
3184,0.25351277662110383,8.072663779176255,7.8191510025551505
3185,0.2679439867595565,8.234810765826687,7.96686677906713
3186,0.385165264472205,8.195507471863174,7.810342207390969
3187,0.25168812827889087,8.07132913528171,7.819641007002819
3188,0.39838909146266344,8.170583983263962,7.772194891801298
3189,0.4554048928313685,8.12099511934909,7.665590226517721
3190,0.2975894477430822,8.18614547581132,7.888556028068239
3191,0.33259888720144515,8.326862842063987,7.994263954862541
3192,0.47435573692485333,8.27912800567413,7.804772268749276
3193,0.38948924489537384,8.049992178576309,7.660502933680935
3194,0.3817198203268481,8.280327932213403,7.898608111886555
3195,0.3123502604293149,8.07702665718356,7.764676396754244
3196,0.5928134876192775,8.094105688361262,7.501292200741984
3197,0.3038735044788686,8.188461439613809,7.88458793513494
3198,0.4195799232433774,8.220414683170448,7.800834759927071
3199,0.38645069607924265,8.285506497758679,7.899055801679436
3200,0.47678008310216013,8.301246027730622,7.824465944628462
3201,0.4986586690371267,8.128193780885923,7.629535111848796
3202,0.24740933547238034,8.307587775201014,8.060178439728634
3203,0.4961037737060076,8.208346255066502,7.712242481360494
3204,0.32529237316870907,8.154808404774185,7.8295160316054755
3205,0.40596261102709713,8.149016313424402,7.743053702397305
3206,0.40513307537543225,8.168794093039457,7.763661017664025
3207,0.4682640328898101,8.206424526331151,7.738160493441341
3208,0.3573577724021778,8.175047488934803,7.817689716532625
3209,0.3748669665697434,8.08069253744857,7.705825570878827
3210,0.4722180152911398,8.102893313845458,7.630675298554318
3211,0.29040783485249694,8.16785244340753,7.877444608555033
3212,0.45832902538250075,8.242406659284413,7.784077633901912
3213,0.47467637282012626,8.170295611890571,7.695619239070445
3214,0.2258114541660883,8.112147233362863,7.886335779196775
3215,0.5726304358074832,8.281397851608403,7.708767415800921
3216,0.2958097908606393,8.17987396880115,7.884064177940511
3217,0.38638811080986246,8.08665337851183,7.700265267701967
3218,0.31131779463730863,8.23401279431954,7.922694999682231
3219,0.4366315338629346,8.187947849706768,7.751316315843834
3220,0.3838113562384767,8.214733397465222,7.830922041226746
3221,0.39354120420111344,8.005458437488596,7.611917233287482
3222,0.38006065188209476,8.28562606487992,7.905565412997826
3223,0.42892650529920506,8.168585824431783,7.739659319132579
3224,0.25127181812241267,8.174085206809993,7.9228133886875804
3225,0.4237889768361671,8.189788065597247,7.765999088761079
3226,0.5449058423896875,8.34285963217721,7.797953789787523
3227,0.36357325716810174,8.259977742443358,7.896404485275256
3228,0.2329192559980534,8.199972355370283,7.9670530993722295
3229,0.3544911683520195,8.263662652065928,7.909171483713909
3230,0.4980996701852445,8.213908540616375,7.715808870431131
3231,0.4694916430842875,8.134048718307241,7.6645570752229535
3232,0.5890289542714338,8.298190092983523,7.709161138712089
3233,0.22116190858181775,8.06303552354958,7.841873614967762
3234,0.3819050127738983,8.274811907622997,7.892906894849099
3235,0.5187852608703057,8.16322359086773,7.644438329997424
3236,0.16518984895798577,8.167803042621246,8.00261319366326
3237,0.42345609222727226,8.07726485649631,7.653808764269038
3238,0.6070688204881116,8.19907826384568,7.592009443357568
3239,0.4127492490706413,8.223152624927174,7.8104033758565325
3240,0.6505585470178891,8.139765596547337,7.489207049529448
3241,0.5692529618908193,8.266330079362385,7.697077117471566
3242,0.5244667723095249,8.317670519302808,7.793203746993283
3243,0.36042415628622415,8.199515714557375,7.839091558271151
3244,0.5051598448555634,8.26029968524027,7.7551398403847065
3245,0.46787615699150037,8.174466418829295,7.706590261837795
3246,0.4151650527021045,8.218458802000772,7.803293749298667
3247,0.38926669344545906,8.28833396298283,7.89906726953737
3248,0.5597044364085476,8.280521543202934,7.720817106794386
3249,0.49682706247025926,8.240170920298846,7.743343857828587
3250,0.33517823084224746,8.158867738255786,7.823689507413539
3251,0.5612825024328867,8.208003423005332,7.646720920572445
3252,0.4052848148111755,8.053386471380104,7.648101656568929
3253,0.5368039527986262,8.110350882601857,7.57354692980323
3254,0.4663311591282288,8.198866614105926,7.732535454977697
3255,0.4892482018004876,8.156798143134298,7.66754994133381
3256,0.37293212527720343,8.214357857950809,7.841425732673605
3257,0.42649153809296747,8.139973652683736,7.713482114590768
3258,0.2809914015962649,8.159321896170498,7.878330494574233
3259,0.49339162771500034,8.206520894790254,7.713129267075253
3260,0.25460306449244063,8.16736455141293,7.912761486920489
3261,0.4347955424918205,8.285903858713468,7.851108316221647
3262,0.23698646960919137,8.082136425205176,7.845149955595985
3263,0.6272514418257272,8.119396512581998,7.492145070756271
3264,0.48107288264750914,8.219849893889466,7.7387770112419565
3265,0.45405936424848675,8.248933672114982,7.794874307866495
3266,0.49388404790741397,8.099429963752245,7.605545915844831
3267,0.345115096401919,8.259213964848808,7.914098868446889
3268,0.4475215793913259,8.263053707023499,7.8155321276321725
3269,0.26856340406178303,8.058605313741475,7.790041909679692
3270,0.28642297880646744,8.149497403968615,7.863074425162147
3271,0.563257819869115,8.163857140008574,7.600599320139459
3272,0.3388466365962463,8.101483898115973,7.7626372615197266
3273,0.2072111061833772,8.19342055990524,7.986209453721863
3274,0.49359066039998295,8.295733807717262,7.802143147317279
3275,0.45027519631452884,8.18542059351806,7.735145397203532
3276,0.3516509185735211,8.134473610254151,7.78282269168063
3277,0.46599904071606835,8.316396298082571,7.850397257366502
3278,0.3409021563868667,8.145524774053706,7.80462261766684
3279,0.367090631705209,8.223006291563715,7.855915659858506
3280,0.3565004891355737,8.140806716975643,7.784306227840069
3281,0.3727612690147585,8.229836917314117,7.857075648299358
3282,0.20995907818297094,8.201622271414697,7.991663193231727
3283,0.34549674328721586,8.260005841041405,7.914509097754189
3284,0.5976356372849921,8.07999348945403,7.482357852169037
3285,0.2643349367839802,8.40577316816543,8.14143823138145
3286,0.3989596591112427,8.125092609925915,7.726132950814672
3287,0.2542360673308489,8.209671267658349,7.9554352003275
3288,0.6202891179160348,8.18518028255764,7.5648911646416055
3289,0.2647583344337083,8.303953145553356,8.039194811119648
3290,0.3483793763445583,8.131097905446625,7.782718529102066
3291,0.33395655003577396,8.24293117352178,7.9089746234860065
3292,0.45906336518226004,8.28732883299496,7.828265467812701
3293,0.38588243719721965,8.001642516765095,7.615760079567876
3294,0.6473040556117517,8.181282233482841,7.53397817787109
3295,0.48604812991498064,8.221173740099527,7.7351256101845465
3296,0.18331640165499452,8.18267513846095,7.999358736805957
3297,0.19791768800697923,8.171597730421267,7.973680042414288
3298,0.3279536715781128,8.280321161235676,7.952367489657563
3299,0.48650975823366466,8.25399339020422,7.767483631970555
3300,0.2520689060387976,8.041693231917336,7.789624325878538
3301,0.37684200387699124,7.958531306741756,7.581689302864765
3302,0.3899228510982985,8.228589130587386,7.838666279489087
3303,0.30890344422047084,8.207228089607634,7.898324645387163
3304,0.6168736339867502,8.21685710980354,7.5999834758167895
3305,0.4084440492586129,8.241812178793024,7.833368129534412
3306,0.40529154999702555,8.049971231707914,7.644679681710889
3307,0.5232357266849819,8.387836744734118,7.864601018049136
3308,0.4677495860307194,8.238796604652578,7.771047018621858
3309,0.37911187802616775,8.234379791656073,7.8552679136299055
3310,0.5366862345867354,8.38502970638621,7.848343471799474
3311,0.4895473038114486,8.171859616156096,7.6823123123446475
3312,0.40421143351132516,8.219432412018875,7.815220978507551
3313,0.5993861418654663,8.138625738161998,7.539239596296532
3314,0.3646490095851737,8.264066220096117,7.8994172105109435
3315,0.4065679542913274,8.08614141218504,7.679573457893712
3316,0.25435524686353694,8.19227690260697,7.937921655743433
3317,0.5318479861570856,8.326253051831028,7.794405065673942
3318,0.3665765536497805,8.28602544589269,7.91944889224291
3319,0.29614599974590755,8.131581516208264,7.835435516462357
3320,0.3534874781508562,8.204080351545922,7.850592873395066
3321,0.42329366235168303,8.327495009802545,7.904201347450862
3322,0.609373720665727,8.203961034458953,7.594587313793226
3323,0.278982020126869,8.284260931984555,8.005278911857687
3324,0.28192547627515835,8.3216010416555,8.03967556538034
3325,0.47001516339984406,8.15957571496445,7.689560551564607
3326,0.5402489747883719,8.277808240839637,7.737559266051265
3327,0.45030912869561135,8.248790351501402,7.7984812228057905
3328,0.3821402562071454,8.40400785422921,8.021867598022064
3329,0.4645039896378482,8.270281846702149,7.805777857064301
3330,0.5643885588039343,8.214457675956751,7.6500691171528175
3331,0.5088289517760639,8.252225855080653,7.743396903304589
3332,0.4204564937774699,8.275879493724759,7.855422999947288
3333,0.4184461557359866,8.116310630070224,7.697864474334238
3334,0.47844149143078973,8.165052861826123,7.686611370395333
3335,0.5061133185179798,8.236146506887339,7.730033188369359
3336,0.42879569000483186,8.207091944994884,7.778296254990052
3337,0.32698856999009607,8.066861437915476,7.73987286792538
3338,0.3529474515749523,8.154444412783398,7.801496961208446
3339,0.3899133992517573,8.236006655120253,7.846093255868496
3340,0.33196672048259585,8.246490997604294,7.914524277121698
3341,0.38909781278800715,8.18176904445793,7.792671231669923
3342,0.4210834012758854,8.209588863668337,7.788505462392451
3343,0.32659286333819293,8.185999711536306,7.859406848198113
3344,0.5247407484042232,8.21936599939598,7.694625250991756
3345,0.4465028124591119,8.229359365663768,7.782856553204656
3346,0.2816105095138034,8.243801238827706,7.962190729313902
3347,0.3372778969020092,8.312509499589986,7.975231602687977
3348,0.5300559368430713,8.113798593644745,7.5837426568016735
3349,0.3366224477720551,7.994828305870532,7.658205858098476
3350,0.30836647225691893,8.183783367806024,7.875416895549105
3351,0.578154531077858,8.21051444634972,7.632359915271862
3352,0.531737638851666,8.16002463809326,7.628286999241594
3353,0.22778950918822624,8.155519780122635,7.927730270934409
3354,0.2886390049319896,8.140181583551502,7.8515425786195125
3355,0.26408802501150935,8.19535766651618,7.931269641504671
3356,0.40782864425169085,8.341582762896554,7.933754118644863
3357,0.5990922139471471,8.357458516780508,7.758366302833361
3358,0.37519431589142604,8.201945218112982,7.826750902221556
3359,0.44742364043835614,8.191881354076232,7.744457713637876
3360,0.4811473902377125,8.289173305629713,7.808025915392001
3361,0.4374842120002576,8.382330459901805,7.944846247901547
3362,0.49435936594514907,8.209122277613643,7.714762911668494
3363,0.43915831981949316,8.169297210940865,7.7301388911213715
3364,0.44702953156667014,8.171207056365793,7.7241775247991225
3365,0.2508247719729877,8.111177748324947,7.860352976351959
3366,0.3335192248720038,8.204429011778556,7.8709097869065525
3367,0.3534437374591141,8.26355020181689,7.910106464357777
3368,0.46843473905467353,8.26543419426524,7.796999455210566
3369,0.3485800092472755,8.250148106093155,7.90156809684588
3370,0.5698133436311316,8.284359907846646,7.714546564215515
3371,0.4746613419048695,8.227455245551818,7.752793903646948
3372,0.24421864059713919,8.211410069260566,7.967191428663427
3373,0.5051997586002913,8.060372273033163,7.555172514432872
3374,0.20491171266987224,8.215245949751036,8.010334237081164
3375,0.2728144176979098,8.085360424287446,7.812546006589536
3376,0.35086190627868347,8.258947904387886,7.908085998109203
3377,0.32905063035219256,8.126320612276272,7.79726998192408
3378,0.36520971484552484,8.160368638126675,7.79515892328115
3379,0.3751189487266279,8.237886341768332,7.862767393041705
3380,0.4951397478941992,8.135358052511965,7.640218304617766
3381,0.3484423244662908,8.220540616676027,7.872098292209737
3382,0.32617704240419426,8.144625372491165,7.81844833008697
3383,0.35413958877036866,8.065941330950277,7.711801742179909
3384,0.35296252712127846,8.292111134993618,7.9391486078723394
3385,0.5385606490203223,8.232785916664419,7.6942252676440965
3386,0.3577430591719319,7.941976001338503,7.5842329421665715
3387,0.32386947528358184,8.196304963900175,7.872435488616594
3388,0.44370765687806296,8.186497503193122,7.742789846315059
3389,0.4997273624685868,8.419342838350317,7.919615475881731
3390,0.37071940931218855,8.168643359993208,7.797923950681019
3391,0.390194859994755,8.105011853760049,7.714816993765294
3392,0.607187374255728,8.110787742574475,7.503600368318747
3393,0.1978931452549374,8.062161467074338,7.8642683218194005
3394,0.48843309638639054,8.100901938446075,7.612468842059684
3395,0.4267472031972035,8.243992540951162,7.817245337753958
3396,0.40395069042866294,8.205394379734194,7.801443689305532
3397,0.4586854766249491,8.284711877113986,7.826026400489037
3398,0.3661012706428169,8.172440710258739,7.806339439615922
3399,0.45473059439810226,8.097838914061866,7.643108319663764
3400,0.4457851612511333,8.20224593594049,7.756460774689356
3401,0.2315023131602202,8.217118505157641,7.985616191997421
3402,0.3922742079370953,8.123496419491142,7.731222211554046
3403,0.3768533197540981,8.24542029130799,7.868566971553892
3404,0.3373645791797969,8.17311142820343,7.835746849023634
3405,0.2261541483916638,8.226470722695337,8.000316574303673
3406,0.6078251915402847,8.232778119573897,7.624952928033612
3407,0.42285775857638747,8.119576603582875,7.696718845006488
3408,0.2967472230318226,8.174254657820914,7.877507434789091
3409,0.3387571231702291,8.244327429718702,7.905570306548473
3410,0.45234777667550913,8.400501305561368,7.948153528885859
3411,0.3299910817846892,8.24230910035887,7.912318018574181
3412,0.29555868606870794,8.137173787107804,7.841615101039095
3413,0.2647247786389883,8.2068276343035,7.942102855664511
3414,0.43487261034095204,8.188331529639788,7.7534589192988355
3415,0.3646524217521278,8.259668829834624,7.895016408082496
3416,0.5188985661095216,8.277089962735849,7.7581913966263265
3417,0.4737907818220556,8.223946576687661,7.750155794865606
3418,0.5456114058600245,8.28359216675209,7.737980760892065
3419,0.3359892092722274,8.30158085955539,7.965591650283162
3420,0.49940253059932,8.235480681401585,7.736078150802265
3421,0.4008115715040713,8.328558353594218,7.927746782090146
3422,0.4164048316817508,8.149379644530057,7.7329748128483065
3423,0.41735159148248174,8.072205736500695,7.654854145018214
3424,0.3693759791184933,8.104641241860117,7.735265262741623
3425,0.36886737424227556,8.154351707951987,7.785484333709712
3426,0.4205831336237032,8.012710384114015,7.592127250490313
3427,0.5033776191277665,8.187512385090367,7.6841347659626
3428,0.5650057215069847,8.217308142845502,7.652302421338517
3429,0.3122934506285467,8.232810412938068,7.920516962309522
3430,0.47466368473135384,8.170132849371265,7.695469164639912
3431,0.4571285909775575,8.093456983653294,7.636328392675736
3432,0.5654350715338617,8.182769072976994,7.617334001443132
3433,0.3119390501885315,8.19056913075147,7.878630080562939
3434,0.1975804564343136,8.057415193796803,7.8598347373624895
3435,0.3121099725024142,8.125865463009188,7.813755490506773
3436,0.4670778109422153,8.115606723030972,7.648528912088756
3437,0.5276301396403603,8.21800017684852,7.69037003720816
3438,0.1939441008559981,8.152433305731273,7.958489204875275
3439,0.41135652150761326,8.232650974790161,7.8212944532825475
3440,0.3401202696886788,8.28245388329213,7.94233361360345
3441,0.3299778504972016,8.283595811853793,7.953617961356591
3442,0.29187865582313904,8.105169099063522,7.8132904432403825
3443,0.18055584944873249,8.296690654567135,8.116134805118403
3444,0.47537852314874984,8.184945667913171,7.709567144764421
3445,0.45402986238718673,8.154724239180021,7.700694376792835
3446,0.3001090061480378,8.143786004818299,7.8436769986702615
3447,0.2242912754356032,8.354940352091967,8.130649076656365
3448,0.5060146871995732,8.235193254706184,7.729178567506611
3449,0.5359144807664113,8.142741870570333,7.606827389803922
3450,0.3996265806877476,8.274173554613117,7.87454697392537
3451,0.28700683375729563,8.160958581691144,7.873951747933848
3452,0.38851914416527206,8.21701118369972,7.8284920395344475
3453,0.2964930168977405,8.179467662365475,7.882974645467734
3454,0.27197455638841833,8.09826290931104,7.826288352922623
3455,0.42752053752435293,8.27445100882894,7.846930471304587
3456,0.3085631608725815,8.138839994227135,7.830276833354554
3457,0.47095952401298374,8.251997890565704,7.78103836655272
3458,0.4553892220203297,8.323098133785876,7.867708911765547
3459,0.3995984714855985,8.229374042212232,7.829775570726634
3460,0.3469350225057417,8.068025066405664,7.721090043899922
3461,0.34726917768194077,8.042759016846652,7.695489839164711
3462,0.2303349433906659,8.304291335201627,8.073956391810961
3463,0.28133280891144824,8.066677025898787,7.7853442169873395
3464,0.3228780296777613,8.147234334089902,7.824356304412141
3465,0.2584249532028185,8.150739748432484,7.892314795229665
3466,0.3416199424580618,8.257024092293406,7.915404149835345
3467,0.3356959665524099,8.152723432450676,7.817027465898266
3468,0.4248762184328272,8.105562987594395,7.680686769161568
3469,0.5068234065465886,8.280369516420699,7.773546109874109
3470,0.32026340716971774,8.14545445067515,7.8251910435054315
3471,0.47036533131058483,8.277982031744436,7.807616700433852
3472,0.3920207588911911,8.189582934378354,7.797562175487163
3473,0.5258368900855717,8.348612301819639,7.822775411734067
3474,0.5873078673985241,8.317090097399632,7.729782230001108
3475,0.4623704998505806,8.256571183853318,7.794200684002737
3476,0.2700106891519605,8.249571466609245,7.9795607774572845
3477,0.5289051605632342,8.248636572213515,7.719731411650281
3478,0.34290427185954336,8.171290043198823,7.8283857713392795
3479,0.3776663640970526,8.176395106716875,7.798728742619822
3480,0.3856336275677127,8.241057666205304,7.855424038637591
3481,0.3243483322152668,8.115351413956294,7.791003081741027
3482,0.5981257899650515,8.314315853616142,7.716190063651091
3483,0.30960772921175755,8.210310804911076,7.900703075699319
3484,0.5309865516710212,8.231780321865815,7.700793770194793
3485,0.22608409771159738,8.188254053292786,7.962169955581189
3486,0.22339130509447883,8.075103032823032,7.851711727728553
3487,0.34585060949819335,8.145569967056666,7.799719357558472
3488,0.3943275316329252,8.259901684998828,7.865574153365904
3489,0.47180367023779823,8.384192043114547,7.912388372876749
3490,0.22210179743707378,8.114661854467322,7.892560057030248
3491,0.5554426200812378,8.217888656539882,7.662446036458644
3492,0.3848033320192663,8.074490605486643,7.689687273467377
3493,0.19907102730790452,8.083735883677845,7.88466485636994
3494,0.5095529096125302,8.067771846021992,7.558218936409462
3495,0.12280782355714648,8.063548951937218,7.940741128380071
3496,0.3273705463767126,8.212991590027121,7.885621043650408
3497,0.4759819272968254,8.100738438513908,7.6247565112170825
3498,0.43013183129750243,8.019449098986865,7.5893172676893625
3499,0.38360279043655643,8.188241778342178,7.804638987905621
3500,0.6520670595462645,8.31739725446124,7.665330194914975
3501,0.48063043515065507,8.381782494509741,7.901152059359086
3502,0.3592364642309787,8.105235946924445,7.745999482693466
3503,0.38672227038711954,8.033859915808495,7.647137645421376
3504,0.5779128808856837,8.332469438526182,7.754556557640498
3505,0.3906975211672142,8.206526691393883,7.815829170226668
3506,0.3032913766173406,8.194689044340095,7.891397667722754
3507,0.47628740850705087,8.101364584438185,7.625077175931135
3508,0.3038076420453081,8.209465765836859,7.90565812379155
3509,0.3842537415540461,7.986033245891422,7.601779504337376
3510,0.35357259019037196,8.109868805697214,7.7562962155068425
3511,0.15925371250246767,8.356037089211856,8.196783376709389
3512,0.35199945771211405,8.242291526662763,7.890292068950649
3513,0.38491654942991427,8.25297053941943,7.868053989989515
3514,0.3260477773841934,8.288542481288593,7.962494703904399
3515,0.36929472149373743,8.058969051112676,7.6896743296189385
3516,0.3549886764973083,8.185148153063569,7.83015947656626
3517,0.5367139086306082,8.218837610663824,7.682123702033216
3518,0.47198692861235647,8.177767573459814,7.705780644847458
3519,0.45443963417405364,8.419510496357125,7.9650708621830715
3520,0.38135056746807033,8.18982351282903,7.808472945360959
3521,0.5676423991326368,8.155362521322573,7.587720122189936
3522,0.5272152025656089,8.204990596965057,7.677775394399449
3523,0.48656737542445305,8.233124318833752,7.746556943409299
3524,0.2823285538265587,8.183350375398277,7.901021821571718
3525,0.4250924538940805,8.182904205392818,7.757811751498737
3526,0.5527128751891142,8.21894643772307,7.6662335625339555
3527,0.2463678745258396,8.185097047326133,7.9387291728002936
3528,0.20206244074702007,8.074660926343785,7.8725984855967654
3529,0.42358924840840134,8.053891341117303,7.630302092708902
3530,0.3084167327425003,8.228177742135871,7.919761009393371
3531,0.43797993866542595,8.216758192371477,7.778778253706052
3532,0.4319164692119276,8.08586929096291,7.653952821750982
3533,0.33842398630988696,8.282486039153778,7.944062052843891
3534,0.34090164594294436,8.144475117603527,7.803573471660583
3535,0.42149781112543033,8.223636161691326,7.802138350565896
3536,0.3530314796302788,8.092035732354999,7.73900425272472
3537,0.5171400714762365,8.223230872666567,7.706090801190331
3538,0.24746655016693198,8.093004398618922,7.84553784845199
3539,0.4338514723561363,8.133781306098498,7.699929833742362
3540,0.31555530290203004,8.18424854222633,7.868693239324299
3541,0.2829653898477123,8.245492162622309,7.962526772774597
3542,0.2662854205650613,8.226807883486238,7.960522462921176
3543,0.3423609287910643,8.286338272661695,7.94397734387063
3544,0.5614069204010707,8.239889547614146,7.678482627213075
3545,0.3587715663604303,8.102848354955013,7.744076788594582
3546,0.3592114503801017,8.215114368151085,7.855902917770983
3547,0.2664118433137394,8.212430375075982,7.946018531762243
3548,0.4960451242665056,8.29809773782423,7.802052613557725
3549,0.19839380200072718,8.25271241441551,8.054318612414784
3550,0.4072797291338891,8.239457324235708,7.832177595101819
3551,0.34528868108586996,8.08874859805661,7.743459916970739
3552,0.4251675314557562,8.28661027443217,7.861442742976415
3553,0.4082350013884532,8.104757976189077,7.696522974800624
3554,0.39320977730829426,8.201910314003577,7.808700536695283
3555,0.474725611315902,8.200560601313123,7.725834989997221
3556,0.4322513905996963,8.104596078370765,7.672344687771068
3557,0.5346529877788564,8.259367659753519,7.724714671974662
3558,0.40643013287758406,8.245289568220507,7.838859435342923
3559,0.6165154541106616,8.230263829475422,7.613748375364761
3560,0.3895852429272438,8.104123087169013,7.714537844241769
3561,0.33672291481749544,8.408448279622139,8.071725364804644
3562,0.4594003687991011,8.115824574602321,7.65642420580322
3563,0.4479808382223537,8.13825479118566,7.690273952963307
3564,0.30957601275637103,8.048395622167323,7.738819609410952
3565,0.5386466917819797,8.176098077600022,7.637451385818043
3566,0.46309249270148134,8.23302148200309,7.76992898930161
3567,0.19946225589053693,8.182038224878239,7.982575968987702
3568,0.4822762259951076,8.121815171075369,7.639538945080261
3569,0.4340979022663589,8.212089003408094,7.777991101141735
3570,0.4331177473263881,8.138997232913928,7.705879485587539
3571,0.38131972551626636,8.212572494550635,7.831252769034369
3572,0.3214312302613018,8.141094639216686,7.819663408955384
3573,0.3245841397915886,8.098657397038371,7.7740732572467826
3574,0.2742012964572515,8.32109794925735,8.046896652800099
3575,0.32050497905215797,8.125115425341864,7.804610446289706
3576,0.45491454141243104,8.125925581688305,7.671011040275874
3577,0.2816178271932001,8.24783727332677,7.96621944613357
3578,0.4050385623292669,8.26993261602718,7.864894053697913
3579,0.45022573537113203,8.198655879279782,7.74843014390865
3580,0.45924857573113115,8.110278338957132,7.651029763226001
3581,0.42094461119928084,8.095340258488626,7.674395647289345
3582,0.4573371452134796,8.11398205980766,7.65664491459418
3583,0.42986151668873274,8.162126259319963,7.732264742631231
3584,0.5825073939190906,8.249540996706958,7.667033602787868
3585,0.3753216356084238,8.184020587218573,7.808698951610149
3586,0.3840266116124998,8.023378454249913,7.639351842637414
3587,0.4765986334256489,8.3225680128489,7.84596937942325
3588,0.5725729033497265,8.094446122775706,7.521873219425979
3589,0.12147456406056195,8.166510336045597,8.045035771985035
3590,0.357676933410633,8.120442656504256,7.762765723093623
3591,0.36236948289649773,8.185369433276685,7.822999950380187
3592,0.3313029555542315,8.274457087487631,7.9431541319334
3593,0.322991362153057,8.175368527844324,7.852377165691267
3594,0.44595070628535277,8.28024334437977,7.834292638094417
3595,0.3756983352941106,8.202443389055281,7.8267450537611705
3596,0.3172309056933409,8.331543172557499,8.014312266864158
3597,0.42755132779903454,8.279870511446896,7.852319183647862
3598,0.41730651644861466,8.202795380772212,7.7854888643235975
3599,0.48803043895494375,8.28511606376305,7.797085624808107
3600,0.19845999580945684,8.237669904825873,8.039209909016417
3601,0.15730995424883915,8.258907500686817,8.101597546437977
3602,0.4157057084840598,8.139964572307505,7.7242588638234455
3603,0.5817173355067922,8.207349291359487,7.625631955852694
3604,0.4508061235109802,8.117331175213046,7.666525051702066
3605,0.38269599791359327,8.136287218737317,7.753591220823724
3606,0.2148887381944742,8.159968843434259,7.945080105239784
3607,0.3441421892124959,8.23789083236481,7.893748643152314
3608,0.24748407432646025,8.18100099425734,7.93351691993088
3609,0.504234461453918,8.27703271389777,7.7727982524438515
3610,0.5137466901124302,8.232520282664062,7.718773592551631
3611,0.5716491871242618,8.20137291185708,7.629723724732818
3612,0.42935706844922295,8.256500413864156,7.8271433454149335
3613,0.35854496999797564,8.3163519720654,7.957807002067424
3614,0.48990504479299835,8.241209853889616,7.751304809096618
3615,0.4257344943192782,8.210923790446834,7.785189296127556
3616,0.20928966544590863,8.249637498149049,8.04034783270314
3617,0.6767598951910653,8.220314416315118,7.543554521124053
3618,0.3973803569323493,8.296018478391057,7.898638121458707
3619,0.4896357160644302,8.356094632224615,7.866458916160185
3620,0.43992080386090116,8.095952276682745,7.6560314728218435
3621,0.4373775683267484,8.173338382772123,7.735960814445375
3622,0.44276146712270803,8.18375096851393,7.740989501391223
3623,0.33059711866677793,8.189211491955735,7.858614373288957
3624,0.41898990058237606,8.157528598985435,7.738538698403058
3625,0.5095229460768442,8.138092006290611,7.628569060213767
3626,0.40545191580644263,8.213941460496843,7.8084895446904
3627,0.13708928643421464,8.177798817095795,8.04070953066158
3628,0.2697879758779186,8.195720429894765,7.925932454016846
3629,0.18844447320556962,8.14966628838557,7.96122181518
3630,0.3121363041967706,8.294411966602437,7.982275662405667
3631,0.5083290756794024,8.22287342716855,7.714544351489147
3632,0.3046995649424609,8.196252211459246,7.891552646516785
3633,0.47108466264112686,8.2226416776921,7.751557015050972
3634,0.3663508511961172,7.997610187374362,7.631259336178245
3635,0.4383196521248137,8.179924554613933,7.74160490248912
3636,0.3012691402952481,8.137950369226832,7.836681228931584
3637,0.4418902972595546,8.157194949802664,7.715304652543109
3638,0.40628705288640765,8.165929182820959,7.759642129934551
3639,0.3550134714023936,8.072669908294667,7.717656436892273
3640,0.36830629486767685,8.23105997511782,7.862753680250143
3641,0.5935517697720782,8.14664540193494,7.553093632162861
3642,0.3517605376232329,8.104546078505765,7.752785540882532
3643,0.3043424220040131,8.207945087705628,7.903602665701615
3644,0.4417071273305509,8.189377213396623,7.747670086066073
3645,0.40249575910639074,8.227775464719302,7.825279705612911
3646,0.5571568025942042,8.288147672054393,7.7309908694601885
3647,0.28889488823912485,8.051542819484446,7.762647931245321
3648,0.4633366848137417,8.243317111199563,7.779980426385821
3649,0.3846920364773633,8.16899938080002,7.784307344322657
3650,0.43694371119943604,8.203275408240417,7.7663316970409815
3651,0.3817484836063574,8.18562730011071,7.803878816504352
3652,0.41317619014964585,8.075276688962752,7.662100498813106
3653,0.3173754285765217,8.08980811313995,7.772432684563428
3654,0.30672422972052005,8.062984205045682,7.756259975325162
3655,0.4000019799754165,8.219589212142989,7.819587232167572
3656,0.4078844333209487,8.22097710897364,7.813092675652691
3657,0.4131723949330347,8.060691988597137,7.647519593664102
3658,0.3822407324988978,8.20336880030072,7.821128067801822
3659,0.3508797034686086,8.224224708940023,7.873345005471414
3660,0.49608493494039146,8.254197283223716,7.7581123482833245
3661,0.23765224866105364,8.26636182627132,8.028709577610266
3662,0.42391732106219526,8.311195840879014,7.887278519816819
3663,0.2643952634306902,8.03797430189047,7.77357903845978
3664,0.5453940299762173,8.257461758160163,7.712067728183946
3665,0.2631491119290904,8.280615619511288,8.017466507582197
3666,0.44446537118791135,8.210309193744978,7.765843822557066
3667,0.4203751636361872,8.090452666241843,7.670077502605656
3668,0.4307883919666983,8.201319777161096,7.770531385194398
3669,0.5972531038014243,8.274264015033227,7.677010911231802
3670,0.5133109737327667,8.341344176612408,7.828033202879641
3671,0.2923991419691115,8.26067329752626,7.968274155557149
3672,0.2853980814899754,8.249636756920946,7.964238675430971
3673,0.5626263061181054,8.228904444922364,7.666278138804259
3674,0.3372664869287975,8.007390992473226,7.670124505544429
3675,0.42179568144732477,8.157501221531604,7.735705540084279
3676,0.05651464796212251,8.063344316351472,8.006829668389349
3677,0.4358767438132974,8.16732178186551,7.731445038052213
3678,0.4703264118880075,8.314778437504561,7.844452025616554
3679,0.34506183495855935,8.320030364199518,7.974968529240958
3680,0.4687613577640027,8.283727842959662,7.814966485195659
3681,0.244968976851848,8.16066603140073,7.915697054548882
3682,0.6158501169261418,8.179155400436812,7.563305283510671
3683,0.3785037776662936,8.22227920083267,7.8437754231663765
3684,0.39240304799642783,8.118423325789882,7.726020277793454
3685,0.433671180832141,8.152852735467667,7.719181554635526
3686,0.3823672563679119,8.23610741832254,7.853740161954628
3687,0.3013004223125339,8.18575398561119,7.884453563298655
3688,0.59757112447894,8.163977296899823,7.566406172420883
3689,0.2694311433140315,8.048096130035328,7.778664986721296
3690,0.4258184886512932,8.176876559261737,7.751058070610444
3691,0.502404436271918,8.198018268889776,7.695613832617857
3692,0.39821769580062216,8.326679450735792,7.92846175493517
3693,0.3500544851913986,8.319523087769001,7.969468602577603
3694,0.3275442630556644,8.20728774865757,7.879743485601907
3695,0.1335135369919996,8.20199227821722,8.06847874122522
3696,0.3659980117055818,8.198015266971195,7.8320172552656135
3697,0.35586290409614757,8.169344967521862,7.813482063425715
3698,0.38190202981914056,8.142492266854148,7.760590237035008
3699,0.26905970623718256,8.129478633689535,7.860418927452352
3700,0.46622601345414943,8.232751490113245,7.766525476659095
3701,0.27186283055858895,8.225328429637084,7.953465599078496
3702,0.2727504252459805,8.255354188818385,7.9826037635724045
3703,0.5318404046862949,8.132554622287119,7.6007142176008236
3704,0.4656879266616698,8.245246084601986,7.779558157940316
3705,0.3488627935538586,8.192211667949147,7.843348874395288
3706,0.5545600746770696,8.17097971860646,7.616419643929391
3707,0.2558310996517831,8.306839356060586,8.051008256408803
3708,0.5175320756808379,8.127467286638025,7.609935210957187
3709,0.3813621195037069,8.246536353476788,7.8651742339730815
3710,0.47709630815017134,8.234710279103465,7.757613970953294
3711,0.46977905397825503,8.212602814757906,7.742823760779651
3712,0.4342418568202794,8.236784076432956,7.802542219612676
3713,0.3159684906544496,8.25332526840197,7.93735677774752
3714,0.396349905635803,8.302262331354695,7.905912425718893
3715,0.5239124748554442,8.3050505144489,7.781138039593457
3716,0.2329001185088532,8.195930852152241,7.963030733643388
3717,0.339575212528853,8.030567316593107,7.690992104064254
3718,0.3756770802950467,8.30798132084475,7.932304240549703
3719,0.45357528130084146,8.18654749152198,7.7329722102211385
3720,0.3668313448791302,8.017051144793392,7.650219799914262
3721,0.48360930743834984,8.03816069452532,7.5545513870869705
3722,0.4539103084039327,8.15387332142124,7.699963013017308
3723,0.26526380024185214,8.141013720386622,7.87574992014477
3724,0.3744427563748308,8.070520853493738,7.696078097118908
3725,0.4035926486295016,8.195736793176684,7.792144144547182
3726,0.38816856525143595,8.01252288293439,7.624354317682953
3727,0.31180734139447325,8.186028818129198,7.874221476734725
3728,0.31808869834795694,8.2809667077992,7.962878009451243
3729,0.20443285614659942,8.178923332933328,7.974490476786729
3730,0.3966123707006266,8.13918311753297,7.742570746832342
3731,0.32841185804859135,8.15427433121606,7.825862473167469
3732,0.31422628070296643,8.094829787056415,7.780603506353449
3733,0.2991057789996412,8.205329075564201,7.90622329656456
3734,0.35886194643659863,8.231739993081868,7.87287804664527
3735,0.38896306835741234,8.163220231939206,7.774257163581794
3736,0.3856753558519662,8.239771833830421,7.854096477978454
3737,0.4708642462457964,8.178279039620847,7.70741479337505
3738,0.2943676718235528,8.161472383204647,7.867104711381094
3739,0.38549859109607587,8.063258650162432,7.6777600590663555
3740,0.3763467636216239,8.139369714042315,7.763022950420692
3741,0.11228175631230108,8.036113354459724,7.923831598147423
3742,0.42576014830852105,8.145003732213496,7.719243583904975
3743,0.5269153579539666,8.207856256597623,7.680940898643656
3744,0.4693022885108556,8.216840609475772,7.7475383209649165
3745,0.3720824501676938,8.169229662156171,7.797147211988477
3746,0.29666662653415454,8.171434393004585,7.8747677664704305
3747,0.36048582539041535,8.138272021937036,7.777786196546621
3748,0.452140488661078,8.2743171600602,7.822176671399122
3749,0.5074230134122367,8.188503182941977,7.68108016952974
3750,0.5724741702486892,8.24249980559598,7.67002563534729
3751,0.5398488326058921,8.236518220399098,7.696669387793206
3752,0.33995444844683864,8.211723595653462,7.871769147206623
3753,0.116518739818178,8.04990471430701,7.933385974488831
3754,0.4684378461527225,8.299604813959508,7.8311669678067855
3755,0.3543967319242396,8.256665585035861,7.902268853111622
3756,0.3784208812671334,8.33098605868188,7.952565177414747
3757,0.46509905760644676,8.094006393261353,7.6289073356549055
3758,0.2878689356623364,8.230094262389139,7.942225326726803
3759,0.5631640265847866,8.260422499609884,7.697258473025098
3760,0.6338020719069193,8.219822114366764,7.586020042459845
3761,0.37192300660253763,8.1115242324309,7.739601225828363
3762,0.5779727960344875,8.22151505845826,7.643542262423773
3763,0.4117547823342531,8.279087303163928,7.867332520829676
3764,0.27104086927741716,8.22564441636789,7.954603547090473
3765,0.5130407672717764,8.159133369907808,7.646092602636032
3766,0.6177536959789802,8.30509034849962,7.68733665252064
3767,0.32722940325267524,8.281399286505025,7.95416988325235
3768,0.3944891988194631,8.278081076773212,7.883591877953749
3769,0.5041154333297583,8.227829310393098,7.723713877063339
3770,0.38588627171813933,8.248344159765109,7.862457888046969
3771,0.5059791868938069,8.224431248194048,7.7184520613002405
3772,0.46092521640710626,8.086086060499937,7.625160844092831
3773,0.22389579717968405,8.11868475006415,7.894788952884466
3774,0.10050360837767486,8.23987712612793,8.139373517750254
3775,0.22268420339963665,8.138584174171621,7.915899970771984
3776,0.44444955990118484,8.26000643216334,7.815556872262156
3777,0.5087903857347307,8.161249536400627,7.652459150665896
3778,0.37740935721417634,8.200248216154138,7.822838858939962
3779,0.3665936931729005,8.216861241578409,7.850267548405508
3780,0.364325358131344,8.263243880408675,7.898918522277331
3781,0.36873822748270757,8.22218764666958,7.853449419186872
3782,0.2587878823235158,8.13689205605194,7.878104173728424
3783,0.4303496402770373,8.225396572457601,7.795046932180564
3784,0.4471008382528297,8.201467792312876,7.754366954060046
3785,0.4691684345983554,8.193559811823704,7.7243913772253485
3786,0.28336697992514814,8.187012870578661,7.903645890653513
3787,0.32780126131120413,8.249843626941532,7.922042365630328
3788,0.47726489610450124,8.079625537813495,7.6023606417089935
3789,0.2852417134844887,8.238131046142309,7.95288933265782
3790,0.23061048541824047,8.182602797858603,7.951992312440363
3791,0.4139716609199423,8.043204278656733,7.629232617736791
3792,0.40869444698928875,8.194922191163602,7.7862277441743135
3793,0.41599519224529524,8.156363897075357,7.740368704830062
3794,0.29161782922393786,8.194458568382498,7.90284073915856
3795,0.4877691779603057,8.299169151109313,7.8113999731490065
3796,0.32317515118530593,8.044836465919703,7.721661314734397
3797,0.40808438876905173,8.338518959963201,7.93043457119415
3798,0.14472208540046308,8.154566842354754,8.00984475695429
3799,0.4010667426746688,8.17149473008989,7.770427987415221
3800,0.5976721555385826,8.24183250361468,7.644160348076097
3801,0.44456640322274216,8.067313351962698,7.622746948739955
3802,0.4749980589320937,8.307867922493113,7.832869863561019
3803,0.39323820218816685,8.251179976971263,7.857941774783097
3804,0.3328519973448629,8.134068948682255,7.801216951337393
3805,0.3206070263736733,8.16558817795013,7.844981151576458
3806,0.4565804809158683,8.2841786319788,7.827598151062932
3807,0.21810354335327065,8.180002081838051,7.96189853848478
3808,0.36588209456569004,8.381377980838757,8.015495886273067
3809,0.29925670597942067,8.27651144036935,7.977254734389929
3810,0.5749853620004813,8.106351284224255,7.531365922223774
3811,0.3902232677237228,8.069087081282696,7.678863813558973
3812,0.3286576104362328,8.171243463246126,7.8425858528098935
3813,0.36176745273782046,8.282588203085357,7.920820750347537
3814,0.4139569014658426,8.240396302083786,7.826439400617944
3815,0.5850955970342173,8.223054549064088,7.63795895202987
3816,0.44114819588897064,8.11276259766474,7.67161440177577
3817,0.4389202800336034,8.145535108234885,7.706614828201282
3818,0.5362414331196814,8.187388135029332,7.651146701909651
3819,0.5083899353244283,8.32036678476411,7.811976849439681
3820,0.3193522656761853,8.141580701291499,7.822228435615314
3821,0.614513100892825,8.21427556867705,7.599762467784224
3822,0.6105844089845935,8.363498080125439,7.7529136711408455
3823,0.42581197845154944,8.245959724324704,7.820147745873155
3824,0.46324118232895956,8.127903116051613,7.664661933722653
3825,0.4116477661533253,8.230444335758296,7.818796569604971
3826,0.43179770649822996,8.101889968335204,7.670092261836974
3827,0.42594305056137977,8.123912829154309,7.697969778592928
3828,0.10522497645891947,7.975168324915375,7.869943348456455
3829,0.2573007146567486,8.156176356981977,7.898875642325228
3830,0.42203646579742427,8.184587940848065,7.762551475050641
3831,0.4569365017751629,8.260617677609725,7.803681175834562
3832,0.3494060872091375,8.188269572337006,7.8388634851278685
3833,0.538535794675271,8.226372936625813,7.687837141950542
3834,0.571370965182211,8.175495247289353,7.604124282107142
3835,0.23841213988039126,8.237888319761026,7.999476179880635
3836,0.46509866622155466,8.189337821815098,7.724239155593543
3837,0.3431550512689651,8.1529240260824,7.809768974813435
3838,0.48080122552211046,8.176480103211476,7.695678877689366
3839,0.3476808450921095,8.30022398679624,7.952543141704131
3840,0.4089599642997384,8.26304832826119,7.854088363961452
3841,0.4411480137920425,8.20502067655306,7.763872662761018
3842,0.40700240783001135,8.078447014064128,7.671444606234117
3843,0.5465922975057087,8.322484449182715,7.775892151677007
3844,0.45887407310140005,8.279510600092845,7.820636526991445
3845,0.41142035431783464,8.235461702290555,7.824041347972721
3846,0.31915994646580576,8.095573492410635,7.776413545944829
3847,0.1262604963113499,8.17235597107084,8.04609547475949
3848,0.4289617402936813,8.249080606699794,7.820118866406112
3849,0.3104609065731023,8.085377870663464,7.774916964090362
3850,0.3196090647635311,8.200671422490009,7.881062357726478
3851,0.24733502591918774,8.049026863359954,7.801691837440766
3852,0.33322845890489944,8.298563307130955,7.965334848226056
3853,0.35175985050842135,8.16587933047682,7.814119479968398
3854,0.3725236397091156,8.29423161253153,7.921707972822414
3855,0.3814258795311731,8.297659376328554,7.91623349679738
3856,0.5203813847518869,8.273617600311853,7.753236215559967
3857,0.4745595535362832,8.200846578322622,7.726287024786339
3858,0.3593104403022901,8.19669375915458,7.83738331885229
3859,0.40127391491236175,8.235025612109274,7.833751697196912
3860,0.28683540792317985,8.195021714418232,7.908186306495052
3861,0.3682967669773295,8.13984689769513,7.7715501307178
3862,0.34969314969705356,8.145213941735589,7.795520792038536
3863,0.2425005004382376,8.155431840124212,7.912931339685975
3864,0.5655682568804715,8.138878890934995,7.573310634054524
3865,0.3510326033588976,8.22255913787474,7.871526534515842
3866,0.21957309910596284,8.276476321082038,8.056903221976075
3867,0.39680176651728016,7.975827256251564,7.579025489734284
3868,0.39472388971100913,8.087412005008641,7.692688115297632
3869,0.3527416497642901,8.163567814141786,7.810826164377495
3870,0.4189182346500214,8.187739112178628,7.768820877528606
3871,0.5313361216233018,8.198858267020109,7.6675221453968065
3872,0.41395585685700304,8.218019469877444,7.804063613020441
3873,0.47222605037878496,8.027645804497356,7.555419754118571
3874,0.4953986095967023,8.349571117025931,7.854172507429229
3875,0.5597384178441167,8.079401865512457,7.51966344766834
3876,0.46770436259313536,8.171889390312947,7.704185027719811
3877,0.4051184294021699,8.357007009636483,7.951888580234313
3878,0.4558046602997214,8.226534654124377,7.770729993824656
3879,0.2541921009685297,8.20998544988717,7.955793348918641
3880,0.17470130450369697,8.052248364336535,7.877547059832838
3881,0.5921517089392406,8.236525972223957,7.644374263284716
3882,0.26642590403561445,8.003746614158768,7.737320710123154
3883,0.41210928320193574,8.201631284481598,7.789522001279662
3884,0.3478152059547016,8.13007758242621,7.782262376471508
3885,0.3325540773314623,8.122394526564142,7.789840449232679
3886,0.2959532839082505,8.188638747868517,7.892685463960266
3887,0.4306718565944674,8.182838028386064,7.752166171791596
3888,0.557909920809535,8.18966592024415,7.631755999434616
3889,0.49241958390082885,8.229743765970769,7.73732418206994
3890,0.25727550081381834,8.098574485966939,7.84129898515312
3891,0.36027125896370477,8.024613769352243,7.664342510388538
3892,0.5208761377681228,8.218583163194168,7.697707025426046
3893,0.23301626402312275,8.042915663450334,7.809899399427211
3894,0.3936129472296869,8.246968542824941,7.8533555955952545
3895,0.2790257732286541,8.268163089942698,7.989137316714044
3896,0.4086551367410646,8.329130604512974,7.92047546777191
3897,0.39338524859015067,8.16518472676497,7.771799478174819
3898,0.36299353946654916,8.064731944840394,7.701738405373845
3899,0.24236919530269208,8.264268355826754,8.021899160524063
3900,0.41989224951066545,8.289123488277347,7.869231238766682
3901,0.17350603954365107,8.23894264393514,8.065436604391488
3902,0.38447950044687496,8.177235527905442,7.792756027458567
3903,0.40967607891049823,8.177771397444154,7.768095318533656
3904,0.41829787045294126,8.188099039271389,7.769801168818447
3905,0.43096823532758544,8.1395655642904,7.708597328962815
3906,0.46909336933496876,8.396028673617115,7.926935304282146
3907,0.557915295177104,8.450138796755835,7.892223501578732
3908,0.3504024072027321,8.15850563949472,7.808103232291988
3909,0.4383668281796472,8.25313087360851,7.814764045428864
3910,0.2491368141613955,8.188850658107679,7.939713843946284
3911,0.49399543608007884,8.327265580957711,7.833270144877632
3912,0.3638009713570608,8.130999945014699,7.767198973657638
3913,0.23582467895168865,8.239307905435142,8.003483226483453
3914,0.44540814787633964,8.200079198636923,7.754671050760583
3915,0.37803273459505354,8.356610300602501,7.978577566007448
3916,0.4079019501482229,8.219333013996135,7.811431063847912
3917,0.37944399170117576,8.196686536940641,7.817242545239465
3918,0.16929880368492975,8.182069807746398,8.012771004061468
3919,0.644035486791969,8.33499206087069,7.6909565740787205
3920,0.2748336255884445,8.036471242587293,7.761637616998849
3921,0.4592262974708163,8.25913914074218,7.799912843271364
3922,0.49108054974866094,8.119137026876036,7.628056477127375
3923,0.18988219606743112,8.161843631709278,7.9719614356418464
3924,0.24452600679939007,8.089236957191993,7.844710950392603
3925,0.5797153373102379,8.354649717076965,7.774934379766727
3926,0.3154662632900008,8.15941093736707,7.843944674077069
3927,0.43377138749129635,8.280853991706584,7.847082604215288
3928,0.36197282955125876,8.228371346440104,7.866398516888846
3929,0.5667772403406673,8.054214504764786,7.487437264424119
3930,0.3771880921931998,8.169970058904534,7.792781966711334
3931,0.26352401653790813,8.267680874428255,8.004156857890347
3932,0.335862713315844,8.10180483746115,7.765942124145306
3933,0.4898827472854588,8.271312412626115,7.781429665340656
3934,0.31432981673871935,8.180675569676621,7.866345752937902
3935,0.24369419951721508,8.205513267190582,7.961819067673368
3936,0.35708639033593365,8.306693339831256,7.949606949495322
3937,0.24830136095927216,8.068509023697182,7.82020766273791
3938,0.3955364667878883,8.220365074741801,7.824828607953913
3939,0.4592249960874183,8.174097218020208,7.714872221932789
3940,0.4203452715429432,8.240324814667538,7.819979543124595
3941,0.3275627507871883,8.16915329796427,7.8415905471770815
3942,0.3085465537817542,8.297862404920414,7.9893158511386595
3943,0.2629964296381026,8.218125622914139,7.955129193276036
3944,0.3320306930130914,8.17465593381706,7.842625240803969
3945,0.23323881500483076,8.220708786974331,7.9874699719695
3946,0.40203630030708964,8.267273247083711,7.865236946776622
3947,0.47282350350989594,8.183937021919347,7.711113518409451
3948,0.5055582373602034,8.065237693938542,7.559679456578339
3949,0.4373383428980782,8.38131991787961,7.943981574981532
3950,0.4620342828962412,8.243242019681583,7.781207736785341
3951,0.435784945310633,8.257279528950109,7.821494583639476
3952,0.6015985111171038,8.136891666943022,7.535293155825919
3953,0.46086719837436546,8.118802657006952,7.657935458632587
3954,0.3208553998501509,8.193777135659412,7.8729217358092605
3955,0.3463401249481049,8.165689039402247,7.819348914454142
3956,0.68853800022085,8.251107214578203,7.562569214357353
3957,0.4885740400989517,8.382492608909477,7.893918568810525
3958,0.4344767986793241,8.234316646839961,7.799839848160637
3959,0.5141795572980546,8.298965491336038,7.784785934037983
3960,0.4674705261846577,8.318695136787001,7.851224610602344
3961,0.4738854401356411,8.20603545473361,7.73215001459797
3962,0.36461479998887647,8.16853079636468,7.803915996375803
3963,0.46758209205307955,8.20585652440901,7.738274432355929
3964,0.3861632512893094,8.195420346892893,7.809257095603584
3965,0.40106544384396975,8.197955373428492,7.796889929584522
3966,0.4909989148606144,8.298946587804299,7.807947672943684
3967,0.32569664701173273,8.20359042411229,7.8778937771005575
3968,0.3795051293893094,8.214808309316037,7.835303179926728
3969,0.37640671729950553,8.19429006773263,7.817883350433125
3970,0.32620033437484686,8.120088780137927,7.79388844576308
3971,0.3761322990946645,8.117465080720766,7.7413327816261015
3972,0.19686073374365545,8.144721251368447,7.947860517624791
3973,0.32124382969244875,8.284248363883599,7.96300453419115
3974,0.37317057266783366,8.126990845831928,7.753820273164094
3975,0.348849134099243,8.190399401139958,7.841550267040715
3976,0.3521092941567109,8.267021905601558,7.914912611444847
3977,0.3473336905827616,8.138378712017825,7.791045021435064
3978,0.37590972611388584,8.230592292798864,7.854682566684978
3979,0.3673213807774676,8.350499737778659,7.983178357001191
3980,0.5068083724057558,8.224374377101887,7.717566004696131
3981,0.381321188905308,8.145322507843199,7.764001318937891
3982,0.3443237178745421,8.106662332911913,7.762338615037371
3983,0.6021971051434574,8.298822545829445,7.696625440685988
3984,0.45191615904625027,8.10126664898475,7.649350489938499
3985,0.2811017920741483,8.274681067261975,7.993579275187827
3986,0.5066099677824871,8.174154513671127,7.6675445458886395
3987,0.5300116543463835,8.196540340612511,7.666528686266128
3988,0.346274817121905,8.159981558034554,7.813706740912648
3989,0.2891237201450012,8.026952324756595,7.737828604611593
3990,0.4424231623811686,8.205065660277137,7.7626424978959685
3991,0.4812398751092764,8.14136103671789,7.660121161608615
3992,0.39729074519937596,8.108591853282713,7.711301108083337
3993,0.4352291471194849,8.354835140290628,7.919605993171143
3994,0.2990467696727562,8.023683502875322,7.724636733202566
3995,0.3672570017178339,8.075743032238947,7.7084860305211125
3996,0.2364071544793192,8.204995429461565,7.968588274982246
3997,0.25357804446516935,8.179745941257732,7.926167896792562
3998,0.2527638287946109,8.084345331053926,7.831581502259316
3999,0.4852603240763584,8.071520478758053,7.586260154681695
4000,0.5553138169938017,8.302146754620125,7.746832937626324
4001,0.805535693725577,8.212810244652228,7.407274550926651
4002,0.39057297879073843,8.231054816609891,7.840481837819152
4003,0.38433962490097706,8.112290122622959,7.727950497721982
4004,0.5354341952468309,8.201117001781883,7.665682806535052
4005,0.25469569661503266,8.155017067332789,7.900321370717757
4006,0.6815514607153754,8.320256426205638,7.638704965490263
4007,0.26252151879021773,8.138061222066995,7.875539703276777
4008,0.5070027338241563,8.206538827151313,7.699536093327157
4009,0.5619695088872225,8.049265832935381,7.487296324048159
4010,0.3339281716839494,8.284191700425442,7.950263528741493
4011,0.340545135251555,8.245339478660723,7.904794343409168
4012,0.32397863585256886,8.232862421727145,7.9088837858745755
4013,0.41491992497557556,8.22364565654685,7.808725731571275
4014,0.31980031416345517,8.238592305981069,7.9187919918176135
4015,0.4967004809670883,8.330170738611805,7.833470257644717
4016,0.33273170438997013,8.34371069343756,8.01097898904759
4017,0.25623720093511954,8.124209661169713,7.8679724602345935
4018,0.6298108216698788,8.24502973189084,7.615218910220961
4019,0.42806642155946306,8.29730780183028,7.869241380270817
4020,0.3599901563138442,8.136289033372345,7.7762988770585
4021,0.38297885215462096,8.180066227766053,7.797087375611432
4022,0.5112630576499274,8.118619589414086,7.607356531764159
4023,0.3663986553632771,8.315808369950156,7.94940971458688
4024,0.28658912987512675,8.250758343379557,7.96416921350443
4025,0.3349518844886115,8.220030183394401,7.88507829890579
4026,0.31666555883552694,8.198701032018235,7.882035473182708
4027,0.3654613799515625,8.166367569931245,7.800906189979682
4028,0.3039583960513228,8.316743258222296,8.012784862170973
4029,0.47616451044159164,8.23815142165278,7.7619869112111886
4030,0.22877164896484764,8.149020440230649,7.920248791265801
4031,0.2559925276496896,8.159288172372987,7.903295644723298
4032,0.3355978618792407,8.031422774115178,7.6958249122359375
4033,0.5203730108997935,8.344755320711782,7.8243823098119885
4034,0.4594079837803573,8.294107107963175,7.834699124182817
4035,0.5353079206598635,8.280406309752808,7.745098389092944
4036,0.16266625470489482,8.011819425557995,7.8491531708531
4037,0.17369176946225512,8.23545565750716,8.061763888044904
4038,0.5421525969855133,8.311974061484323,7.7698214644988095
4039,0.4150562124018652,8.070909123661552,7.655852911259688
4040,0.4793239304754708,8.132185217187555,7.652861286712084
4041,0.36957531496164037,8.236980378544295,7.867405063582655
4042,0.41073441634759966,8.173021872623726,7.762287456276127
4043,0.10652585185940225,7.968723345881852,7.86219749402245
4044,0.46950651295514645,8.00167998155152,7.5321734685963735
4045,0.31992297721274343,8.177986376647707,7.858063399434964
4046,0.5035198215965413,8.100725997741893,7.597206176145352
4047,0.31918026535762983,8.333537764125056,8.014357498767426
4048,0.09789901411814396,8.14838972394327,8.050490709825125
4049,0.4170877333965262,8.186633178002984,7.769545444606457
4050,0.3127291810683643,8.2267043192934,7.9139751382250365
4051,0.5126879627849251,8.163518086828866,7.6508301240439405
4052,0.4008722194526762,8.131200670512403,7.7303284510597265
4053,0.44732109265809633,8.094238787009528,7.6469176943514325
4054,0.3669726485552025,8.273817992134836,7.906845343579633
4055,0.4385556717834886,8.285198435182426,7.846642763398938
4056,0.4128024123964055,8.217866389855189,7.805063977458784
4057,0.41922008331821575,8.297701464833986,7.878481381515771
4058,0.4203412128097922,8.14945631643932,7.729115103629527
4059,0.4401711828621951,8.072598682926612,7.632427500064417
4060,0.2759295015220334,8.28178268607039,8.005853184548355
4061,0.3534722800629107,8.094369450878302,7.7408971708153915
4062,0.16524696991209314,8.04272996932756,7.8774829994154665
4063,0.28711457126674256,8.076240377819552,7.78912580655281
4064,0.5691932830170195,8.31243440898752,7.743241125970501
4065,0.5643102311205656,8.186352969023808,7.622042737903243
4066,0.18875082842594504,8.195615720148067,8.006864891722122
4067,0.35707690965694977,8.445849961214961,8.088773051558011
4068,0.45247754747117014,8.280936541241582,7.828458993770412
4069,0.44047725857288306,8.16529609497689,7.724818836404007
4070,0.17847543351965833,8.075076410200039,7.89660097668038
4071,0.4808362093276753,8.14703504045712,7.666198831129444
4072,0.24995006143515477,8.197332921717388,7.947382860282233
4073,0.4046983308645356,8.314479910836635,7.909781579972099
4074,0.31900444488703295,8.133215720025841,7.814211275138809
4075,0.3329278487999659,8.202658349214703,7.869730500414737
4076,0.26681169933518456,8.14369336191961,7.876881662584426
4077,0.5294996721823704,8.28189602891602,7.752396356733649
4078,0.3503391156261219,8.196083649531705,7.845744533905583
4079,0.3178831026329489,8.161785391607056,7.843902288974108
4080,0.38025109655723427,8.072912727612076,7.6926616310548415
4081,0.437646774752415,8.214187515933164,7.776540741180749
4082,0.3586185398111202,8.18727126066779,7.82865272085667
4083,0.4165820903210388,8.274979204669565,7.858397114348526
4084,0.533323794909672,8.182732806979624,7.6494090120699525
4085,0.6517003961457251,8.385982836655018,7.7342824405092925
4086,0.41777675765403466,8.210004033756999,7.792227276102964
4087,0.3840624657194293,8.212576490643814,7.8285140249243845
4088,0.4489350694185141,8.231620158418384,7.7826850889998695
4089,0.34731765761270345,8.155249360102284,7.80793170248958
4090,0.49971916682843726,8.209755940783587,7.71003677395515
4091,0.37600952914763885,8.178188672643893,7.802179143496254
4092,0.4121336123640072,8.213914563486224,7.8017809511222165
4093,0.4927230626128754,8.153091942085869,7.660368879472993
4094,0.5965592934727224,8.302978352966896,7.7064190594941735
4095,0.40342552226604766,8.235302147469888,7.83187662520384
4096,0.4648800980678469,8.31312067629345,7.848240578225602
4097,0.4948570577302227,8.204906885115845,7.710049827385622
4098,0.40653736743905555,8.23380471208829,7.8272673446492345
4099,0.39736946102222676,8.234252166039168,7.836882705016941
4100,0.3434820023563785,7.962246267366364,7.618764265009986
4101,0.4450177048656926,8.287248708567617,7.842231003701924
4102,0.38685038365117996,8.290204724028888,7.903354340377708
4103,0.551759056979398,8.267575008572983,7.715815951593585
4104,0.2915180960576796,8.11916778184024,7.82764968578256
4105,0.4772803598605412,8.083040530601993,7.605760170741452
4106,0.40589746952892275,8.266978907349095,7.8610814378201725
4107,0.29735373005561033,8.15873151481591,7.8613777847603
4108,0.46139292288294426,8.28780735654593,7.826414433662985
4109,0.40163789060507216,8.24420033775832,7.842562447153248
4110,0.37694551140198157,8.127629887215345,7.750684375813364
4111,0.46494920357074626,8.249392416709595,7.784443213138849
4112,0.3864835278491382,8.244292214248224,7.857808686399086
4113,0.5407858741276539,8.174580022268007,7.633794148140353
4114,0.35623659846719186,8.219485497243603,7.863248898776411
4115,0.22960166915537095,8.108772973896388,7.879171304741017
4116,0.5489684731834447,8.203392148892462,7.654423675709017
4117,0.24716303420823255,8.237765640156475,7.990602605948243
4118,0.3580749245325974,8.161012113630514,7.802937189097917
4119,0.335022911339276,8.320039908028798,7.985016996689522
4120,0.44483493246121575,8.186709348981267,7.7418744165200515
4121,0.36786162669717454,8.134096319395976,7.766234692698801
4122,0.37888767535477474,8.2728112145255,7.893923539170726
4123,0.3546840451274088,8.243138882965615,7.888454837838206
4124,0.3367520121991209,8.118356111608573,7.781604099409453
4125,0.28225772744852695,8.197567514148108,7.915309786699582
4126,0.48131125692693316,8.20328360178044,7.721972344853507
4127,0.5810302573819792,8.202822644733175,7.621792387351196
4128,0.5397465219465639,8.171813508113509,7.632066986166945
4129,0.5518830010821201,8.18903866528811,7.637155664205991
4130,0.40376802889237146,8.172250549031842,7.768482520139471
4131,0.3559097667211038,8.240072061524927,7.884162294803823
4132,0.3413429886398847,8.121201539126817,7.779858550486932
4133,0.2643754617782197,8.29174473722519,8.02736927544697
4134,0.2390722410880992,8.066933104777927,7.827860863689828
4135,0.4470011695516734,8.31248319913026,7.865482029578586
4136,0.6052333681904036,8.132757390394755,7.527524022204351
4137,0.1456525250064639,8.254541651755186,8.108889126748723
4138,0.3968987602732672,8.288028931613997,7.8911301713407305
4139,0.32110553385860263,8.058125584995459,7.737020051136856
4140,0.5774636508310937,8.03066895194363,7.453205301112536
4141,0.42647727498013915,8.25008587361736,7.823608598637221
4142,0.42786242540496316,8.283147417895783,7.85528499249082
4143,0.3283542405748725,8.134628215337962,7.806273974763089
4144,0.4220849267572408,8.13829577696333,7.71621085020609
4145,0.260690491782823,8.123626320495493,7.86293582871267
4146,0.38161397676376735,8.170598119954164,7.788984143190397
4147,0.28822839880073436,8.164810378222148,7.876581979421413
4148,0.2923904642276925,8.082420243079726,7.790029778852033
4149,0.3625164941671084,8.130125739805463,7.767609245638354
4150,0.4873430295711028,8.171947826517092,7.684604796945989
4151,0.454575112874824,8.131309284145878,7.676734171271054
4152,0.31139546951408337,8.138181764104182,7.826786294590098
4153,0.15606888958898288,8.17013785061289,8.014068961023908
4154,0.5277369451051712,8.263584016600843,7.735847071495672
4155,0.3692786359825602,8.148958381913722,7.779679745931162
4156,0.3990595413395481,8.210227337021204,7.811167795681656
4157,0.37989152769058465,8.18842364655,7.808532118859415
4158,0.405666768819651,8.296983066327709,7.891316297508058
4159,0.2236447203105875,8.2273735941097,8.003728873799112
4160,0.3446488241727353,8.279129232742008,7.934480408569272
4161,0.2873467478751689,8.20854761278841,7.92120086491324
4162,0.303057662862875,8.160209667445166,7.857152004582291
4163,0.3921640387923226,8.315947567132975,7.923783528340652
4164,0.3534824911494616,8.163947635027508,7.810465143878046
4165,0.40717887022173116,8.068371056854357,7.661192186632626
4166,0.491606652204676,8.15358950743926,7.6619828552345846
4167,0.48156501049061956,8.258223127014801,7.776658116524182
4168,0.34169383609830334,8.158469517561487,7.8167756814631835
4169,0.15577936071634488,8.117564209658783,7.961784848942438
4170,0.5297864160897973,8.357341730067684,7.8275553139778875
4171,0.43876581419104904,8.170716230277211,7.731950416086162
4172,0.4811493608674656,8.201019337501478,7.719869976634012
4173,0.5387774299249081,8.385891472026282,7.847114042101374
4174,0.5349908734299247,8.123938476869803,7.588947603439879
4175,0.3316165396636712,8.153780269059416,7.8221637293957444
4176,0.5587898022313029,8.333156525904341,7.7743667236730385
4177,0.3483445089904518,8.232751101790845,7.884406592800393
4178,0.2239726425949823,8.203572455298453,7.97959981270347
4179,0.3360147418741932,8.242275011182043,7.90626026930785
4180,0.34527689693013985,8.156011221367633,7.810734324437493
4181,0.47258072369039256,8.251611196009284,7.779030472318891
4182,0.49725396846114484,8.234895611494876,7.737641643033731
4183,0.44324305726796354,8.361388836632335,7.918145779364371
4184,0.28515749789428574,8.336225775619333,8.051068277725047
4185,0.33146640957619616,8.067925465727281,7.7364590561510855
4186,0.4920149381131803,8.250796734325792,7.758781796212612
4187,0.4715831484325146,8.131640169433583,7.660057021001068
4188,0.22279270145275124,8.239098284536373,8.016305583083621
4189,0.6273142377256317,8.172635185321553,7.545320947595922
4190,0.5789637401352036,8.227246188451936,7.648282448316732
4191,0.3820770083393869,8.249625579735225,7.867548571395838
4192,0.4835897624454622,8.226720933189513,7.743131170744051
4193,0.48536801473781616,8.2297957329126,7.744427718174783
4194,0.4736833054722435,8.265709968883023,7.7920266634107795
4195,0.47443425692836977,8.071161625329983,7.596727368401614
4196,0.3301604600318897,8.227988247328504,7.897827787296615
4197,0.4795824942985369,8.27981349186541,7.800230997566873
4198,0.2720995005031949,8.210986756277766,7.938887255774571
4199,0.1940507254619009,8.178819517383015,7.984768791921114
4200,0.23686439285388963,8.06574922580102,7.828884832947131
4201,0.3544301188344423,8.089273240584358,7.734843121749916
4202,0.29979673745499785,8.194552006438236,7.894755268983238
4203,0.42638226427326714,8.278738622367586,7.852356358094318
4204,0.4717599437501353,8.1807372094681,7.708977265717965
4205,0.5295757368037498,8.13340422488211,7.60382848807836
4206,0.35504568697856065,8.220172233294933,7.865126546316373
4207,0.48652867223442686,8.225201494171259,7.738672821936832
4208,0.26371381075492584,8.109037931661017,7.845324120906092
4209,0.4014336805051679,8.08135137956363,7.679917699058462
4210,0.19142674082688202,8.173367087988444,7.9819403471615615
4211,0.5131377819529658,8.142586982742714,7.629449200789748
4212,0.2547503264973324,8.254357247855083,7.99960692135775
4213,0.48201338183222875,8.251030682655172,7.769017300822943
4214,0.38657920974902127,8.226153090119395,7.839573880370374
4215,0.25138221442271275,8.186133342007968,7.934751127585256
4216,0.2965862587114788,8.211782044804979,7.9151957860935
4217,0.5453705064630915,8.12323103621041,7.577860529747318
4218,0.402457057536768,8.209013905317219,7.806556847780451
4219,0.36013976207250287,8.125983423286135,7.765843661213632
4220,0.30910367312118425,8.164621160564714,7.85551748744353
4221,0.3705462959182975,8.223210409084066,7.852664113165768
4222,0.41684877498038697,7.9320956641065345,7.515246889126147
4223,0.5260355197786556,8.261752080553295,7.735716560774639
4224,0.2848690686809026,8.29294501681411,8.008075948133207
4225,0.31490374993370396,8.109020293165162,7.794116543231459
4226,0.41371188122161634,8.053866975597563,7.640155094375946
4227,0.38143312607103863,8.199048311459116,7.817615185388077
4228,0.5954686672409126,8.12839098730817,7.532922320067258
4229,0.5449163883642868,8.213528044450484,7.668611656086197
4230,0.5960363713436663,8.302529456695492,7.706493085351825
4231,0.4762237347036828,8.189822762665784,7.713599027962101
4232,0.3017586282733664,8.112867004463212,7.811108376189845
4233,0.3124135512284955,8.211635566695145,7.89922201546665
4234,0.4471198103114186,8.24196911156195,7.794849301250531
4235,0.4479341116804409,8.201928332461438,7.7539942207809975
4236,0.5815900916802431,8.254563463788402,7.672973372108159
4237,0.38401044313169747,8.259964112755807,7.875953669624109
4238,0.46886656442324215,8.149559503129513,7.680692938706271
4239,0.3883812783251554,8.187485029712732,7.799103751387577
4240,0.42315560038640593,8.219013601814625,7.795858001428219
4241,0.10643558265840959,8.147523399523113,8.041087816864703
4242,0.4645992540577479,8.22532681978128,7.760727565723532
4243,0.3882270410547053,8.169196487484015,7.78096944642931
4244,0.3247642388089267,8.132634045596397,7.807869806787471
4245,0.3360999565912956,8.265265699935252,7.929165743343956
4246,0.45689276773835635,8.221419203617916,7.76452643587956
4247,0.6041528066314331,8.198175229184798,7.5940224225533655
4248,0.354925648184062,8.233659807895066,7.878734159711004
4249,0.3925815561258531,8.150246017190703,7.75766446106485
4250,0.5322285225007597,8.157646926922318,7.625418404421558
4251,0.5646887491914164,8.012546728131435,7.447857978940018
4252,0.3886702909042684,8.148761930554826,7.760091639650558
4253,0.46499105440342375,8.16633449254645,7.701343438143027
4254,0.44250410703734927,8.340596660682655,7.898092553645306
4255,0.2154037559908863,8.27737370379302,8.061969947802133
4256,0.5401010269342119,8.154759948451513,7.614658921517301
4257,0.4786818810173038,8.041080351189942,7.5623984701726386
4258,0.4990238815146805,8.189896137624906,7.690872256110226
4259,0.4096294540614881,8.227708488585767,7.818079034524279
4260,0.38912160547323366,8.238998124846917,7.849876519373684
4261,0.30004873967623025,8.288690596651733,7.988641856975503
4262,0.4791898670644673,8.236775291423964,7.757585424359497
4263,0.40566710714898624,8.260733781798205,7.855066674649219
4264,0.2860140066213146,8.176521151520623,7.890507144899308
4265,0.533276462246448,8.287622155329712,7.754345693083264
4266,0.22828244119308014,8.17285316511051,7.94457072391743
4267,0.4373403074698929,8.066776820547869,7.629436513077976
4268,0.171297367511931,8.202947039733676,8.031649672221745
4269,0.44000331072470905,8.190875006785802,7.750871696061093
4270,0.2364637287974227,8.239097094216316,8.002633365418893
4271,0.30721874771729824,8.218808658870058,7.91158991115276
4272,0.4986598858429142,8.06206791740685,7.563408031563935
4273,0.24185894203977493,8.179375597572495,7.93751665553272
4274,0.3097738524137744,8.050677603673396,7.740903751259622
4275,0.3411721172699207,8.202293353000126,7.861121235730206
4276,0.23254570305727884,8.281856961177127,8.049311258119848
4277,0.3832268895512855,8.116468258571473,7.733241369020187
4278,0.3644737120579245,8.185137885183673,7.820664173125748
4279,0.36746854700120835,8.160605498392158,7.79313695139095
4280,0.25023478332490257,8.0429876427152,7.792752859390298
4281,0.39718129831097804,8.330768012365287,7.933586714054308
4282,0.4556720266068245,8.091331838042768,7.635659811435944
4283,0.3474799353728327,8.10767389872866,7.760193963355827
4284,0.5053229544814798,8.320089923890295,7.814766969408815
4285,0.39704972068968725,8.118525168378383,7.721475447688696
4286,0.3494813659851912,8.149457474367606,7.799976108382415
4287,0.5736207724091151,8.154808198216944,7.581187425807829
4288,0.3891702485937272,8.21108640609698,7.821916157503253
4289,0.564999381850327,8.064232426333959,7.499233044483632
4290,0.48224519839416446,8.093168724630743,7.610923526236579
4291,0.5126156618517441,8.268482171992142,7.755866510140398
4292,0.23472640396604733,8.194597653049057,7.959871249083009
4293,0.49360613151587257,8.133729011373584,7.640122879857711
4294,0.3201092610546734,8.176327534204146,7.856218273149473
4295,0.29767470429180404,8.246107631156391,7.948432926864587
4296,0.4725333413689971,8.251045945726043,7.778512604357045
4297,0.6454684653813003,8.107278519643064,7.461810054261763
4298,0.5292649253568542,8.193367044462809,7.664102119105955
4299,0.26085630661958814,8.266697270297742,8.005840963678153
4300,0.45463352457151934,8.183324852068127,7.728691327496608
4301,0.49603383938498785,8.295143336338745,7.799109496953757
4302,0.21289733042951434,8.246407769139124,8.033510438709609
4303,0.3578792392929821,8.238016303700649,7.880137064407666
4304,0.40722956071448335,8.25262937904359,7.845399818329106
4305,0.2076146918342128,8.053859851475783,7.846245159641571
4306,0.43931098043990774,8.24106303066052,7.801752050220612
4307,0.43071584599919843,8.255297949147085,7.824582103147886
4308,0.5229087097061541,8.165141920590191,7.6422332108840365
4309,0.47140171417405646,8.317983984774074,7.846582270600018
4310,0.4671650195467838,8.133889949081775,7.6667249295349915
4311,0.42125810035947286,8.306353167377562,7.8850950670180895
4312,0.48233439839921594,8.308052750868391,7.825718352469176
4313,0.45821995373260194,8.330189495187819,7.871969541455217
4314,0.31186325743821125,8.439181062208498,8.127317804770286
4315,0.3779240258005899,8.151913245878655,7.7739892200780645
4316,0.20249262661272305,8.156890849260538,7.954398222647815
4317,0.37311606941714276,8.207086500700479,7.833970431283336
4318,0.4644966085890902,8.205774884544455,7.7412782759553656
4319,0.5739828267296376,8.101196157589683,7.527213330860046
4320,0.22047520728911243,8.179069183818392,7.958593976529279
4321,0.38668976312357295,8.101265944721193,7.714576181597621
4322,0.16292509609164543,8.161526380041463,7.998601283949818
4323,0.5211909130270432,8.323964808943133,7.80277389591609
4324,0.43611530071275817,8.192333332718421,7.7562180320056635
4325,0.3404167176992919,8.042743379976107,7.702326662276815
4326,0.37412151999678483,8.192679150842197,7.8185576308454126
4327,0.3745941258562538,8.21727557673677,7.842681450880516
4328,0.4169134031824868,8.209384100479861,7.792470697297374
4329,0.5875934133363336,8.341941040805303,7.754347627468968
4330,0.41226401485238695,8.019918637970882,7.607654623118495
4331,0.4705379134061806,8.201690309798105,7.731152396391924
4332,0.4385910355266388,8.22906784277346,7.790476807246821
4333,0.5208309866141516,8.27021565412473,7.749384667510578
4334,0.387091995150417,8.297743686112868,7.910651690962451
4335,0.6574436990936587,8.305996026921129,7.6485523278274705
4336,0.3928025175236748,8.282059711973112,7.889257194449437
4337,0.5043254652463629,8.428337571624416,7.924012106378053
4338,0.284857306749064,8.23507488287705,7.9502175761279865
4339,0.37930950611440295,8.117641389929526,7.738331883815123
4340,0.2830220519472692,8.252323645215892,7.969301593268622
4341,0.5855498072654072,8.196539198811099,7.610989391545692
4342,0.4048566926301712,8.242170234328295,7.837313541698124
4343,0.3512133935112521,8.233887580562861,7.882674187051609
4344,0.43612498116627213,8.17382350269648,7.737698521530208
4345,0.5775979757235159,8.20755344137294,7.629955465649425
4346,0.4592918750874404,8.21534209360199,7.75605021851455
4347,0.4076419497353985,8.062177081648452,7.654535131913053
4348,0.15701684135003113,8.237092183143815,8.080075341793783
4349,0.3208246219950795,8.192408171515833,7.871583549520754
4350,0.5168146333697321,8.237585532484504,7.720770899114772
4351,0.12619883024937523,8.088164507889365,7.96196567763999
4352,0.47299158548377657,8.224701773369398,7.751710187885622
4353,0.5503647915111793,8.151625372197278,7.601260580686099
4354,0.30985679976225206,8.06613557814568,7.756278778383428
4355,0.6369479039883318,8.219456334829754,7.582508430841423
4356,0.2705985201941926,8.085627802838081,7.815029282643889
4357,0.29718029872182716,8.232734597703418,7.935554298981591
4358,0.4696896200526304,8.24120391787584,7.7715142978232095
4359,0.3434719153800323,8.187657661972377,7.844185746592345
4360,0.5004037678712462,8.346733128183404,7.846329360312158
4361,0.500565454902654,8.211267619259475,7.710702164356821
4362,0.3625870445455817,8.04489681756892,7.682309773023339
4363,0.3142597276875375,8.119218830090164,7.804959102402626
4364,0.49014716883669834,8.119277750364109,7.62913058152741
4365,0.5017662320776131,8.17708545042514,7.675319218347528
4366,0.4569272602932407,7.938218048222462,7.481290787929221
4367,0.39651978617440475,8.357720428504273,7.961200642329867
4368,0.4428963030919316,8.060481354429877,7.6175850513379455
4369,0.3761138016301013,8.183428558144296,7.807314756514195
4370,0.49349953035224653,8.309178246861068,7.815678716508821
4371,0.4157369278421632,8.285188298909167,7.869451371067004
4372,0.5298571999802015,8.156489984189697,7.626632784209496
4373,0.32295059152555305,8.274618425305038,7.951667833779485
4374,0.36043642714029195,8.152626335690146,7.792189908549854
4375,0.49031502748421185,8.202843689214603,7.712528661730391
4376,0.4906940839999969,8.15259019592366,7.661896111923663
4377,0.47055012426506493,8.168326424816076,7.697776300551011
4378,0.47714572230585545,8.364592679155786,7.887446956849931
4379,0.14059711898095345,8.09714320358423,7.956546084603276
4380,0.3498229703156452,8.148097568069922,7.7982745977542764
4381,0.45920439302065935,8.27956681520633,7.820362422185671
4382,0.37115948470882887,8.211068317533467,7.839908832824638
4383,0.2861725984729357,8.128798711431347,7.842626112958412
4384,0.4698923253901701,8.220794660892803,7.750902335502634
4385,0.41038524535537585,8.160706051227166,7.75032080587179
4386,0.49809347472626675,8.248816635052055,7.750723160325788
4387,0.5326970382297049,8.161502663976655,7.628805625746951
4388,0.3804412029653798,8.114483835586082,7.734042632620702
4389,0.42861707866213933,8.233427046224524,7.8048099675623845
4390,0.43560297012830235,8.093453227652521,7.657850257524219
4391,0.43641173665233096,8.019552901432458,7.583141164780128
4392,0.3450789267587357,8.191883390063966,7.84680446330523
4393,0.492147742205155,8.29498415314858,7.802836410943424
4394,0.4290859352125393,8.167043722885415,7.737957787672876
4395,0.2559135451582007,8.069062858355009,7.813149313196808
4396,0.2698884691408978,8.212469621597561,7.942581152456664
4397,0.5027178663157855,8.284649208860877,7.781931342545091
4398,0.24464261684875105,8.289761158464499,8.045118541615748
4399,0.3627788837916063,8.175210002724704,7.812431118933097
4400,0.4839801307761848,8.126691999479185,7.6427118687030005
4401,0.34504114985576484,8.187835225565792,7.842794075710026
4402,0.5264520103452327,8.245140252894908,7.718688242549675
4403,0.42759763681527857,8.222072696436332,7.794475059621053
4404,0.40711787923813136,8.115191296394725,7.708073417156593
4405,0.57985807847819,8.179519143405706,7.599661064927516
4406,0.3069056304710253,8.128727983629835,7.82182235315881
4407,0.22020854658071942,8.341138693577445,8.120930146996725
4408,0.4047821873968483,8.339729814310981,7.934947626914133
4409,0.5421198571863115,8.175173642194212,7.6330537850079
4410,0.49324008823925536,8.142817452517964,7.649577364278708
4411,0.5383594082083466,8.244446595815168,7.706087187606821
4412,0.26678820570128586,8.220703166356804,7.953914960655518
4413,0.4864402056128925,8.243708383655333,7.757268178042441
4414,0.43249271538544015,8.206094870787888,7.773602155402448
4415,0.42786203072601814,8.051579678813663,7.623717648087645
4416,0.33013937328868953,8.17832815846628,7.848188785177591
4417,0.44406428364082146,8.240323323779432,7.796259040138611
4418,0.3765398123509868,8.161354285372562,7.784814473021576
4419,0.17889316929660132,8.179223611763781,8.00033044246718
4420,0.41174720665807923,8.21849226788662,7.806745061228542
4421,0.25990805088040875,8.245250057862894,7.985342006982485
4422,0.13483375451737306,8.244756346320383,8.10992259180301
4423,0.29918849064790354,8.216842671082787,7.917654180434884
4424,0.26274206370067044,8.31923988738658,8.056497823685909
4425,0.36001658228723066,8.13998282342389,7.77996624113666
4426,0.5693101230413046,8.111243150662824,7.5419330276215195
4427,0.2977602126662731,8.17624613990571,7.878485927239436
4428,0.491029692335699,8.19177229902801,7.700742606692311
4429,0.3877257041229671,8.102550998808553,7.714825294685586
4430,0.5048349801880635,7.940858505870209,7.436023525682145
4431,0.44142080164144687,8.08561457730522,7.644193775663774
4432,0.4069561407360836,8.214022284045067,7.807066143308983
4433,0.41005220488632554,8.199538425295025,7.789486220408699
4434,0.34653681834338035,8.00941211290656,7.66287529456318
4435,0.2862613802367606,8.12979033687549,7.843528956638728
4436,0.4484217680129172,8.154173475254414,7.705751707241497
4437,0.23786754910417968,8.200421005498027,7.962553456393848
4438,0.10879648190182452,8.209329316148276,8.10053283424645
4439,0.5042425577495848,8.11170331561367,7.607460757864086
4440,0.5129353225404308,8.29236304529486,7.779427722754429
4441,0.34929880599255353,8.177769426349753,7.8284706203572
4442,0.4869648193221981,8.130153318417307,7.643188499095109
4443,0.2803384714311452,8.219001395845995,7.938662924414849
4444,0.5364012868546645,8.171013711467864,7.6346124246132
4445,0.5682331368516086,8.30547115352379,7.7372380166721815
4446,0.25914231988733166,8.254506849292865,7.995364529405533
4447,0.5424181561951746,8.366621360913827,7.8242032047186525
4448,0.45732397341251413,8.152337098765821,7.695013125353308
4449,0.4076854653621922,8.383341088174832,7.97565562281264
4450,0.2548268988668978,8.191386485781743,7.9365595869148455
4451,0.36616374299510823,8.138282656843362,7.772118913848254
4452,0.2181686964139756,8.183053952755092,7.964885256341116
4453,0.2816079783661324,8.189034124595803,7.907426146229671
4454,0.4380322005812019,8.287556853399128,7.849524652817926
4455,0.35410680231982217,8.110416939835922,7.7563101375161
4456,0.5236051888248406,8.351108404810287,7.827503215985446
4457,0.5312707756032138,8.243555545140588,7.712284769537374
4458,0.3507861619407191,8.20185423952542,7.851068077584702
4459,0.4567597227809442,8.286891715447323,7.830131992666379
4460,0.2669371743336968,8.203016533176962,7.936079358843266
4461,0.5222764682098708,8.196452937357025,7.674176469147154
4462,0.3970267828446068,8.12885001579554,7.7318232329509335
4463,0.17570190539178412,8.264122186850495,8.08842028145871
4464,0.3337480072857424,8.142035206163118,7.808287198877376
4465,0.26041686502991257,8.091635741001614,7.831218875971701
4466,0.4414664653297701,8.117935575651282,7.676469110321512
4467,0.4319288837207344,8.39062822355574,7.9586993398350065
4468,0.30849424129722663,8.140093104934897,7.83159886363767
4469,0.4820762124582148,8.132078868958056,7.650002656499841
4470,0.5096715040941828,8.346765306046597,7.837093801952415
4471,0.45965183464271364,8.31800955406691,7.8583577194241965
4472,0.4344383321441012,8.198403150275881,7.763964818131781
4473,0.5593999757975455,8.339755827143865,7.780355851346319
4474,0.41899421513466195,8.134436120440022,7.71544190530536
4475,0.32248158513285197,8.013221414925455,7.690739829792603
4476,0.3180077011380781,8.219066959870766,7.901059258732688
4477,0.39659746621467173,8.144660057416882,7.74806259120221
4478,0.3697873863788719,8.133982966502048,7.764195580123176
4479,0.3582562269272666,8.200092908661185,7.841836681733919
4480,0.38998591276497974,8.126437665681406,7.736451752916427
4481,0.42885863107679834,8.380916380163603,7.952057749086805
4482,0.30059523815041506,8.303298326349857,8.002703088199443
4483,0.260488308136969,8.146831142684722,7.886342834547753
4484,0.4814616981788826,8.19501383579564,7.713552137616757
4485,0.3172998074448691,8.227852342647543,7.910552535202673
4486,0.27395677338403723,8.002184089751834,7.728227316367797
4487,0.6185043249662425,8.300932076667602,7.6824277517013595
4488,0.4319566430769348,8.02936845045456,7.597411807377625
4489,0.41701247703644595,8.089899708567208,7.672887231530762
4490,0.1871995023146301,7.999359113160089,7.812159610845459
4491,0.20810876481618415,8.06317963936915,7.855070874552966
4492,0.562375506583466,8.346019568013135,7.783644061429669
4493,0.49703087314715333,8.172671670747526,7.675640797600373
4494,0.39979628133458867,8.111401977324743,7.711605695990154
4495,0.24201052341406118,8.252905172026786,8.010894648612725
4496,0.308403142922118,8.180107530461601,7.871704387539483
4497,0.4893406564946941,8.277040979653428,7.787700323158734
4498,0.441037541635819,8.234761655344323,7.793724113708505
4499,0.45916708557705904,8.270511758818467,7.811344673241408
4500,0.28372665957944204,8.122784530928806,7.839057871349364
4501,0.28835934224676085,8.187516357854346,7.899157015607585
4502,0.3821647840369057,8.23199701000597,7.849832225969063
4503,0.44906718313500854,8.14666567175511,7.697598488620102
4504,0.42845031568593994,8.18559506666124,7.757144750975299
4505,0.4380410801978408,8.28387969338164,7.8458386131838
4506,0.36902609083532534,8.167125842896434,7.798099752061109
4507,0.19437968149689605,8.175736595530713,7.981356914033817
4508,0.39766843610223773,7.915441914222771,7.517773478120533
4509,0.6009384272261846,8.138697586781262,7.537759159555078
4510,0.2712970252145185,8.217557185344049,7.946260160129531
4511,0.4953583339510891,8.2221503310542,7.726791997103111
4512,0.3885743115567984,8.174660091871537,7.786085780314739
4513,0.3788613480263303,8.132343667548348,7.753482319522018
4514,0.3931921981025529,8.111695334131534,7.718503136028981
4515,0.39313043944269466,8.350816101279856,7.957685661837161
4516,0.3605415723635164,8.093419135659508,7.732877563295991
4517,0.5500178478359515,8.230145852857225,7.680128005021274
4518,0.33582202655251514,8.118726915216453,7.782904888663937
4519,0.482409852633934,8.228464019711748,7.746054167077814
4520,0.2425103110972136,8.17987031669334,7.937360005596125
4521,0.3438358936928409,8.164792908355572,7.820957014662731
4522,0.3361812161999881,8.320268201420472,7.984086985220483
4523,0.346714494553577,8.18217035796254,7.8354558634089635
4524,0.23822442778802505,8.126367044818815,7.88814261703079
4525,0.4901269136777854,8.180001512923182,7.689874599245397
4526,0.22764060962489222,8.23177756300351,8.004136953378618
4527,0.2858948774123453,7.991226848356268,7.705331970943923
4528,0.1899858073368569,8.193228873076022,8.003243065739165
4529,0.5539139011801396,8.25855230869578,7.70463840751564
4530,0.4655631554400684,8.241443691541127,7.775880536101059
4531,0.4201706714117748,8.173341092336205,7.75317042092443
4532,0.3983435131292828,8.247495595933383,7.849152082804101
4533,0.433482453936281,8.35581920495792,7.922336751021638
4534,0.5113989699604524,8.09225318064784,7.580854210687387
4535,0.4979104188510491,8.279210665304076,7.781300246453027
4536,0.47311609809597316,8.224425800589975,7.751309702494002
4537,0.3799690198360119,8.134016572135463,7.754047552299451
4538,0.16968647180248644,7.959255052028924,7.789568580226438
4539,0.5900645190181535,8.245596528819688,7.655532009801534
4540,0.25349243440632374,8.086680298862943,7.833187864456619
4541,0.4732848634113459,8.178520553042416,7.7052356896310705
4542,0.529324135059175,8.32369121834893,7.794367083289755
4543,0.4370473614308771,8.339654850709046,7.902607489278169
4544,0.48577301880966794,8.198935040769296,7.713162021959628
4545,0.45106857479451606,8.265315063790952,7.814246488996436
4546,0.5443482955244758,8.109494570032119,7.565146274507644
4547,0.4409447028485593,8.088293832029867,7.6473491291813085
4548,0.59315845176794,8.223270228766319,7.630111776998379
4549,0.4073826627620547,8.239157318693216,7.831774655931161
4550,0.4260415678809717,8.333063625316424,7.9070220574354515
4551,0.36929580630025777,8.182500648810741,7.813204842510483
4552,0.6018658431872106,8.179749031201675,7.577883188014464
4553,0.4421303281851314,8.263766026067675,7.821635697882543
4554,0.28517981585275015,8.137172461972026,7.851992646119276
4555,0.32163470966054336,8.141707184122223,7.82007247446168
4556,0.3289421787504071,8.109555269882426,7.780613091132019
4557,0.3116310320663959,8.267226795336128,7.9555957632697325
4558,0.5206339968862169,8.43146349539237,7.9108294985061525
4559,0.36035695863046024,8.191442107152273,7.831085148521813
4560,0.37372951239431385,8.254125792575753,7.880396280181439
4561,0.27395561013911546,8.142159894338375,7.86820428419926
4562,0.33958357422917546,8.184149010892256,7.84456543666308
4563,0.49746472915010953,8.25644458535786,7.75897985620775
4564,0.3120417335592919,8.23170239129354,7.919660657734248
4565,0.5048316459655247,8.072409226895607,7.567577580930082
4566,0.3361078256317019,8.057269886945242,7.7211620613135405
4567,0.5339265042441222,8.237920025638648,7.703993521394525
4568,0.32124334038492725,8.179811751380804,7.858568410995876
4569,0.7145251043469478,8.260956266373283,7.546431162026335
4570,0.5189227666942804,8.290290653726952,7.771367887032672
4571,0.5071731747543031,8.241456829051838,7.734283654297535
4572,0.277497411952614,8.163549934816603,7.886052522863989
4573,0.31516635984643193,8.029176027569076,7.714009667722643
4574,0.474583771675472,8.296380042981207,7.821796271305735
4575,0.6702574744934734,8.161705303147611,7.491447828654138
4576,0.28589328635283573,8.074546732571015,7.78865344621818
4577,0.2703600899756878,8.13868257179648,7.868322481820792
4578,0.5010281438258118,8.31375922172628,7.812731077900468
4579,0.29574690440414025,8.347491514889317,8.051744610485176
4580,0.24643639576706594,8.208257137780839,7.9618207420137725
4581,0.13459935015498736,8.217246586443743,8.082647236288755
4582,0.3954894968436005,8.341897694351765,7.946408197508164
4583,0.2724991996938455,8.231147345908896,7.958648146215051
4584,0.19938610325332098,8.424041394177195,8.224655290923874
4585,0.5058235389558078,8.192412138839016,7.686588599883208
4586,0.4987962811403247,8.299769518349466,7.800973237209141
4587,0.4571733606484918,8.226233898996558,7.769060538348066
4588,0.5336800023460132,8.20866992355593,7.674989921209917
4589,0.41578071300417,8.138053675262022,7.722272962257851
4590,0.36486518127549983,8.13706654479242,7.7722013635169205
4591,0.5755880824816098,8.250378252124943,7.674790169643333
4592,0.31543383231426714,8.189187962626226,7.873754130311959
4593,0.4200867644341594,8.223074622676094,7.802987858241935
4594,0.39318003858335737,8.210876505930184,7.817696467346827
4595,0.4526895796883316,8.302963249987583,7.850273670299251
4596,0.32984178024483723,8.19692439857069,7.867082618325853
4597,0.5275728350401747,8.285953028230697,7.758380193190522
4598,0.44187652021407026,8.340387321097692,7.898510800883622
4599,0.35822612528844566,8.2021547080774,7.843928582788954
4600,0.4458806554801057,8.219021467876539,7.773140812396433
4601,0.25519769082340565,8.359310508383963,8.104112817560557
4602,0.5776203373555215,8.155063980803478,7.577443643447956
4603,0.33152898428816097,8.025538058605894,7.694009074317734
4604,0.3863330591314271,8.264626369054598,7.878293309923171
4605,0.35886104753779163,7.9589913905955685,7.600130343057777
4606,0.43702393633223735,8.304926963732372,7.867903027400135
4607,0.4381957378643043,8.17971321901483,7.7415174811505265
4608,0.4911811964799433,8.24383203810192,7.752650841621976
4609,0.42905464720720404,8.165352127565102,7.736297480357898
4610,0.38937703561684134,8.077762378827371,7.68838534321053
4611,0.4293957840258576,8.203874094319815,7.774478310293957
4612,0.4180178634492554,8.281555303872018,7.863537440422763
4613,0.20574457329129736,8.175001224771972,7.969256651480674
4614,0.20033731107450786,8.171611613006357,7.9712743019318495
4615,0.28154250022340355,7.925065451185272,7.643522950961868
4616,0.4838600103522652,8.293209960071657,7.809349949719392
4617,0.4681203581452282,8.242361905517866,7.774241547372638
4618,0.5107002798725776,8.245031231170724,7.734330951298147
4619,0.5309588657011232,8.328119994220108,7.797161128518985
4620,0.2370313653110209,8.095872135647124,7.858840770336103
4621,0.4643383842049278,8.182357867734277,7.718019483529349
4622,0.28786280478841575,8.16610650325817,7.878243698469754
4623,0.4901544170464445,8.166818035703523,7.676663618657078
4624,0.3798065970020171,8.309575790904224,7.9297691939022075
4625,0.4125320990911131,8.284884538530376,7.872352439439263
4626,0.28132849855772885,8.08351843368039,7.8021899351226605
4627,0.2832843536803813,8.239541404167102,7.956257050486721
4628,0.3088596564580152,8.259673148491466,7.950813492033451
4629,0.24402006502395981,8.196142634367604,7.952122569343644
4630,0.2469939638367369,8.1180685286001,7.871074564763362
4631,0.4593942306382296,8.345664813734972,7.886270583096742
4632,0.43508475466570673,8.169856979367985,7.7347722247022785
4633,0.35086563209644,8.052470701569492,7.701605069473052
4634,0.3632778888943073,8.260913813363493,7.897635924469185
4635,0.5330379563349212,8.36650981200124,7.833471855666319
4636,0.34374552815539267,8.097880180261306,7.754134652105914
4637,0.5008269501586248,8.287012461683316,7.786185511524692
4638,0.5224742926263591,8.42881302790934,7.906338735282981
4639,0.44144732590746616,8.211494349744664,7.770047023837197
4640,0.3051535516341913,8.13417014665847,7.829016595024278
4641,0.21699381514934524,8.194829259882743,7.977835444733398
4642,0.40553947925173717,8.064829895385703,7.659290416133966
4643,0.5678704906901604,8.135317468484605,7.567446977794444
4644,0.4330893080321905,8.12906578571399,7.6959764776818
4645,0.25220207530709066,8.120855926226847,7.868653850919756
4646,0.39702399875543565,8.03443524137032,7.637411242614884
4647,0.4055713631023305,8.249894328566953,7.844322965464622
4648,0.23728095265663074,8.235759330789444,7.998478378132813
4649,0.46398833214345836,8.254873044294378,7.79088471215092
4650,0.3976012604535949,8.248516539478855,7.85091527902526
4651,0.3888644221443303,8.249671164346546,7.860806742202216
4652,0.5408250474159921,8.3482520964806,7.807427049064608
4653,0.3165935306787058,8.302238762386818,7.985645231708112
4654,0.5082227283226574,8.174107421201107,7.66588469287845
4655,0.5275922132626373,8.261447960159643,7.733855746897006
4656,0.4156805918181919,8.17968973926536,7.764009147447168
4657,0.1547357223542333,8.119222747397915,7.964487025043682
4658,0.4478013392019038,8.154029996834758,7.706228657632854
4659,0.4160073803529955,8.135508542659572,7.719501162306576
4660,0.12385856171477855,8.12734347328718,8.003484911572402
4661,0.44624694027642214,7.961463948699357,7.515217008422934
4662,0.4132420832920038,8.234545469238585,7.821303385946581
4663,0.40541197434235143,8.122671987521338,7.717260013178986
4664,0.24027310245572536,8.04710024429819,7.806827141842464
4665,0.3512039768543339,8.11253298147053,7.761329004616195
4666,0.4534965469745454,8.090421409085788,7.636924862111243
4667,0.4024403081362102,8.336225927784445,7.933785619648235
4668,0.4863101901716104,8.076164563838978,7.589854373667367
4669,0.5149180562774212,8.346657214681892,7.831739158404471
4670,0.41635477376361524,8.195231187322465,7.77887641355885
4671,0.5265268125192427,8.164956988065176,7.638430175545934
4672,0.32165598050035293,8.106616023828572,7.784960043328219
4673,0.4268719744234049,8.226559001252435,7.799687026829029
4674,0.4543155162090205,8.230311645643855,7.7759961294348345
4675,0.5179858916360015,8.190043722157224,7.672057830521222
4676,0.4957918669776197,8.281022072138164,7.785230205160544
4677,0.3793750181449863,8.234041316061614,7.854666297916627
4678,0.35891367236794436,8.193515105539552,7.834601433171607
4679,0.37836837158705067,8.166681716321653,7.788313344734602
4680,0.472898487120163,8.268288932542603,7.7953904454224405
4681,0.24684878359982265,8.111143926046772,7.86429514244695
4682,0.4107903148918232,8.198012020114254,7.78722170522243
4683,0.5059703638990096,8.235656357282066,7.729685993383056
4684,0.3810180015476882,8.06304725495619,7.682029253408502
4685,0.21263983094526023,8.172091328543265,7.959451497598005
4686,0.6024645627477134,8.20804719853762,7.605582635789907
4687,0.5506172309159986,8.141991431207519,7.59137420029152
4688,0.3394378885708077,8.22763183907941,7.888193950508602
4689,0.5252804288687138,8.257189364248957,7.731908935380243
4690,0.3515788621297902,8.041865652908516,7.690286790778726
4691,0.4463260524697082,8.051677614991336,7.605351562521627
4692,0.5908839699778459,8.329061386820204,7.738177416842358
4693,0.4170111805779932,8.225850741921223,7.8088395613432295
4694,0.44147220495380357,7.9014910603578805,7.460018855404077
4695,0.5213475481811113,8.21292342922685,7.691575881045738
4696,0.45019082324431003,8.332245038273463,7.882054215029153
4697,0.3682556913740126,8.26121321167211,7.892957520298098
4698,0.4154616356736912,8.1680172293262,7.752555593652509
4699,0.40091563945641184,8.206931504343453,7.8060158648870415
4700,0.666746430963229,8.311063985026166,7.644317554062937
4701,0.3678027023221794,8.462354153745743,8.094551451423563
4702,0.3817329896242195,8.186542904059257,7.804809914435038
4703,0.476282713422697,8.14416808154394,7.667885368121243
4704,0.5510094051961627,8.249199584785629,7.698190179589466
4705,0.2100245770704414,8.103802514839353,7.893777937768912
4706,0.5399319090279618,8.16134385160567,7.6214119425777085
4707,0.2918042735260756,8.270472061674063,7.9786677881479875
4708,0.4309576771536843,8.199040365313293,7.768082688159608
4709,0.503469643088237,8.058077819670805,7.554608176582568
4710,0.4164640625843876,8.264856293611277,7.84839223102689
4711,0.43852731721758853,8.111466317131256,7.672938999913668
4712,0.41518826054521596,8.235554516935125,7.820366256389908
4713,0.3478963721440268,8.290277561767548,7.942381189623521
4714,0.4402491029238561,8.185359106956334,7.745110004032478
4715,0.3413290435672935,8.117187673589497,7.775858630022203
4716,0.3392661499926244,8.155552703373955,7.81628655338133
4717,0.3560453037972875,8.21844896865623,7.862403664858942
4718,0.6351447483440636,8.128334603293116,7.493189854949052
4719,0.38216799074211033,8.06087777860064,7.678709787858529
4720,0.31015816632704046,8.097072275610756,7.786914109283716
4721,0.45509791181900594,8.021240276841205,7.566142365022198
4722,0.2004022873944387,8.174257778628936,7.973855491234498
4723,0.43559390575900486,8.186441065278808,7.750847159519804
4724,0.2300928576727941,8.061443567517289,7.831350709844495
4725,0.31120059109215176,8.264397680081178,7.953197088989026
4726,0.3358861011876251,8.031052000666982,7.695165899479357
4727,0.5321335304842933,8.16417026850694,7.632036738022647
4728,0.268889034024623,8.213290758492201,7.944401724467578
4729,0.39824725607467004,8.082743537393347,7.684496281318676
4730,0.29943415699889003,8.23364270467551,7.93420854767662
4731,0.277846524016841,8.119513689431397,7.841667165414556
4732,0.49964242366370465,8.2220615421493,7.722419118485595
4733,0.6495146614544204,8.158549149365227,7.509034487910807
4734,0.3057727773377245,8.218110165410684,7.9123373880729595
4735,0.3948219771914615,8.207463039861972,7.812641062670511
4736,0.519801645618431,8.277115866984769,7.757314221366338
4737,0.4206428705434175,8.298390708852288,7.877747838308871
4738,0.39053426389962775,8.201682024185981,7.811147760286353
4739,0.3996868079322654,8.330265076882704,7.9305782689504385
4740,0.24116660189259406,8.01012154909785,7.7689549472052555
4741,0.36687533877556894,8.178365360347785,7.811490021572216
4742,0.5080444881421249,8.287462976391163,7.779418488249038
4743,0.44144631114614424,8.214107240144426,7.772660928998281
4744,0.6323213812861453,8.21551939272843,7.583198011442285
4745,0.38983559101747567,8.381701343713496,7.991865752696021
4746,0.31812778191787033,8.31968715139569,8.001559369477821
4747,0.4288849659600657,8.142066270782589,7.713181304822523
4748,0.4029018966666238,8.228426334208676,7.825524437542052
4749,0.44424748906802397,8.194524038637018,7.750276549568994
4750,0.2560733108211482,7.988472380186256,7.7323990693651075
4751,0.46997635563101187,8.311102128323789,7.841125772692777
4752,0.465479375406202,8.296782364696583,7.83130298929038
4753,0.45013420412217015,8.261712795188183,7.811578591066013
4754,0.4986646976053318,8.107627654113292,7.608962956507961
4755,0.15922100396182715,8.120834559178633,7.961613555216806
4756,0.4016836527357737,8.186919410071578,7.785235757335804
4757,0.571143462758211,8.262628860969619,7.691485398211407
4758,0.3573878182483434,8.137786821395588,7.780399003147245
4759,0.37717815147332273,8.316338519291385,7.9391603678180624
4760,0.3419432553339579,8.04635463136467,7.704411376030712
4761,0.47280971990284504,8.272039129697776,7.799229409794931
4762,0.4942620146960748,8.227661280415958,7.733399265719884
4763,0.4706219988355725,8.337123650078412,7.86650165124284
4764,0.411046320657052,8.17106421857063,7.760017897913578
4765,0.4929531229415959,8.28625533872357,7.793302215781975
4766,0.2530834797405488,8.163641098951041,7.9105576192104925
4767,0.4964812750209223,8.088237659355594,7.591756384334671
4768,0.3765437810669095,8.269785591406501,7.893241810339592
4769,0.4631154498754684,8.141130294475113,7.678014844599645
4770,0.22047895975930032,8.265212639789665,8.044733680030365
4771,0.485709657272968,8.073039073497412,7.587329416224444
4772,0.28556690233766385,8.182671523512695,7.897104621175032
4773,0.4056643523433459,8.306843520952407,7.901179168609061
4774,0.5152880037338536,8.263079427521058,7.747791423787204
4775,0.5156034993869306,8.092021390759598,7.576417891372667
4776,0.37859795026779525,8.260404846443684,7.881806896175889
4777,0.4830782253484626,8.158141215071563,7.6750629897231
4778,0.4027434854270498,8.211932089855669,7.809188604428619
4779,0.24096801810032573,8.205378961787385,7.96441094368706
4780,0.32001859072799965,8.24589759437449,7.92587900364649
4781,0.3219263057796535,8.196625458855546,7.874699153075893
4782,0.2820131699662916,8.09344088352207,7.811427713555779
4783,0.43346647466395266,8.180529372555068,7.747062897891115
4784,0.17903419241229154,8.140846693603933,7.961812501191642
4785,0.38590292921351044,8.1876163134573,7.801713384243789
4786,0.4336891044363043,8.188625696122697,7.754936591686393
4787,0.4434439898583762,8.201553184333946,7.75810919447557
4788,0.5340191665125513,8.243316284206447,7.709297117693896
4789,0.26428787894027994,8.095936721241282,7.831648842301002
4790,0.45903530137624904,8.111996841348013,7.652961539971764
4791,0.5647145152544442,8.141809910226451,7.577095394972007
4792,0.4899061705194649,8.053209303308961,7.563303132789496
4793,0.49854821118786846,8.421726532807948,7.92317832162008
4794,0.589172967799702,8.193960296948978,7.604787329149276
4795,0.42305355552233187,8.196539645199497,7.773486089677165
4796,0.5195697807127558,8.08548169685336,7.565911916140605
4797,0.42414186688834427,8.237708040905444,7.8135661740171
4798,0.5381532675259918,8.218221522068164,7.680068254542173
4799,0.5070305190702862,8.191221803481,7.684191284410714
4800,0.3230042164614785,8.118134501903963,7.795130285442485
4801,0.3212317532231586,8.230198201493302,7.908966448270143
4802,0.3008391912205069,8.162315919932508,7.8614767287120015
4803,0.33413129878449077,8.20097329562433,7.866841996839839
4804,0.6083262465460417,8.266293727529186,7.657967480983144
4805,0.4359728043659824,8.123672034220487,7.687699229854505
4806,0.4806631384474393,8.2430147454059,7.76235160695846
4807,0.4111794702108061,8.073482328956956,7.66230285874615
4808,0.48336855080236824,8.259302814622396,7.7759342638200275
4809,0.4439264157059795,8.252453821524536,7.808527405818557
4810,0.2540006022274085,8.261165147711132,8.007164545483723
4811,0.3275024022209624,8.103737242860229,7.776234840639266
4812,0.43562083780529565,8.281055355711219,7.8454345179059235
4813,0.1920424752298766,8.276366981350785,8.084324506120907
4814,0.3665326721300876,8.01991915748564,7.653386485355552
4815,0.3998530638091324,8.134372378105752,7.7345193142966195
4816,0.28040712540519164,8.130340540166621,7.84993341476143
4817,0.6186019390805026,8.242083495123856,7.6234815560433535
4818,0.4582903310336277,8.172118375363471,7.713828044329843
4819,0.2965842749383537,8.335759064406032,8.039174789467678
4820,0.19667153567161308,8.055374561915626,7.8587030262440125
4821,0.40134512716858384,8.145363544437997,7.744018417269412
4822,0.5395152676670144,8.19807486341254,7.658559595745525
4823,0.5205719961851056,8.221034864708654,7.700462868523549
4824,0.41124773646308066,8.281527083987541,7.870279347524461
4825,0.44279460571314366,8.220514757765939,7.777720152052795
4826,0.48290182753146693,8.203626750739634,7.7207249232081665
4827,0.19844675124464345,7.943564171764776,7.745117420520133
4828,0.6199661967503647,8.157678531833076,7.537712335082711
4829,0.1867077242398836,8.088303031154476,7.901595306914593
4830,0.5427169083137132,8.15697806072427,7.614261152410557
4831,0.2450493205086857,8.217522800209782,7.972473479701096
4832,0.5445244639805402,8.311242666505738,7.7667182025251975
4833,0.3326241421234892,8.112000573530038,7.779376431406549
4834,0.2920527372383269,7.949134316924627,7.6570815796863
4835,0.5453515999082178,8.104961045200296,7.559609445292079
4836,0.2851909026388368,8.411936907166702,8.126746004527865
4837,0.548009098894197,8.256668936970083,7.708659838075886
4838,0.33183809784455265,8.15455365743766,7.8227155595931075
4839,0.5687797541608373,8.256252918194145,7.687473164033308
4840,0.42851313552214143,8.030535011283087,7.602021875760945
4841,0.3964120537767199,8.191042669317424,7.794630615540704
4842,0.3237097958748154,8.246174362061536,7.92246456618672
4843,0.27919459584048284,8.202182098890436,7.922987503049953
4844,0.5055209832554642,8.084751634199103,7.5792306509436385
4845,0.5184949969106465,8.189884645799044,7.671389648888397
4846,0.4125709889628293,8.331193552068594,7.918622563105765
4847,0.3387880342673529,8.185806781167223,7.84701874689987
4848,0.26064917697706685,8.08657312716514,7.8259239501880735
4849,0.4480531368590253,8.25450419951931,7.806451062660285
4850,0.270362547268603,8.215512050011869,7.9451495027432655
4851,0.3845583051744357,8.281892662380749,7.897334357206313
4852,0.31424503990586056,8.137956323686435,7.8237112837805745
4853,0.38053576633492825,8.147481679215849,7.766945912880921
4854,0.372760093001875,8.185567166722471,7.812807073720596
4855,0.3848350168267822,8.036141952674106,7.651306935847323
4856,0.3660018558855632,8.198626025990475,7.8326241701049115
4857,0.4986689528520337,8.13835084089488,7.639681888042846
4858,0.5131827998911705,8.154304349428644,7.641121549537473
4859,0.44564519188647994,8.314480084301325,7.868834892414845
4860,0.6183911333231891,8.26666061649321,7.648269483170021
4861,0.4520687410146569,8.248551434435749,7.796482693421092
4862,0.30926939084288546,8.087156754226875,7.777887363383989
4863,0.17795773348374613,8.148781405669475,7.970823672185729
4864,0.5718528089682684,8.246240782809993,7.674387973841725
4865,0.4651359197846135,8.17799076794169,7.712854848157076
4866,0.5561357971990395,8.193425945567899,7.6372901483688596
4867,0.38390289720331183,8.223778780026901,7.8398758828235895
4868,0.16996119730987302,8.236853305849202,8.06689210853933
4869,0.2520003301380656,8.231571223800199,7.979570893662133
4870,0.10177944666453888,8.007858637277844,7.906079190613305
4871,0.5111076503687613,8.150833893194216,7.639726242825454
4872,0.4217852477973901,7.975715194397451,7.553929946600061
4873,0.30227551421183635,8.121707360247411,7.819431846035575
4874,0.3126817323649805,8.231923604510422,7.919241872145442
4875,0.4813377813893326,8.231623520707503,7.75028573931817
4876,0.32655649571235756,8.094231275460793,7.767674779748435
4877,0.2963818343650515,8.091123006559016,7.794741172193964
4878,0.5840201515161975,8.29413184343698,7.710111691920783
4879,0.4156461308502286,8.058581737260443,7.642935606410214
4880,0.44158428804544914,8.204568429017277,7.762984140971827
4881,0.34419031988855786,8.144320587497228,7.800130267608671
4882,0.46246979985340436,8.224503218057633,7.762033418204228
4883,0.3383671200717889,8.08407777704273,7.745710656970941
4884,0.4182642299333005,8.239139935671814,7.820875705738513
4885,0.375708783900861,8.228274332399888,7.852565548499027
4886,0.4446757533643243,8.254659615717632,7.809983862353308
4887,0.43612556297169575,8.285507451498185,7.84938188852649
4888,0.24739045864511808,8.021714278768568,7.774323820123451
4889,0.30402877839876863,8.20503478265149,7.9010060042527215
4890,0.31947275551228427,8.099743187139572,7.7802704316272875
4891,0.40924553855482004,8.166752642120347,7.757507103565527
4892,0.5106486396408785,8.251237861712267,7.740589222071389
4893,0.39681595093590255,8.093954206981099,7.697138256045196
4894,0.38989695550636305,8.263390975171683,7.87349401966532
4895,0.1773494911403361,8.293376128571976,8.11602663743164
4896,0.3887806309484404,8.115550004506545,7.7267693735581044
4897,0.16681661469257678,8.09086967689391,7.924053062201333
4898,0.3365000273578998,8.16452247537314,7.82802244801524
4899,0.319907416293027,8.332198302479025,8.012290886185998
4900,0.13857353424167415,8.242861697370937,8.104288163129263
4901,0.49153502463833476,8.254983138960242,7.763448114321907
4902,0.5601945123856911,8.407061437870448,7.846866925484757
4903,0.30666135117575055,8.16158846559584,7.8549271144200885
4904,0.33528389811321796,8.191170522890284,7.855886624777066
4905,0.4236124953074541,8.234880106046836,7.811267610739382
4906,0.6185111589739989,8.29330750591074,7.67479634693674
4907,0.4626426543634539,8.309210151094701,7.8465674967312475
4908,0.37088462818410556,8.201838406620718,7.830953778436612
4909,0.3967210514409453,8.237767291597065,7.841046240156119
4910,0.2833241647609108,8.103008845646814,7.819684680885903
4911,0.5041614483376375,8.341747311488213,7.837585863150576
4912,0.38516903046556095,8.19884908830992,7.813680057844359
4913,0.4430085968606988,8.331176887546384,7.888168290685686
4914,0.22770242450517858,8.095879336532308,7.868176912027129
4915,0.4242090272833169,8.10577919036855,7.681570163085232
4916,0.42355970928114384,8.210732892129627,7.787173182848483
4917,0.47346644937474713,8.30250124077371,7.829034791398962
4918,0.2792461602784649,8.21792286506149,7.938676704783026
4919,0.41348622812127794,8.230757854170694,7.817271626049416
4920,0.5620964821653209,8.182123392489494,7.620026910324173
4921,0.3975394061675073,8.305331120693527,7.907791714526019
4922,0.40417534461024274,8.232495308026495,7.828319963416252
4923,0.5048737644325796,8.197787390010449,7.692913625577869
4924,0.4943277075454685,8.259870956726605,7.765543249181136
4925,0.4587805252292694,8.08828997107717,7.629509445847901
4926,0.4887213612816369,8.101993322905491,7.6132719616238544
4927,0.3055349075117039,8.168114799893932,7.862579892382228
4928,0.335836108999064,8.235433308941234,7.8995971999421695
4929,0.37209921932429124,8.211382758943243,7.839283539618951
4930,0.4405519933620941,8.225267550561359,7.784715557199265
4931,0.3444883853861482,8.265346744403358,7.92085835901721
4932,0.3736829008241368,8.166851752430048,7.793168851605912
4933,0.15757237250604558,8.23753510623323,8.079962733727184
4934,0.5744440060913615,8.062020933630318,7.4875769275389565
4935,0.5020581316220527,8.121105794535627,7.619047662913574
4936,0.3283752405210846,8.149575832604556,7.821200592083472
4937,0.5122742669092379,8.202362600191524,7.6900883332822865
4938,0.43692416206688156,8.184590149732177,7.747665987665295
4939,0.30886546640172285,8.126081773940877,7.817216307539154
4940,0.26415449056751794,8.145147818030832,7.880993327463314
4941,0.46563948493999896,8.167806503440284,7.702167018500285
4942,0.4348558333427456,8.141592488918404,7.706736655575658
4943,0.56937992869458,8.229440740899948,7.6600608122053675
4944,0.26882343953648974,8.204359717479708,7.935536277943218
4945,0.40465015541709354,8.162938401618401,7.758288246201308
4946,0.3393987690276191,8.197621437473671,7.858222668446052
4947,0.31412424208706874,8.135605192273811,7.821480950186742
4948,0.3795429496993117,8.220478709588392,7.84093575988908
4949,0.3990378412507811,8.204295382090015,7.805257540839234
4950,0.25151661088311156,8.180926046293422,7.92940943541031
4951,0.35651400528680083,8.269269787260765,7.912755781973964
4952,0.4004622560921507,8.352385848364897,7.951923592272745
4953,0.49798667473940794,8.245450138259182,7.747463463519773
4954,0.34596830168944315,8.142906508067018,7.7969382063775745
4955,0.4177625322361492,8.193900307512276,7.776137775276127
4956,0.260059728523029,8.141216472905608,7.881156744382579
4957,0.3271111887322305,8.13232114581019,7.80520995707796
4958,0.35200084077132393,8.168698235517978,7.816697394746654
4959,0.392575761180297,8.228894506391613,7.836318745211316
4960,0.49386376626007944,8.305107612817874,7.811243846557795
4961,0.631556738798623,8.282756280840648,7.651199542042025
4962,0.32905753227928336,8.19740895609374,7.868351423814457
4963,0.28113013872139514,8.189879050706768,7.908748911985373
4964,0.23961872975064086,8.086301879013444,7.8466831492628035
4965,0.44566397265708857,8.143726686849174,7.698062714192085
4966,0.48221296818597054,8.173679020828969,7.6914660526429985
4967,0.5083440668924384,8.302387896269462,7.794043829377023
4968,0.3868142807780914,8.283639265039032,7.89682498426094
4969,0.57038254531024,8.196357032369852,7.625974487059612
4970,0.4217230976595143,8.039004399426624,7.617281301767109
4971,0.5384523902171112,8.127710143421705,7.589257753204594
4972,0.22100288913861094,8.101634569254204,7.8806316801155925
4973,0.3559990869075858,8.126320356132034,7.770321269224448
4974,0.2698633063935628,8.177425766011748,7.907562459618185
4975,0.4123001072989447,8.332857204077232,7.920557096778287
4976,0.3618448009567987,8.173470583201189,7.8116257822443895
4977,0.541658685717292,8.094999546223955,7.553340860506663
4978,0.5835852067619455,8.23883838663335,7.655253179871405
4979,0.5488384839066992,8.26237797252468,7.713539488617981
4980,0.47335404036210865,8.301048738191762,7.827694697829653
4981,0.4203806176238805,8.10401053596601,7.683629918342129
4982,0.40154884396835533,8.17960816661158,7.778059322643224
4983,0.4318183041977525,7.927316270286414,7.495497966088662
4984,0.5596853378203679,8.194806442011393,7.6351211041910245
4985,0.46970376715672024,8.092496960111683,7.622793192954963
4986,0.3602765145679313,8.230128542044444,7.8698520274765125
4987,0.5058335885248991,8.308435982479638,7.802602393954739
4988,0.35725712040954966,8.195263034102272,7.838005913692722
4989,0.5846129327798577,8.2579309895207,7.673318056740842
4990,0.24304207127901314,8.230165873664088,7.987123802385075
4991,0.5101801750896966,8.216636187830781,7.706456012741085
4992,0.5101249990881142,8.213485374672382,7.703360375584269
4993,0.5521695076351422,8.347729620830952,7.79556011319581
4994,0.4049605889864703,8.146872300333406,7.741911711346936
4995,0.3156641668329053,8.227749038727554,7.912084871894648
4996,0.5059665953464388,8.132095460454721,7.626128865108282
4997,0.29138519757388553,8.251723725100533,7.960338527526647
4998,0.4397989129683059,8.153338125275326,7.71353921230702
4999,0.44641605977665827,8.187446678689682,7.741030618913023
5000,0.5095701578003214,8.28071031712213,7.771140159321809
5001,0.22470105888484415,8.066394145666285,7.841693086781441
5002,0.5055085385314488,8.24673866101357,7.741230122482121
5003,0.2596389914638381,8.1142691192395,7.854630127775662
5004,0.6971584332955519,8.36110043060753,7.663941997311978
5005,0.5621763001218132,8.111874206441044,7.549697906319231
5006,0.561784807663378,8.10172054520244,7.539935737539062
5007,0.4011741255323668,8.12004365631812,7.718869530785754
5008,0.3456356787353616,8.284340263315661,7.938704584580299
5009,0.4679119300680316,8.210826889581641,7.74291495951361
5010,0.4101316136591565,8.217565498569499,7.807433884910343
5011,0.38885971734409525,8.107758008003218,7.718898290659123
5012,0.5623454433714443,8.169158997820478,7.606813554449034
5013,0.5667995131120734,8.19961200603257,7.632812492920497
5014,0.30310496881846133,8.065673016767256,7.762568047948795
5015,0.41919013264489996,8.371353784272396,7.952163651627496
5016,0.3494106538393278,8.14827417714291,7.798863523303583
5017,0.35893875717695467,8.067393404435643,7.708454647258689
5018,0.5057483063977067,8.282175381053078,7.776427074655371
5019,0.394110874835157,8.032767230224245,7.638656355389088
5020,0.355843913151751,8.05750411092581,7.70166019777406
5021,0.3551418696959333,8.114689794269113,7.759547924573179
5022,0.43153802535942554,8.10670826766224,7.675170242302815
5023,0.36148057207193796,8.262462347655152,7.900981775583214
5024,0.2604781424509514,8.24936983977412,7.988891697323169
5025,0.3411965924018917,8.120282702447964,7.779086110046072
5026,0.4426776575769257,8.112456024498687,7.669778366921761
5027,0.4314724666970626,8.175246608085045,7.743774141387982
5028,0.40154185157470546,8.110249380156073,7.7087075285813675
5029,0.4445506057594237,8.31771382370477,7.873163217945346
5030,0.6334634036485017,8.285923082843755,7.652459679195253
5031,0.3671143327496281,8.149441204272353,7.782326871522725
5032,0.5289816745654191,8.14904988279912,7.620068208233701
5033,0.3886816110631953,8.160353604436741,7.771671993373546
5034,0.4755252354756768,8.164229458100296,7.68870422262462
5035,0.5017605329900874,8.16948620799102,7.667725675000933
5036,0.4486948106367165,8.229444296428111,7.780749485791395
5037,0.20046184500362021,8.167093936959704,7.966632091956083
5038,0.2585882434071683,8.142479082291219,7.88389083888405
5039,0.6570773424240679,8.160171964359082,7.503094621935014
5040,0.4282173868713247,8.213272059168865,7.785054672297541
5041,0.4687117316402189,8.202033337916138,7.733321606275919
5042,0.47798246713944786,8.454882091879115,7.9768996247396675
5043,0.49527795253406753,8.169644300155046,7.674366347620978
5044,0.4397707684127288,8.137914679173178,7.69814391076045
5045,0.2873371314152069,8.26427363875176,7.9769365073365535
5046,0.31298542447230276,8.257249920423755,7.944264495951452
5047,0.43552690815596273,8.270056865701907,7.834529957545945
5048,0.47419953721854247,8.213115366766246,7.738915829547704
5049,0.4744989025515721,8.312816756641705,7.838317854090134
5050,0.44313482102664126,8.19403825818747,7.750903437160829
5051,0.3748889167865476,8.293709582473282,7.918820665686734
5052,0.42623432465238986,8.106522213531235,7.680287888878846
5053,0.35318732675272996,8.158122749406,7.804935422653269
5054,0.46406924111996267,8.235447452155242,7.771378211035279
5055,0.37105432234994334,8.29806725846008,7.9270129361101365
5056,0.4350644426551355,8.318186399891296,7.883121957236161
5057,0.2593684786386584,8.01622571111223,7.756857232473572
5058,0.41669284647036664,8.102114156913167,7.6854213104428
5059,0.37085950086352104,8.188006238546254,7.817146737682734
5060,0.4791729027800012,8.25818262925361,7.7790097264736096
5061,0.3828414789883652,8.232008170709072,7.849166691720707
5062,0.30150688348387755,8.169041702467204,7.8675348189833265
5063,0.3331640685726514,8.28064751467302,7.947483446100369
5064,0.4058934302407545,8.273844110082464,7.86795067984171
5065,0.28700064749984444,8.17748958234403,7.890488934844186
5066,0.49797171377642657,8.002519201485342,7.5045474877089156
5067,0.43720923955589797,8.345494697500534,7.908285457944636
5068,0.5173531692384895,8.312779950850418,7.795426781611928
5069,0.3188222486769007,8.182638526306608,7.863816277629708
5070,0.1983590902548732,8.12707461959459,7.9287155293397165
5071,0.2907568563158681,8.056545911410325,7.765789055094457
5072,0.4396187372985899,8.148891352411235,7.709272615112646
5073,0.5222850914351628,8.22146884352573,7.699183752090568
5074,0.350496455482159,8.263893838555916,7.9133973830737565
5075,0.27407537741633303,8.281570496987486,8.007495119571153
5076,0.4362449622362439,8.287614835580156,7.851369873343912
5077,0.417260538108275,8.243444602829651,7.826184064721376
5078,0.3894004750660098,8.342797458519135,7.953396983453125
5079,0.29783187595638244,8.160573019041937,7.862741143085555
5080,0.33537401304455366,8.222006167270962,7.886632154226408
5081,0.578924172142854,8.258391420108433,7.6794672479655794
5082,0.40119975835414373,8.276884145821002,7.875684387466858
5083,0.3452720084691561,8.18815860561806,7.842886597148904
5084,0.4483050645240989,8.25877274398421,7.8104676794601104
5085,0.5592891357694425,8.300027672510545,7.740738536741103
5086,0.44230591428741867,8.225541552547234,7.783235638259816
5087,0.43831581458982966,8.114977937736745,7.676662123146915
5088,0.37268692852534696,8.06926298897218,7.696576060446834
5089,0.36426508885074294,8.156727589472835,7.792462500622092
5090,0.33191515371467845,8.20966030918772,7.8777451554730415
5091,0.5549227136779442,8.26507971301141,7.710156999333465
5092,0.35990364773581196,8.305889119357149,7.945985471621337
5093,0.26642600891329105,8.100431006884278,7.834004997970988
5094,0.36406105387513066,8.19243968122006,7.82837862734493
5095,0.47233631980843976,8.288748382584243,7.816412062775804
5096,0.34396014330053865,8.148819657954288,7.804859514653749
5097,0.40648784549842326,8.315496976984559,7.909009131486135
5098,0.34210791373734517,8.217735053145802,7.875627139408457
5099,0.40770331762833223,8.299925479833293,7.892222162204961
5100,0.339847844702356,8.127557425652942,7.787709580950586
5101,0.34045674379868673,8.04699126502038,7.706534521221693
5102,0.41631575510291313,8.2811058261119,7.864790071008987
5103,0.25737869698866755,8.080646725396303,7.823268028407635
5104,0.5171315997240516,8.126966730462318,7.609835130738266
5105,0.5811063876587602,8.256074255419673,7.6749678677609126
5106,0.44990164153800755,8.208230097099692,7.758328455561685
5107,0.38899914318606293,8.152812518644255,7.763813375458192
5108,0.36093450694877965,8.2168503250937,7.855915818144921
5109,0.2924195480019274,7.995821077407672,7.7034015294057445
5110,0.35316477897955123,8.333815267613588,7.980650488634036
5111,0.40437093680720015,8.331724594118182,7.927353657310982
5112,0.475517218314342,8.27828656125948,7.802769342945138
5113,0.44239241568191834,8.272084333058398,7.82969191737648
5114,0.4729316160911423,8.219594314265024,7.746662698173881
5115,0.508739098869724,8.12452733824701,7.615788239377285
5116,0.6458483500203985,8.130137102497557,7.484288752477158
5117,0.36374700190049647,8.175556584094995,7.811809582194498
5118,0.36385198019704257,8.19340094649374,7.829548966296699
5119,0.39893586756089294,8.21072850265736,7.8117926350964675
5120,0.5434867997830802,8.243998780635827,7.700511980852747
5121,0.3244885329079395,8.295430178060434,7.970941645152494
5122,0.522875155352816,8.296070720099841,7.773195564747025
5123,0.45972319529233935,8.348881312908336,7.889158117615997
5124,0.3927580368266617,8.402849620234912,8.01009158340825
5125,0.12015665586200926,7.975470219052076,7.855313563190067
5126,0.4198698275678815,8.2287554133188,7.808885585750918
5127,0.50062612655555,8.18501681532277,7.68439068876722
5128,0.44402165943455835,8.117675383448239,7.67365372401368
5129,0.3235497675090009,8.165492161113757,7.841942393604756
5130,0.33954458274645544,8.366584802453257,8.027040219706802
5131,0.41339346538127664,8.126729433641833,7.713335968260556
5132,0.41801746140201873,8.189011874430262,7.770994413028244
5133,0.43429424122162513,8.145697386999915,7.71140314577829
5134,0.39117898504301096,8.255657425868906,7.864478440825895
5135,0.30953940358763715,8.093918068758926,7.784378665171289
5136,0.5181460288130484,8.17850902902846,7.660363000215411
5137,0.34662803412186577,8.240208648426332,7.893580614304466
5138,0.35497799856097806,8.279728949718862,7.924750951157884
5139,0.3780519629252273,8.103019759980706,7.724967797055478
5140,0.2574512019888598,8.117868039037381,7.860416837048521
5141,0.5598769308638079,8.26104443280064,7.7011675019368315
5142,0.42238359042706913,8.317138512703396,7.894754922276327
5143,0.37829105478269864,8.12073463335418,7.742443578571482
5144,0.4238290655602262,8.340787564055358,7.916958498495132
5145,0.3399011829894721,8.121333749303426,7.7814325663139545
5146,0.6707278537472248,8.143128656306395,7.47240080255917
5147,0.41676540495191505,8.230890810329111,7.814125405377196
5148,0.42067363032697996,8.190412230043325,7.769738599716345
5149,0.4319005864786212,8.326947239366628,7.895046652888007
5150,0.38577940592753995,8.25382137298423,7.868041967056691
5151,0.26392268129987806,8.022591029798509,7.758668348498631
5152,0.30275138024637477,8.094824953749399,7.792073573503024
5153,0.3157199931047279,7.980081457918137,7.6643614648134095
5154,0.39521051035613064,8.114825222444777,7.719614712088647
5155,0.4867250710957334,8.236743897698414,7.75001882660268
5156,0.3641903350865613,8.208722634199875,7.844532299113314
5157,0.5210100431687036,8.135502646622328,7.614492603453624
5158,0.38383642012676217,8.155127930582056,7.771291510455294
5159,0.4027972066773068,8.224761406666595,7.821964199989288
5160,0.3496917245772988,8.180500395517118,7.8308086709398195
5161,0.5472587006644494,8.233496208722634,7.686237508058185
5162,0.5223090824667893,8.246782804410012,7.724473721943223
5163,0.5024901864169384,8.181884700646316,7.679394514229378
5164,0.4840156736089871,8.298051122371263,7.814035448762276
5165,0.39813351799296015,8.184799495199078,7.786665977206118
5166,0.3251060967532517,8.240956720531042,7.91585062377779
5167,0.20294012513119358,8.16388015159992,7.960940026468728
5168,0.3092447035021981,8.16496390368117,7.855719200178971
5169,0.3359053385064877,8.248647447140312,7.912742108633824
5170,0.1315462079415911,8.228639594560528,8.097093386618937
5171,0.43501014825299344,8.2478483312689,7.812838183015907
5172,0.30541035086472823,8.365795528728583,8.060385177863855
5173,0.3507302753714636,8.200113919003135,7.849383643631671
5174,0.3825779546842732,8.039760241372903,7.65718228668863
5175,0.40054173640358876,8.079057225842575,7.678515489438987
5176,0.11597454271232953,8.103706557462248,7.987732014749918
5177,0.19612581559381273,8.178099676401423,7.981973860807611
5178,0.14313835832397392,8.101818617118631,7.958680258794658
5179,0.3919064519268198,8.101580691011325,7.709674239084505
5180,0.45935599856800285,8.201926698038003,7.74257069947
5181,0.11422385502053972,8.185488670339534,8.071264815318994
5182,0.38904989228186104,8.294808223801121,7.9057583315192606
5183,0.4309759655253076,8.233622644409083,7.802646678883775
5184,0.3460999768764344,8.259560226690567,7.913460249814133
5185,0.35895689460323127,8.21649219668648,7.857535302083248
5186,0.2036168122360356,8.233799129381213,8.030182317145178
5187,0.23183427303518278,8.10295733839984,7.871123065364657
5188,0.5211172613546868,8.244283440240135,7.723166178885449
5189,0.32598828497696447,8.122863652858719,7.796875367881754
5190,0.4464190769099655,8.153981630723663,7.707562553813698
5191,0.299433349360883,8.124539084381471,7.825105735020588
5192,0.659986259623913,8.199465432214158,7.539479172590244
5193,0.6175152731784133,8.170527643978927,7.553012370800514
5194,0.2606965512507028,8.146974956895038,7.886278405644335
5195,0.37641757280568783,8.351637985799945,7.975220412994257
5196,0.39910875525995715,8.1768068183693,7.7776980631093435
5197,0.4158167622808547,8.329993073329359,7.914176311048504
5198,0.3677277265947798,8.10050529516274,7.732777568567961
5199,0.4327514190965423,8.403943379317836,7.971191960221294
5200,0.37107575261098175,8.117014197719447,7.745938445108465
5201,0.3832399457135219,8.192774809446028,7.809534863732506
5202,0.509703662994592,8.254438295570106,7.744734632575514
5203,0.39189853465403834,8.262142060694062,7.870243526040023
5204,0.5052231369641466,8.18168348912096,7.6764603521568135
5205,0.4400312649334437,8.186369018711817,7.7463377537783735
5206,0.401997663123264,8.345225791853423,7.9432281287301585
5207,0.5799054371859073,8.315282700930647,7.7353772637447396
5208,0.4756228301164861,8.25521688190521,7.779594051788723
5209,0.3469994006714952,8.29503567642743,7.948036275755935
5210,0.3950611849661695,8.270938010469683,7.875876825503513
5211,0.41735021789426374,8.233036117643705,7.815685899749441
5212,0.48306856503214185,8.147031524065097,7.663962959032955
5213,0.4452476658688955,8.274504994470114,7.829257328601218
5214,0.4166474494729988,8.175601531314955,7.7589540818419565
5215,0.35111024499906873,8.103561418122448,7.752451173123379
5216,0.3678714325934019,8.172972597249235,7.805101164655833
5217,0.28720674765203,8.079740651815438,7.792533904163408
5218,0.505400681572547,8.154461493325028,7.649060811752482
5219,0.39862346722655134,8.24445456338163,7.845831096155079
5220,0.40191781524730097,8.349344358233811,7.94742654298651
5221,0.14883253225900683,8.149618054270116,8.000785522011109
5222,0.49865127654461233,8.188434764680428,7.689783488135816
5223,0.39313894018157375,8.299700219226827,7.906561279045253
5224,0.5193614014040068,8.331927837301725,7.812566435897718
5225,0.5808714367421539,8.225965832158993,7.645094395416839
5226,0.3421817999740018,8.237223551029963,7.895041751055961
5227,0.4171909721146854,8.088534841809667,7.671343869694981
5228,0.41674697329540905,8.189624517713893,7.772877544418484
5229,0.38685877885115,8.195730490775524,7.8088717119243745
5230,0.5669546445175608,8.25517292816945,7.6882182836518895
5231,0.22304702506487345,8.052804289254544,7.829757264189671
5232,0.338762830146091,8.143999974586054,7.805237144439962
5233,0.4234523598718514,8.16578572233888,7.742333362467028
5234,0.34204544539647663,8.097719462906742,7.755674017510265
5235,0.46255926218066096,8.309651478328965,7.847092216148304
5236,0.4382864024576058,8.106037797939825,7.667751395482219
5237,0.30765060644069064,8.191428312897353,7.883777706456662
5238,0.49271576127282607,8.246702428376695,7.753986667103869
5239,0.40241489422129506,8.144485663132253,7.742070768910958
5240,0.4491661445592596,8.258990398879536,7.809824254320277
5241,0.45865444363126123,8.250019837784974,7.791365394153712
5242,0.18562743986924113,8.062658929399868,7.877031489530627
5243,0.33473837567900133,8.182580191591883,7.847841815912882
5244,0.4021578401505006,8.219296474264715,7.8171386341142135
5245,0.36985233470600504,8.099547816215901,7.729695481509896
5246,0.5680952546791744,8.33245051133573,7.764355256656557
5247,0.3148065135442694,8.137563575992827,7.822757062448558
5248,0.30696339079960683,8.070767393358768,7.763804002559161
5249,0.5290343876888698,8.14809370608063,7.61905931839176
5250,0.41041185282073334,8.336678784743036,7.926266931922303
5251,0.43021085441561885,8.213122699666856,7.782911845251237
5252,0.1376030839106196,8.193922405270591,8.056319321359972
5253,0.4026221186355849,8.136551665263234,7.733929546627649
5254,0.4009953317823169,8.198033404392328,7.797038072610011
5255,0.30680826114041676,8.278276099704218,7.971467838563801
5256,0.42666484998466314,8.208587930993499,7.781923081008836
5257,0.48363880628381467,8.11516005769941,7.631521251415594
5258,0.4338381039370367,8.333190101353761,7.899351997416725
5259,0.49183140971191214,8.135541921704961,7.643710511993049
5260,0.3135202978422338,8.141666478320019,7.828146180477785
5261,0.4069454975076854,8.03845442248361,7.631508924975925
5262,0.35669436376158137,8.01318373209955,7.656489368337969
5263,0.3038256312107491,8.120847981121646,7.817022349910896
5264,0.5195106005068655,8.251461390873764,7.7319507903668985
5265,0.48682168486969746,8.313047166396718,7.82622548152702
5266,0.43770873704060037,8.14742908795978,7.70972035091918
5267,0.4228931184024605,8.372349447989176,7.949456329586716
5268,0.4596774382901168,8.168274982405153,7.708597544115036
5269,0.17210145546762284,8.03030958443898,7.858208128971357
5270,0.3125585150461936,8.14394255917081,7.831384044124617
5271,0.24334453931997987,8.332785457974031,8.089440918654052
5272,0.5168818783909522,8.147509307792065,7.6306274294011125
5273,0.49812479046687613,8.344676466103465,7.846551675636589
5274,0.47929951452506353,8.249632539387072,7.770333024862008
5275,0.41006895486266637,8.149995712169229,7.739926757306563
5276,0.44112095908875043,8.24696213704977,7.80584117796102
5277,0.40732006390212716,8.350590559666532,7.943270495764405
5278,0.3743119244029177,8.255199029521812,7.8808871051188945
5279,0.33915352328394627,8.171366227442093,7.832212704158146
5280,0.46549992161851916,8.196721955672805,7.731222034054285
5281,0.35248916504603206,8.2562529656046,7.903763800558568
5282,0.42928683917514876,8.321803394326542,7.892516555151394
5283,0.31291830034308454,8.221863976130086,7.908945675787002
5284,0.5031567180047029,8.350824301808265,7.847667583803562
5285,0.29325224035722014,8.190834326209542,7.897582085852322
5286,0.2680506188171442,8.236668465777356,7.968617846960212
5287,0.3780307571154797,8.232876747642138,7.854845990526658
5288,0.31864717149138677,8.067090508470425,7.748443336979038
5289,0.4391211330911313,8.242154598757736,7.803033465666605
5290,0.5526719532179629,8.233124254141815,7.680452300923852
5291,0.4385183976462505,8.155564894173038,7.7170464965267875
5292,0.61978862351494,8.10573444479326,7.48594582127832
5293,0.27880693627194836,8.134285820591415,7.855478884319467
5294,0.3729449575923087,8.28342770279553,7.910482745203221
5295,0.315375951599949,8.225050579205867,7.909674627605918
5296,0.3341496246133248,8.145433379182837,7.811283754569512
5297,0.4415775252142177,8.241446417478624,7.799868892264406
5298,0.549020671303898,8.212790246990167,7.663769575686269
5299,0.4331876739674915,8.175584286169004,7.742396612201512
5300,0.29369582516380194,8.16319928605916,7.869503460895357
5301,0.42117472220267815,8.292290965747217,7.871116243544539
5302,0.3043074932365591,8.056355273172128,7.75204777993557
5303,0.23557223810715627,8.231054119181252,7.995481881074095
5304,0.29352001696112423,8.31294527276517,8.019425255804045
5305,0.5057184353870849,8.262852360817108,7.757133925430024
5306,0.19700172091121293,8.002757111074798,7.805755390163585
5307,0.26684529424637343,8.143287295803782,7.876442001557409
5308,0.448455402749027,8.228256437326632,7.779801034577605
5309,0.4833424928328816,8.289019924181046,7.8056774313481645
5310,0.5269170038057527,8.272276843040444,7.745359839234691
5311,0.24981370022196,8.045472578126487,7.795658877904527
5312,0.23840664172247705,8.180606731877306,7.942200090154829
5313,0.10078816885552211,8.150282161645556,8.049493992790033
5314,0.529430634489971,8.257473715209086,7.7280430807191145
5315,0.3688558073699778,8.399617983771035,8.030762176401058
5316,0.3985110045880602,8.176421601949652,7.777910597361592
5317,0.24860327845779526,8.02270691961534,7.774103641157544
5318,0.3500142207993415,8.163458913424838,7.813444692625497
5319,0.32877821724189077,8.161984968134199,7.833206750892308
5320,0.2666126550915463,8.212637481710258,7.946024826618712
5321,0.3475209402172723,8.155577583760023,7.80805664354275
5322,0.447090570472665,8.148709396406826,7.701618825934161
5323,0.46205541306751713,8.27537246553573,7.8133170524682125
5324,0.39262367130769726,8.252728526443331,7.860104855135634
5325,0.5161614132499287,8.201594802555952,7.685433389306024
5326,0.4664455032932484,8.150443378143642,7.683997874850394
5327,0.4001930466507691,8.182025690421971,7.781832643771202
5328,0.5100069704693467,8.128901588849311,7.618894618379965
5329,0.34744694126706377,8.287666850187655,7.940219908920591
5330,0.3978935053978918,8.180124611631344,7.782231106233452
5331,0.3935358857692873,8.257105380086484,7.863569494317197
5332,0.48459009382911433,8.117428081574523,7.632837987745409
5333,0.5155363246304154,8.194176142043052,7.678639817412636
5334,0.5450225834615382,8.30931698170085,7.764294398239311
5335,0.4666594533647475,8.306480223713448,7.839820770348701
5336,0.2762253110548759,8.330849322623898,8.054624011569022
5337,0.39035968434794394,8.345529504073433,7.955169819725489
5338,0.46014294271998457,8.193553275342317,7.7334103326223325
5339,0.2571258762404296,8.057595492737661,7.800469616497232
5340,0.3518548370874637,8.284171310048237,7.932316472960773
5341,0.2799111029737854,8.066006509122671,7.786095406148886
5342,0.30219827488335343,8.113763496014988,7.811565221131635
5343,0.502479683315211,8.251950384062049,7.749470700746838
5344,0.48599253141593485,8.36982173514179,7.883829203725854
5345,0.4050842959342485,8.24863989821593,7.843555602281683
5346,0.3115927095224161,8.211852173884546,7.90025946436213
5347,0.5861875197828896,8.184755520927293,7.598568001144404
5348,0.5190582001922763,8.199586356695484,7.6805281565032075
5349,0.32935425733322726,8.23879943227064,7.909445174937414
5350,0.4393520490264653,8.16151346954244,7.722161420515975
5351,0.2628523474595729,8.24665126225311,7.983798914793537
5352,0.4198783825358271,8.18902043612759,7.7691420535917635
5353,0.3557139378774514,8.277050056672763,7.9213361187953115
5354,0.48921294504180324,8.201926966304157,7.712714021262354
5355,0.4203719473682777,8.054910707602836,7.634538760234559
5356,0.30853800665492087,8.167622792901849,7.859084786246928
5357,0.44814073571675883,8.135690507454681,7.687549771737922
5358,0.3756160015815817,8.184872703336902,7.80925670175532
5359,0.34651749434162427,8.19055758522266,7.844040090881036
5360,0.47447307084012347,8.212486497287552,7.738013426447428
5361,0.4175614057288991,8.199117427064841,7.781556021335942
5362,0.362205562801837,7.992713141352101,7.630507578550263
5363,0.16795730940968565,8.119240484749419,7.951283175339733
5364,0.5108652950385323,8.158997130954667,7.648131835916135
5365,0.3304027904279562,8.256696210456342,7.926293420028386
5366,0.3652012423759208,8.162707684877718,7.797506442501797
5367,0.24308750128779524,7.940671279218807,7.697583777931012
5368,0.3358423186345435,8.018445954339139,7.682603635704596
5369,0.33281177520539174,8.064974929295728,7.732163154090336
5370,0.41123550910898393,8.155136957366192,7.743901448257208
5371,0.4754940618126834,8.073475697618981,7.597981635806298
5372,0.42726722246942034,8.190254769360852,7.762987546891432
5373,0.15994683654927344,8.046688230813846,7.886741394264573
5374,0.29510133623097784,8.259984136146675,7.9648827999156975
5375,0.5408547321025304,8.261677267793226,7.720822535690696
5376,0.4253032074867007,8.283882885087486,7.858579677600785
5377,0.6279585726515061,8.271323885858994,7.643365313207488
5378,0.565151365667303,8.147174124167515,7.582022758500212
5379,0.3598993145477783,8.201786002486221,7.841886687938443
5380,0.49475308127023676,8.126923659500704,7.632170578230467
5381,0.45163353153355873,8.104112289742053,7.6524787582084945
5382,0.17323935963290457,8.262572966035771,8.089333606402866
5383,0.33571377068812785,8.140395398041665,7.8046816273535375
5384,0.26389570414432845,8.297944749002067,8.034049044857738
5385,0.28467544498677816,8.281693777455683,7.997018332468905
5386,0.45871860790314306,8.11716699016418,7.658448382261036
5387,0.35892724610883897,8.230356789574097,7.871429543465259
5388,0.4163660999965899,8.183337885924544,7.766971785927955
5389,0.393738090474422,8.375228885114332,7.98149079463991
5390,0.3090373327923929,8.080010341665737,7.770973008873344
5391,0.2570189569732267,8.120635370746292,7.863616413773066
5392,0.560085955429833,8.233388904209626,7.673302948779793
5393,0.3560574491749663,8.057174841175721,7.7011173920007545
5394,0.369601166051749,8.145525474282694,7.7759243082309455
5395,0.39589098943952084,8.206151101782416,7.8102601123428945
5396,0.5257136855242508,8.310890889123193,7.785177203598943
5397,0.426894756661131,8.241492143058865,7.814597386397734
5398,0.44219222429228106,8.260027636590953,7.817835412298672
5399,0.5770231805785313,8.070686806424057,7.493663625845525
5400,0.3304395617022835,8.254887146883126,7.924447585180843
5401,0.4125104284843559,8.148113347332309,7.735602918847953
5402,0.4598841914629282,8.292526646786133,7.832642455323205
5403,0.5197481535196589,8.08257049933754,7.562822345817882
5404,0.2023380220935616,8.201571885930257,7.999233863836695
5405,0.5516351352790303,8.339819134834265,7.788183999555235
5406,0.2467505120441792,8.071239895708043,7.824489383663864
5407,0.46063806228523013,8.217051802493062,7.756413740207832
5408,0.5456173677753011,8.176345657786648,7.630728290011347
5409,0.4129941363006646,8.384049266903268,7.971055130602604
5410,0.43859281942028017,8.205663887836144,7.767071068415864
5411,0.33329762026314247,8.228678708055996,7.895381087792854
5412,0.33459505362072656,8.383926241058871,8.049331187438145
5413,0.3512503898445851,8.114299057475018,7.763048667630432
5414,0.4653329301852971,8.145571059137936,7.680238128952639
5415,0.5362091193364437,8.213179569267544,7.6769704499311
5416,0.5430359592301115,8.247705480768847,7.704669521538735
5417,0.4246827793716909,8.333871016263249,7.909188236891558
5418,0.3521680822800481,8.133200141590148,7.7810320593101
5419,0.463654048248932,8.254461530581954,7.7908074823330224
5420,0.44520478411671704,8.171373164163665,7.726168380046948
5421,0.3242806241003857,8.206442348570247,7.882161724469862
5422,0.25462353712323355,8.06066547593307,7.806041938809836
5423,0.41729279450888357,8.204325222729457,7.787032428220574
5424,0.32592472145621665,8.284929457554274,7.959004736098057
5425,0.5049479760649072,8.165584317815638,7.660636341750731
5426,0.44258965607941403,8.242407596777229,7.799817940697815
5427,0.44767286049222854,8.309100222472622,7.861427361980394
5428,0.31921935751095065,8.167746576866275,7.848527219355324
5429,0.3530367131422555,8.277598121882125,7.924561408739869
5430,0.2214167963122531,8.208246267102789,7.986829470790536
5431,0.30768142682110894,8.198872423725158,7.891190996904049
5432,0.5543549370229325,8.40156885506446,7.847213918041527
5433,0.41936413339170087,8.164060596280407,7.744696462888706
5434,0.4448993077575658,8.162764267495705,7.717864959738139
5435,0.4017421379423928,8.290287304821664,7.888545166879271
5436,0.4084353568625028,8.184118640574868,7.775683283712365
5437,0.4635595495229615,8.089452959315864,7.625893409792902
5438,0.3192206030262117,8.073308339566438,7.754087736540226
5439,0.5801277709818771,8.261876131396908,7.681748360415032
5440,0.33216275669322426,8.22372688655486,7.891564129861637
5441,0.4167473113518853,8.110686416833321,7.6939391054814354
5442,0.5108229584068109,8.248022302078725,7.737199343671914
5443,0.34367813511257483,8.251074562241982,7.907396427129407
5444,0.41998761738897344,8.173266538053195,7.753278920664221
5445,0.1975978463147573,8.196407133806789,7.998809287492032
5446,0.3010652846701246,7.996995430509146,7.6959301458390215
5447,0.49981867914828704,8.221792191511199,7.721973512362911
5448,0.3059691802950108,8.14834399287105,7.842374812576039
5449,0.34287036891505507,8.188706677277947,7.845836308362892
5450,0.5716587201487313,8.214344831377364,7.642686111228633
5451,0.15291622309118041,8.219588586602228,8.066672363511048
5452,0.6321951712022814,8.28023391675108,7.648038745548798
5453,0.32163154170342423,8.119172496337745,7.797540954634321
5454,0.6059401602687684,8.189510126789076,7.583569966520307
5455,0.35577670113670246,8.233982753133958,7.878206051997256
5456,0.21052293829962992,8.203204303956328,7.992681365656698
5457,0.23895325121820213,8.178466599625592,7.93951334840739
5458,0.44053030535625903,8.23440631744674,7.7938760120904815
5459,0.4649502712823935,8.328806716018383,7.863856444735989
5460,0.31509587993956134,8.225668421454195,7.910572541514633
5461,0.4149616063391026,8.22605381728162,7.811092210942518
5462,0.3622161945308379,8.111485633262228,7.749269438731391
5463,0.39909335939107016,8.20273971103716,7.803646351646089
5464,0.3903895376926325,8.235107519370438,7.844717981677805
5465,0.43672650995177714,8.223877899194516,7.787151389242739
5466,0.37154886509559576,8.207788798492887,7.836239933397291
5467,0.47614200043316735,8.241756714399473,7.765614713966306
5468,0.37469984645089466,8.159125942550261,7.7844260960993665
5469,0.5246471101045085,8.17230141650325,7.647654306398742
5470,0.4949264033088645,8.27427863341853,7.779352230109666
5471,0.20354031218685503,8.2625605262148,8.059020214027946
5472,0.5622394000321127,8.194846489128713,7.6326070890966005
5473,0.47090675830346834,8.244853490126415,7.773946731822947
5474,0.4238614803356473,8.192318031089398,7.768456550753751
5475,0.44019498866464724,8.20858366576954,7.768388677104893
5476,0.26095851359287175,8.110699007753816,7.849740494160944
5477,0.2950582989838207,8.222711135683854,7.927652836700033
5478,0.4311746424766642,8.270572022013408,7.839397379536743
5479,0.4101328390729775,8.209495581584783,7.799362742511805
5480,0.20734355993790118,8.17457449420735,7.967230934269449
5481,0.47657540292791806,8.06442286769265,7.5878474647647325
5482,0.5160646721950305,8.298901293019549,7.7828366208245185
5483,0.32091272434261364,8.08884710093811,7.767934376595497
5484,0.2700106615300627,8.324580953698742,8.05457029216868
5485,0.4564366494592618,8.254299811601726,7.797863162142464
5486,0.3078508089212402,8.135776456122157,7.827925647200916
5487,0.39697436930719787,8.143771748576498,7.7467973792692995
5488,0.38019651512863006,8.309503740411175,7.929307225282545
5489,0.2431855682666697,8.116020657981442,7.872835089714773
5490,0.543937941238831,8.185921582424573,7.6419836411857425
5491,0.5328260173108135,8.202636557054811,7.669810539743998
5492,0.5228864109937579,8.151446980970931,7.628560569977173
5493,0.4221030372443914,7.938395607633647,7.516292570389256
5494,0.3733434419508994,8.254693552393727,7.881350110442828
5495,0.585668081857795,8.18821989084946,7.602551808991665
5496,0.20545402319198425,8.012077365704735,7.806623342512752
5497,0.23653815739866604,8.049619738372364,7.813081580973698
5498,0.34610129970937675,8.13531807254678,7.789216772837404
5499,0.44983706916963995,8.185795287014038,7.735958217844398
5500,0.357794993522361,8.065251000662188,7.707456007139827
5501,0.30428125438887776,8.143112779769783,7.838831525380906
5502,0.3965051093674865,8.368105914545195,7.971600805177708
5503,0.42281226071706085,8.227126692874835,7.804314432157774
5504,0.412859338515606,8.183614570621513,7.770755232105907
5505,0.35359220191519314,8.276455519323008,7.922863317407815
5506,0.19456313612145745,8.089213566138516,7.894650430017059
5507,0.49221455905705175,8.206980662345405,7.714766103288353
5508,0.5144347885384153,8.354712673829077,7.840277885290662
5509,0.5015213123603488,8.29583971291774,7.794318400557391
5510,0.49206010909642145,8.348062049209425,7.8560019401130035
5511,0.31454720009276094,8.142904922122481,7.82835772202972
5512,0.590144308718365,8.335239865373168,7.745095556654803
5513,0.5271282190183626,8.189218723772296,7.662090504753933
5514,0.3010941178311472,8.15596647410565,7.854872356274503
5515,0.23048513209984506,8.28968792678995,8.059202794690105
5516,0.35813799735074164,8.12549152766215,7.767353530311409
5517,0.6973101394135237,8.388171811979044,7.69086167256552
5518,0.2680111546579894,8.145460294226956,7.8774491395689665
5519,0.2405044061856346,8.204418333779921,7.9639139275942865
5520,0.2971116200378249,8.231051424453929,7.933939804416104
5521,0.36446968681471775,8.317147091742918,7.9526774049282
5522,0.36746112874379977,8.030787244813721,7.663326116069921
5523,0.4317059115020814,8.222715941852298,7.7910100303502166
5524,0.2815126914682269,8.129797441529579,7.848284750061352
5525,0.3325508118530744,8.350492232856135,8.01794142100306
5526,0.34171949354511505,8.171089617380813,7.829370123835698
5527,0.3864107795491299,8.214122194934083,7.827711415384953
5528,0.3317465118084463,8.193644591637735,7.861898079829289
5529,0.5667422229328148,8.33293541584061,7.766193192907796
5530,0.4066069159599096,8.259361930107032,7.852755014147122
5531,0.3267357609878634,8.471985952324076,8.145250191336212
5532,0.33206257173008885,8.045691089329083,7.713628517598994
5533,0.31904567949761736,8.28504843022076,7.966002750723143
5534,0.3722852563287451,8.200812781141684,7.828527524812939
5535,0.3646773750173209,8.149822373721026,7.785144998703705
5536,0.43121449428615644,8.129783619435745,7.6985691251495885
5537,0.5362797585644307,8.316713541776826,7.780433783212396
5538,0.4502888872896294,8.289066634071695,7.838777746782065
5539,0.30176093376295987,8.16155555122766,7.859794617464701
5540,0.30159463055623775,8.201989784444079,7.900395153887841
5541,0.3283347578147163,8.175645805820874,7.847311048006158
5542,0.47876000796998963,8.277647683782392,7.798887675812403
5543,0.4406955760889858,8.268756512595939,7.828060936506953
5544,0.36317981312095937,8.223093834707775,7.859914021586816
5545,0.4395061745688983,8.134598975665345,7.695092801096446
5546,0.4847607802610965,8.147685110100737,7.66292432983964
5547,0.2585906785807754,8.061345750902213,7.802755072321437
5548,0.3332067125361347,8.30996772930005,7.976761016763915
5549,0.2973101165004645,8.089357670023185,7.79204755352272
5550,0.4493285661333812,8.209893447516077,7.760564881382695
5551,0.46463974628245247,8.249278448365494,7.784638702083042
5552,0.5106590636353912,8.302015061563031,7.79135599792764
5553,0.3573975882348443,8.200461862589156,7.843064274354312
5554,0.15572463115596916,8.159625653361472,8.003901022205502
5555,0.38842922011133757,8.218382443883558,7.82995322377222
5556,0.3719524975068201,8.439228900135294,8.067276402628474
5557,0.5464315767751757,8.237375969078757,7.690944392303582
5558,0.24545134548151648,8.188194023606442,7.942742678124926
5559,0.46808071068060253,8.299222616598572,7.831141905917969
5560,0.416350637150617,8.155458077621548,7.739107440470931
5561,0.3753847992021565,8.279350940174805,7.903966140972648
5562,0.5724005093349545,8.278100669527026,7.705700160192071
5563,0.34460636777882475,8.35634461879335,8.011738251014526
5564,0.3587234485402094,8.203783808812645,7.845060360272435
5565,0.3553144064421664,8.15422644245004,7.7989120360078745
5566,0.3173951946127161,8.101654144942934,7.7842589503302175
5567,0.3952311319342145,8.24192203724874,7.846690905314525
5568,0.3840839438131903,8.214604048306226,7.8305201044930355
5569,0.41739787778658227,8.213847910809259,7.796450033022676
5570,0.4672080661990833,8.216475752857601,7.749267686658518
5571,0.3752074971009271,8.149590297818946,7.774382800718019
5572,0.4681705402242531,8.333638392479573,7.865467852255319
5573,0.35349772186347694,8.205436769288937,7.851939047425461
5574,0.39281683069100415,8.15858091730605,7.765764086615047
5575,0.312164074326736,8.274146517561354,7.961982443234618
5576,0.2782274508761936,8.177965450374979,7.899737999498785
5577,0.5126282244147456,8.157928814446164,7.645300590031418
5578,0.39718640168326014,8.157745118262218,7.760558716578958
5579,0.37150766199931956,8.258038783540062,7.8865311215407425
5580,0.32500333815954996,8.101437831105143,7.776434492945593
5581,0.349658984472442,8.272363784895564,7.922704800423122
5582,0.5045503007561087,8.21944215601643,7.714891855260322
5583,0.5435902626166171,8.3219312779645,7.778341015347883
5584,0.3149852406657619,8.158029188150289,7.843043947484527
5585,0.3785117449571257,8.19907229105913,7.820560546102004
5586,0.32349009042012,8.108235967999022,7.784745877578902
5587,0.23728689101894904,8.08559596444161,7.848309073422661
5588,0.2819102731291495,8.142591771359854,7.860681498230704
5589,0.3523774396165555,8.169784651936139,7.8174072123195835
5590,0.3923507442815362,8.188917879466983,7.796567135185446
5591,0.3701249760374142,8.369890249218528,7.999765273181114
5592,0.3952499217448557,8.344048980069356,7.948799058324501
5593,0.5155964798272505,8.255052356861437,7.739455877034187
5594,0.418753661568875,8.233468144883982,7.814714483315107
5595,0.39983869593674576,8.201951445565443,7.802112749628698
5596,0.4737091716501638,8.127797490197905,7.654088318547741
5597,0.44021340071646414,8.24055788296068,7.800344482244215
5598,0.5066647434671663,8.292243603172254,7.785578859705089
5599,0.43795661889345316,8.316285929221275,7.878329310327821
5600,0.3647650415556042,8.066151875479846,7.701386833924242
5601,0.17459337553812318,8.290611160904714,8.11601778536659
5602,0.4481493591475196,8.230962391332822,7.782813032185302
5603,0.4326517261637216,8.246168407471384,7.813516681307662
5604,0.23860096003510267,8.0947876397968,7.856186679761698
5605,0.2934352092367092,7.9972519249946155,7.703816715757906
5606,0.3360129900953541,8.036306864923008,7.700293874827653
5607,0.5532298801715915,8.221699633881027,7.668469753709435
5608,0.6401002919509605,8.212626265091522,7.572525973140562
5609,0.3428371666473805,8.357012371488945,8.014175204841566
5610,0.4048240100534525,8.203581201223304,7.798757191169852
5611,0.4560735944740389,8.083000114245426,7.626926519771387
5612,0.17318853191638678,8.11186609998109,7.938677568064702
5613,0.3958852622891951,8.27442050380928,7.878535241520085
5614,0.3635235963370554,8.14548509008978,7.781961493752725
5615,0.3170515547450733,8.135629493876277,7.818577939131203
5616,0.42498521355464824,8.100678438026097,7.675693224471449
5617,0.48357758061931977,8.339235455083928,7.855657874464608
5618,0.29579953415730165,8.09745827023897,7.801658736081668
5619,0.3790471462671136,8.241830076322747,7.862782930055634
5620,0.5862813478940736,8.214672889886144,7.62839154199207
5621,0.5043293763817759,8.171915918329358,7.667586541947582
5622,0.4820137470707677,8.176034024030123,7.694020276959355
5623,0.5187714801186436,8.215676756001823,7.6969052758831795
5624,0.3387949349876503,8.196388062944916,7.857593127957266
5625,0.2935855727985184,8.138568776636143,7.844983203837625
5626,0.277919217830033,8.048490431233951,7.770571213403918
5627,0.4274313767945793,8.031535389492754,7.604104012698175
5628,0.39338574204641474,8.192211377456644,7.798825635410229
5629,0.5142229347611508,8.146836967184973,7.632614032423822
5630,0.5641198788393327,8.217812514625253,7.65369263578592
5631,0.5080617891863113,8.279467255810987,7.7714054666246755
5632,0.40031565185040097,8.01065982737322,7.610344175522818
5633,0.3761269282312679,8.073229210576137,7.697102282344869
5634,0.4178127597109013,8.119560363756952,7.701747604046051
5635,0.43322111680652514,8.252195549176086,7.818974432369561
5636,0.11516394705067501,7.990726333028984,7.875562385978309
5637,0.4842308011489064,8.204303762611755,7.720072961462848
5638,0.398750467496561,8.251613000801106,7.8528625333045445
5639,0.1924569310265254,8.30823632148439,8.115779390457865
5640,0.3011527800460506,8.215910405162075,7.9147576251160245
5641,0.41229202946358173,8.347814490621648,7.935522461158066
5642,0.37015601030236267,8.134636522503653,7.76448051220129
5643,0.4354917585204282,8.174557538805823,7.739065780285395
5644,0.4556213249177457,8.244976093207896,7.78935476829015
5645,0.4804156430812,8.327084328564496,7.846668685483296
5646,0.34719004961702926,8.262852071320175,7.915662021703146
5647,0.378207277462909,8.22371256459815,7.845505287135241
5648,0.3387890988993975,8.213899393381428,7.875110294482031
5649,0.4198358439359048,8.212169640772395,7.792333796836489
5650,0.33238772199702155,8.319166086016924,7.986778364019902
5651,0.49234819752032005,8.121263835104445,7.628915637584125
5652,0.40144718621873154,8.093703414902704,7.692256228683973
5653,0.3203640521400454,8.2165835810816,7.896219528941555
5654,0.34807182945944454,8.18087083190187,7.832799002442426
5655,0.32283835058466687,8.088955534346425,7.766117183761758
5656,0.2929257306932403,8.169074258037801,7.876148527344561
5657,0.4238000448223756,8.154623530994929,7.730823486172553
5658,0.4899741632329556,8.142376847311017,7.652402684078061
5659,0.4149576219680883,8.239569403814482,7.824611781846394
5660,0.4648031186713173,8.230871821721108,7.766068703049791
5661,0.2490000493222788,8.09386463703173,7.844864587709452
5662,0.382439848324623,8.195679515233785,7.813239666909162
5663,0.3730663412562633,8.296249174787853,7.92318283353159
5664,0.4121530631850446,8.142124988814512,7.729971925629467
5665,0.49267107609474153,8.232847809879306,7.740176733784565
5666,0.4074620209209151,8.050381403394546,7.642919382473631
5667,0.6366215100489732,8.344556479592466,7.707934969543492
5668,0.5467086044507233,8.090058801335202,7.543350196884479
5669,0.3239271322167341,8.10188658416796,7.777959451951227
5670,0.43686822275738524,8.179275362340817,7.742407139583432
5671,0.4630708271859422,8.235702180945276,7.772631353759334
5672,0.19103862805786911,8.005350803918164,7.8143121758602945
5673,0.3492943798121357,8.218764058015305,7.869469678203169
5674,0.47816746617715306,8.097880411658261,7.619712945481108
5675,0.4996068821324646,8.198011440855637,7.698404558723173
5676,0.28709420948394115,8.115448386540113,7.8283541770561715
5677,0.4189850814869604,8.001896461309354,7.582911379822393
5678,0.39820170885952855,8.287561347881725,7.889359639022197
5679,0.3690349263323065,8.22721141315211,7.858176486819804
5680,0.3449080315560715,8.248562747345872,7.9036547157898
5681,0.37525611038828105,8.150775396696423,7.775519286308142
5682,0.27588857065702094,8.253820190043953,7.977931619386932
5683,0.4026088647832832,8.41938123090086,8.016772366117577
5684,0.38888965250589363,8.131816680150711,7.742927027644818
5685,0.3624266615168375,8.173865384012762,7.811438722495924
5686,0.2570896790707528,7.933534704135906,7.676445025065153
5687,0.2881118801509666,8.220940948529792,7.932829068378825
5688,0.37749049815693575,8.124422147920171,7.746931649763235
5689,0.15182810630743282,8.08223487278085,7.930406766473417
5690,0.4158807067720815,8.172736898353465,7.756856191581384
5691,0.4837062021193892,8.18348961394854,7.69978341182915
5692,0.2043343231076573,8.152357752685733,7.948023429578075
5693,0.5860399041636335,8.182539253989983,7.59649934982635
5694,0.3749040161177085,8.15325739345329,7.778353377335581
5695,0.1558892078202688,8.210530712525985,8.054641504705716
5696,0.5227825840326965,8.229466505537113,7.706683921504417
5697,0.5217234215294553,8.160798157472716,7.63907473594326
5698,0.42564461622216293,8.2356887131838,7.8100440969616365
5699,0.2660374579313256,8.177717527722898,7.911680069791572
5700,0.34375054622753864,7.986086687827194,7.642336141599655
5701,0.4189089203273961,8.304846879429476,7.885937959102081
5702,0.28952105730195166,8.335069504730562,8.04554844742861
5703,0.3479305903096751,8.234487552700653,7.886556962390978
5704,0.3426368702978477,8.157035042826264,7.814398172528416
5705,0.21116807281701291,8.28590556990878,8.074737497091766
5706,0.2762054319543276,8.229905756669739,7.953700324715411
5707,0.42858959112418654,8.096520678675065,7.667931087550878
5708,0.34542110816666105,8.202164040525423,7.856742932358761
5709,0.5055190467678837,8.285950493502389,7.7804314467345055
5710,0.409724671279224,8.290305144717113,7.880580473437889
5711,0.36969432255462953,8.084357338547923,7.714663015993294
5712,0.39870963438110985,8.335072199596679,7.936362565215569
5713,0.4614832044210618,8.195103390532298,7.733620186111236
5714,0.5580842915999722,8.27055517394828,7.712470882348308
5715,0.45825002130511955,8.25205899133605,7.79380897003093
5716,0.45261258839518853,8.155331664945614,7.702719076550425
5717,0.42540888264974797,8.077999714893945,7.652590832244197
5718,0.3371011420391049,8.168847827814455,7.83174668577535
5719,0.2939629572410395,8.100282112038885,7.806319154797845
5720,0.5393035060070251,8.287683469719248,7.748379963712223
5721,0.42493528869508845,8.191060276075167,7.766124987380078
5722,0.38096255516365496,8.332770442572302,7.9518078874086475
5723,0.4469543870888257,8.192561927712907,7.745607540624081
5724,0.4885885170689743,8.2059669937926,7.717378476723626
5725,0.1037621476334934,8.14315963971717,8.039397492083678
5726,0.556531098996248,8.158417342162103,7.601886243165855
5727,0.5025076297878536,8.232342058833034,7.72983442904518
5728,0.5437422829772235,8.192381132665583,7.648638849688359
5729,0.45485358416348304,8.149901438224498,7.695047854061015
5730,0.2097555398730168,8.293251337049758,8.083495797176742
5731,0.189068701169279,8.133766419092494,7.944697717923215
5732,0.45249962271390415,8.253343807955181,7.800844185241277
5733,0.3961476355713277,8.082680780722447,7.6865331451511185
5734,0.22952839273093642,8.090941637396542,7.861413244665605
5735,0.39710650717324625,8.044594444132237,7.64748793695899
5736,0.17901932432844334,8.110223307023393,7.931203982694949
5737,0.4684343083837016,8.323073470440677,7.8546391620569755
5738,0.4143701642953792,8.443525257609751,8.029155093314372
5739,0.3359154017418232,8.25070880932648,7.914793407584658
5740,0.32154416398874425,8.114053295609034,7.79250913162029
5741,0.5163974379656787,8.206218415084958,7.68982097711928
5742,0.44114986198700007,8.222635097524073,7.7814852355370725
5743,0.3461988158514197,8.089975313842974,7.743776497991554
5744,0.3374082479521497,8.104721869000752,7.7673136210486025
5745,0.37307443572151,8.146950352549938,7.773875916828428
5746,0.370652681493909,8.009266240496164,7.638613559002255
5747,0.36271996646400767,8.162415425797988,7.7996954593339805
5748,0.38194460445538814,8.14899993488156,7.767055330426173
5749,0.34343421669955726,8.298882731331133,7.955448514631576
5750,0.4110519937927616,8.300308726072622,7.88925673227986
5751,0.4710673344557152,8.194371529543865,7.72330419508815
5752,0.40157029039827696,8.309114078639062,7.907543788240785
5753,0.3116485621515431,8.158345364406877,7.846696802255334
5754,0.44160247280377285,8.168120277764588,7.726517804960816
5755,0.28874301987675016,8.176563922872305,7.887820902995554
5756,0.5580810247038989,8.294966609461213,7.736885584757314
5757,0.5243384834485244,8.178007258375109,7.653668774926585
5758,0.3027845302412894,8.027979952803948,7.725195422562659
5759,0.47706558920554704,8.107700466322223,7.630634877116676
5760,0.23612002252411696,8.283698859126249,8.047578836602131
5761,0.5020401553201261,8.009695726786227,7.507655571466101
5762,0.40403381221815726,8.266420367241032,7.862386555022875
5763,0.3530420005171532,8.21027242059851,7.857230420081358
5764,0.24520725834955198,8.134976462284094,7.8897692039345415
5765,0.3653822461763436,8.071557964365994,7.70617571818965
5766,0.4958699923825714,8.234295406258221,7.73842541387565
5767,0.404446414890034,8.222208836839235,7.8177624219492
5768,0.26413023611232495,8.101622306838502,7.837492070726177
5769,0.5889822032840435,8.219036610525967,7.630054407241923
5770,0.383183647401214,8.130232069737362,7.747048422336148
5771,0.389425382684896,8.173360920975709,7.783935538290812
5772,0.5335198256418289,8.33022092125896,7.796701095617131
5773,0.4313686747440908,8.085426205538894,7.6540575307948036
5774,0.20875213290976738,8.233869293124005,8.025117160214238
5775,0.5360161020468639,8.366322584843163,7.830306482796299
5776,0.20684650609898292,8.278488095896456,8.071641589797473
5777,0.5344864173163852,8.363138114377495,7.82865169706111
5778,0.40204603275832673,8.040194251500353,7.6381482187420255
5779,0.3217978475138,8.194027253026011,7.872229405512211
5780,0.5006418504978459,8.272055628577982,7.771413778080136
5781,0.4367008910595958,8.275379936182192,7.838679045122596
5782,0.564596619159909,8.305766170474222,7.741169551314313
5783,0.37472907311434517,8.183827288783936,7.809098215669591
5784,0.33439148568537264,8.139359329948618,7.8049678442632455
5785,0.2703616863589391,8.066620583774391,7.796258897415452
5786,0.36349618743883844,8.17502462790559,7.811528440466751
5787,0.41409261477488646,8.248299037923452,7.834206423148566
5788,0.37099012140780646,8.187073578707825,7.816083457300018
5789,0.36096882979289946,8.298912375589593,7.937943545796694
5790,0.4233556246138726,8.296333027695873,7.872977403082
5791,0.2848132094015522,8.123845335261215,7.839032125859664
5792,0.3213535983733894,8.235788054472732,7.914434456099342
5793,0.3260451740456655,8.242541556548842,7.916496382503176
5794,0.4994250604161792,8.178592961481304,7.679167901065124
5795,0.44001386708488205,8.178189821340963,7.738175954256081
5796,0.32449794767227225,8.306180005568972,7.9816820578967
5797,0.3963381122334942,8.21482947993262,7.818491367699125
5798,0.5895560150501492,8.1765081102003,7.586952095150151
5799,0.19761702676109494,8.157997463571114,7.960380436810019
5800,0.48086432037594207,8.087388588377056,7.606524268001114
5801,0.4230426221070536,8.19854527054602,7.775502648438967
5802,0.4167349033934562,8.204169068792401,7.787434165398945
5803,0.7113551388410286,8.140446963021652,7.429091824180624
5804,0.42670231883975857,8.060027242604658,7.633324923764899
5805,0.5643582001048018,8.295674796044569,7.731316595939767
5806,0.545253922097286,8.199212941574729,7.653959019477442
5807,0.46202711638659855,8.22061139068223,7.758584274295631
5808,0.39315403617452255,8.172954150779505,7.779800114604982
5809,0.4703230883887274,8.134375236229532,7.664052147840805
5810,0.38646399638618556,8.221441398012296,7.8349774016261104
5811,0.527715924293465,8.219101492789902,7.691385568496436
5812,0.49125170586100003,8.120679969366341,7.629428263505341
5813,0.33632396311485385,8.203164564144348,7.8668406010294945
5814,0.490239013582911,8.304620179060526,7.814381165477616
5815,0.4073064537910671,8.090825844793965,7.683519391002898
5816,0.18177111991242534,8.102834692853003,7.921063572940578
5817,0.39093793565933915,8.218580830484978,7.8276428948256385
5818,0.31695913798255804,8.191469150016042,7.874510012033484
5819,0.48517190230284307,8.280655043846451,7.795483141543608
5820,0.25513319315703337,8.119743956904198,7.864610763747165
5821,0.23787077994419417,8.059900507337073,7.822029727392878
5822,0.35157082509203386,8.239017690275853,7.887446865183819
5823,0.47652046295938244,8.135527407961197,7.659006945001814
5824,0.3620544582959317,8.211697450701864,7.849642992405933
5825,0.40361078886050406,8.020394436241721,7.616783647381217
5826,0.28502699439763723,8.1819890540252,7.896962059627563
5827,0.24579364509877843,8.190898639060519,7.94510499396174
5828,0.4210281952945268,8.201052009450034,7.780023814155507
5829,0.37821719292347533,8.211210662123593,7.832993469200117
5830,0.2969833539276847,8.090811612876786,7.793828258949102
5831,0.38935275451098916,8.152234939602995,7.762882185092005
5832,0.38350242539567136,7.99759147172657,7.614089046330898
5833,0.33037903659760387,8.280136505158215,7.949757468560611
5834,0.3803335323096036,8.219148060962917,7.838814528653313
5835,0.5100918869489183,8.282881357771123,7.772789470822205
5836,0.4747414518245052,8.123982150170738,7.649240698346233
5837,0.41177424905537935,8.295029954170674,7.883255705115295
5838,0.4292636744222637,8.112906412825547,7.683642738403283
5839,0.3675305887383489,8.318399072326459,7.95086848358811
5840,0.7088857389725098,8.297261031157527,7.588375292185017
5841,0.36778006753534287,8.118653534217447,7.750873466682105
5842,0.22475539621520307,8.081187526039253,7.85643212982405
5843,0.3510512503669878,8.285014678301483,7.933963427934495
5844,0.5508447561887388,8.223467289092666,7.672622532903927
5845,0.37018686693639,8.224421068891496,7.854234201955107
5846,0.28929252648436754,8.042567692718299,7.753275166233931
5847,0.547376955471935,8.04267043410775,7.495293478635815
5848,0.3865899107018679,8.144598771234122,7.758008860532255
5849,0.34887833454456213,8.074187073089666,7.725308738545104
5850,0.3566417429848854,8.16561114828611,7.808969405301225
5851,0.3214237798189907,8.15899031262637,7.837566532807379
5852,0.45539432833441873,8.43845287131178,7.9830585429773615
5853,0.3387101892299738,8.168063965625072,7.829353776395098
5854,0.3067374406763869,8.079707686017986,7.772970245341599
5855,0.4297220521272383,8.153577511990106,7.723855459862867
5856,0.37081139278804537,8.177748572893798,7.806937180105752
5857,0.48512873138475926,7.970603629256888,7.485474897872129
5858,0.5083288859231003,8.19179698885965,7.6834681029365495
5859,0.49875171219938186,8.319233944244134,7.8204822320447525
5860,0.2642819522752989,8.203386374637219,7.93910442236192
5861,0.5373812754641376,8.228115085923001,7.690733810458863
5862,0.6577861062342428,8.263531825738278,7.605745719504036
5863,0.3258460202058204,8.142490346037706,7.816644325831885
5864,0.3040287304705388,8.300784973903175,7.996756243432636
5865,0.4341562637247667,8.08656873846796,7.652412474743194
5866,0.22345815663942534,8.141946768640999,7.918488612001574
5867,0.3450754625681867,8.3299318864253,7.984856423857113
5868,0.4878756293778829,8.250060087634164,7.762184458256281
5869,0.407108770124471,8.190012863995948,7.782904093871477
5870,0.34761593932913826,8.332706620287173,7.985090680958034
5871,0.4394560607778398,8.179477610668897,7.740021549891058
5872,0.45021321869191583,8.239606912627876,7.78939369393596
5873,0.5850122385299243,8.191855862306815,7.60684362377689
5874,0.5628480161517829,8.134845316738526,7.571997300586743
5875,0.6124913196885705,8.235700652087118,7.623209332398548
5876,0.3959092518268431,8.191969901429804,7.7960606496029605
5877,0.1766443968799898,8.176468997017585,7.999824600137595
5878,0.3234834056989625,8.243680271234883,7.92019686553592
5879,0.38840031751383697,8.270928867171941,7.882528549658104
5880,0.2924122623483085,8.117266232640262,7.824853970291953
5881,0.4054628649383558,8.207408825870258,7.801945960931903
5882,0.3875323608790561,8.240531694237324,7.852999333358269
5883,0.42124481602866143,8.144508305370067,7.723263489341406
5884,0.41900413350049925,8.102815248267786,7.683811114767288
5885,0.5589574003372249,8.126338822643188,7.567381422305963
5886,0.2407750727950568,8.078132438027191,7.837357365232135
5887,0.5293306721498948,8.310693812200277,7.781363140050383
5888,0.46732892559425954,8.213125246187046,7.745796320592786
5889,0.22937197648922186,8.18133283776071,7.9519608612714885
5890,0.3069592290141015,8.053222463964286,7.746263234950184
5891,0.3233518777865057,8.24357223142442,7.920220353637914
5892,0.4077648954729031,8.302575852596105,7.894810957123202
5893,0.1848394407418007,8.072235904466286,7.887396463724485
5894,0.5792418851910028,8.195110832683932,7.615868947492929
5895,0.5604740426845989,8.205205573304777,7.644731530620178
5896,0.5067925620033796,8.209572566144335,7.702780004140955
5897,0.4144410929949634,8.25288806449494,7.838446971499976
5898,0.41185285998950877,8.163197354323783,7.751344494334274
5899,0.30140636770092716,8.051295236805204,7.749888869104277
5900,0.35233552333758583,8.18517528402906,7.832839760691475
5901,0.6815540798959987,8.140652312242693,7.459098232346695
5902,0.38890190066892427,8.091867247186052,7.702965346517128
5903,0.32360426058874564,8.219340426699668,7.895736166110923
5904,0.535174728590759,8.326124245385708,7.790949516794949
5905,0.5203144797257105,8.067432785524323,7.547118305798612
5906,0.3313162679509027,8.326124274948308,7.994808006997405
5907,0.3385936745922691,8.20545410636937,7.8668604317771
5908,0.6033189727422872,8.353183042096875,7.7498640693545875
5909,0.4775764776829942,8.174991673558853,7.697415195875859
5910,0.4478764151718043,8.152621887322683,7.704745472150878
5911,0.2668998389777108,8.201729459926943,7.934829620949232
5912,0.45209290742450564,8.096126016858243,7.644033109433737
5913,0.5139528194247682,8.226299163149617,7.71234634372485
5914,0.3624190066612074,8.185006048784485,7.822587042123278
5915,0.5029897136633096,8.330621847036433,7.827632133373124
5916,0.23168897716184653,8.238788918168686,8.007099941006839
5917,0.44542548001305,8.20311897594769,7.757693495934641
5918,0.3311663942009621,8.164517155760517,7.833350761559555
5919,0.24401638860130664,8.08694438387731,7.8429279952760025
5920,0.5612097262228783,8.158599221895654,7.597389495672776
5921,0.32923612853061074,8.214793262984823,7.885557134454213
5922,0.4728803866160621,8.18151433330966,7.708633946693599
5923,0.40274933071668023,8.215714854171184,7.812965523454504
5924,0.4969126805956525,8.284134853477532,7.787222172881879
5925,0.3410437448463869,7.873314215505359,7.532270470658972
5926,0.2755287148844662,8.052961229530814,7.777432514646348
5927,0.4661255419713872,8.230657714426433,7.764532172455047
5928,0.1436383808270359,8.039405313509048,7.895766932682013
5929,0.36705540600374303,8.196554461016419,7.8294990550126755
5930,0.37222044448222236,8.15546881739755,7.7832483729153275
5931,0.35428153894084213,8.231233196047237,7.876951657106394
5932,0.43480762886371516,8.144756690253036,7.709949061389321
5933,0.5512964361843524,8.247429074755614,7.696132638571261
5934,0.4056858426989174,8.091737354796187,7.68605151209727
5935,0.4316213259542614,8.176868526282803,7.745247200328541
5936,0.35489262864206567,8.349793783454482,7.994901154812416
5937,0.3397800075219656,8.035338740855957,7.695558733333992
5938,0.3679978345406032,8.12031830536332,7.752320470822717
5939,0.4048356520320516,8.18428627298937,7.779450620957318
5940,0.5120221500419803,8.189247186856349,7.677225036814368
5941,0.4100305856522793,8.195981419163338,7.785950833511059
5942,0.4523955858091186,8.132460345835153,7.680064760026034
5943,0.2937039471002771,8.191967468982817,7.89826352188254
5944,0.3920006279201105,8.211677899047293,7.819677271127183
5945,0.41263871499278276,8.372078549790835,7.959439834798053
5946,0.5491472823381036,8.23061236410358,7.681465081765476
5947,0.5510223346655121,8.439909250931636,7.888886916266125
5948,0.42567453209298883,8.282922180619998,7.857247648527009
5949,0.3451019570454008,8.266821602207104,7.921719645161703
5950,0.5472922616529268,8.360731258738783,7.813438997085856
5951,0.25799382352984046,8.029954151118819,7.771960327588978
5952,0.4857570015496713,8.307092125284552,7.8213351237348805
5953,0.3763717461021006,8.193798670770754,7.817426924668653
5954,0.29452869475850113,8.164433788804958,7.869905094046457
5955,0.40956926597463883,8.29478587251697,7.885216606542331
5956,0.48139310186130574,8.319762235187833,7.838369133326527
5957,0.21477439187348243,8.175388219151728,7.960613827278245
5958,0.5097964208247913,8.281403005739913,7.771606584915121
5959,0.40333650970406526,8.27332058425175,7.869984074547684
5960,0.36670196558517004,8.258348310637555,7.891646345052385
5961,0.3985409716257136,8.287523616457054,7.888982644831341
5962,0.40512783547976694,8.229369860706319,7.824242025226551
5963,0.5085563488529433,8.293645893606966,7.7850895447540225
5964,0.4559757900099003,8.198907926643733,7.742932136633832
5965,0.4396497636288113,8.374781528238874,7.9351317646100625
5966,0.32507979845702545,8.111649290816354,7.7865694923593285
5967,0.31145573981787444,8.096423192171985,7.784967452354111
5968,0.3414254570838869,8.278448554162278,7.937023097078391
5969,0.5523790565707805,8.34385903974521,7.79147998317443
5970,0.5536450185498765,8.225706047240347,7.672061028690471
5971,0.5288998416661276,8.227099635863736,7.698199794197608
5972,0.34244796132974953,8.191696012534617,7.849248051204867
5973,0.417806171014891,8.089807407179672,7.672001236164781
5974,0.5678504761559089,8.246343903416527,7.678493427260618
5975,0.3892982988942036,8.193726650388696,7.804428351494492
5976,0.30281344445383296,8.133129765324723,7.83031632087089
5977,0.42875126667819474,8.374748800534627,7.945997533856433
5978,0.18383687199985357,8.1768055489337,7.992968676933846
5979,0.5303023298284691,8.258427056925187,7.728124727096718
5980,0.2338815785306908,8.177609476429684,7.9437278978989925
5981,0.41197464422963115,8.139699466954957,7.7277248227253255
5982,0.5029514612168474,8.305551409163447,7.8025999479466
5983,0.4836731949232675,8.214200159985241,7.730526965061974
5984,0.3363820704395241,8.355158573969993,8.018776503530468
5985,0.5664231052380586,8.286854518197917,7.720431412959858
5986,0.32715836726775754,8.225252898350547,7.89809453108279
5987,0.3529968898486387,8.03808950187033,7.685092612021691
5988,0.3835173681966025,8.110805289622961,7.727287921426359
5989,0.43039471388919137,8.231350618407868,7.800955904518677
5990,0.37662842578612293,8.095897218277674,7.719268792491551
5991,0.0810349890224005,8.06957801189986,7.98854302287746
5992,0.2071077043221333,8.182188496846942,7.975080792524809
5993,0.35183754740344975,8.142748341136336,7.790910793732887
5994,0.4742178168706595,8.195611998472412,7.721394181601752
5995,0.29490096945034106,8.127156555245861,7.8322555857955205
5996,0.37495923025566485,8.134205989932282,7.759246759676617
5997,0.26553577461942973,8.279689676842665,8.014153902223235
5998,0.5039666485835465,8.12159897970041,7.617632331116864
5999,0.4208603948271483,8.085315054192703,7.664454659365555
6000,0.10421148831483583,8.199731266386191,8.095519778071356
6001,0.4634191968888592,8.301500610460684,7.838081413571825
6002,0.441769214940957,8.066160199067394,7.624390984126436
6003,0.5696716748757291,8.214542661688132,7.6448709868124025
6004,0.3467585722241042,8.255103938811681,7.908345366587577
6005,0.47890470604277746,8.029563829486179,7.550659123443402
6006,0.40378628635218733,8.253151223788853,7.849364937436666
6007,0.33483678343525997,8.205825303662559,7.870988520227299
6008,0.3897780862171249,8.215422090180075,7.8256440039629505
6009,0.3147071796272285,8.274644325083662,7.959937145456433
6010,0.42478784646836965,8.400163375091775,7.975375528623406
6011,0.4330954054125298,8.211251977373657,7.7781565719611265
6012,0.19887478900920988,8.269384458048531,8.070509669039321
6013,0.6788757619221915,8.21012615463399,7.531250392711798
6014,0.3884309982969485,8.21298014605157,7.824549147754622
6015,0.24594129723378033,7.976306912812492,7.730365615578712
6016,0.25022536943787804,8.195650561234652,7.945425191796774
6017,0.390599166210174,8.191524148221697,7.800924982011523
6018,0.45727088015115397,8.110584729593638,7.653313849442484
6019,0.32248288351432275,8.066906578514347,7.744423695000024
6020,0.43447036586845295,8.130070604984642,7.695600239116189
6021,0.34435517616265904,8.015624248880124,7.6712690727174655
6022,0.6468349666984561,8.303724672164082,7.656889705465625
6023,0.3609468017259625,8.175120926349267,7.814174124623305
6024,0.3454448879197745,8.266509601636209,7.921064713716434
6025,0.45690422439186856,8.169801106150944,7.712896881759075
6026,0.42552963132674804,8.082174313266224,7.656644681939476
6027,0.3733235358062306,8.154521691938712,7.781198156132481
6028,0.23388383102481433,8.030551853400171,7.796668022375357
6029,0.3341351753748589,8.165486924513363,7.831351749138505
6030,0.2389638398356134,8.130499331776083,7.891535491940469
6031,0.4354643336693944,8.271522991989452,7.8360586583200575
6032,0.16541369409184464,8.179666501454024,8.01425280736218
6033,0.44203049953740725,8.129052432654598,7.687021933117191
6034,0.23288835916691222,8.26916336306983,8.036275003902917
6035,0.4692737397629253,8.173505929846236,7.704232190083311
6036,0.5195204363332988,8.27164919430331,7.752128757970011
6037,0.40026558361564313,8.261126551004295,7.8608609673886525
6038,0.37222438341003417,8.198564498911272,7.826340115501238
6039,0.31498587400814976,7.959177724536134,7.644191850527984
6040,0.33624780412203287,8.14638357845306,7.810135774331027
6041,0.5268384410788081,8.292369973150393,7.765531532071585
6042,0.3365741452401015,8.05235464820757,7.715780502967469
6043,0.37231849320760835,8.43852976884104,8.066211275633432
6044,0.43064146939468834,8.169219773416183,7.738578304021495
6045,0.5066452131272581,8.126624594864387,7.619979381737129
6046,0.3471520480024794,8.262992972913043,7.9158409249105635
6047,0.5983814931050666,8.124204400747967,7.5258229076429
6048,0.389631500786105,8.303965044111992,7.9143335433258875
6049,0.5793504666989175,8.076141928087043,7.496791461388126
6050,0.42664280075715966,8.166292870422673,7.7396500696655135
6051,0.2434211090706186,8.173248827593062,7.929827718522443
6052,0.2159093338365451,8.13395188982254,7.918042555985996
6053,0.4018522440522648,8.341744141375539,7.939891897323275
6054,0.5471183029090313,8.319644141072176,7.772525838163145
6055,0.35976899606158724,8.183417632584526,7.823648636522939
6056,0.4241268190771092,8.150733091798042,7.726606272720932
6057,0.44860866672476596,8.31765780771517,7.869049140990404
6058,0.41602851972627825,8.27286757842579,7.856839058699513
6059,0.5143987955671274,8.237286749834666,7.722887954267539
6060,0.1269871813591294,8.068236633071429,7.9412494517123
6061,0.5169944004453716,8.310214353788462,7.79321995334309
6062,0.35221757938661485,8.192759504138403,7.840541924751788
6063,0.6047289497008134,8.114184488429444,7.509455538728631
6064,0.24100935429139142,8.258597691296757,8.017588337005366
6065,0.5680006384055001,8.158801482094015,7.590800843688514
6066,0.17057263846232334,8.182284607676374,8.011711969214051
6067,0.3613610874451782,8.201853907122253,7.840492819677075
6068,0.29736860444309543,8.219925763939287,7.922557159496192
6069,0.3889372653549726,8.124421467305748,7.735484201950775
6070,0.3463523650104491,8.221508271693962,7.875155906683513
6071,0.27751086802656766,8.141085595492353,7.863574727465785
6072,0.2555723704611326,8.36577090937275,8.110198538911618
6073,0.437169278807751,8.285033897605919,7.847864618798168
6074,0.3631871160948014,8.090733707694364,7.7275465915995625
6075,0.5814391599504287,8.133666975021622,7.552227815071194
6076,0.5054212120947951,8.184294043501788,7.678872831406993
6077,0.3677508399979579,8.142521011841783,7.774770171843825
6078,0.3287336165785467,8.07472009741324,7.745986480834692
6079,0.4538428919204172,8.189689749719783,7.735846857799365
6080,0.6032297896295694,8.053110944845768,7.4498811552161985
6081,0.41285740597249876,8.149492559371316,7.736635153398817
6082,0.4500345704741885,8.11428408607438,7.664249515600191
6083,0.38510805576282175,8.144603845209845,7.759495789447024
6084,0.4757074957710203,8.168729848847693,7.693022353076673
6085,0.2768874694331547,8.196838962834356,7.919951493401201
6086,0.4073311071956962,8.130633227948993,7.723302120753297
6087,0.45754490685440913,8.069531727098727,7.611986820244319
6088,0.4852923853429102,8.303007630391775,7.817715245048865
6089,0.46669430774160425,8.230847708961814,7.76415340122021
6090,0.41859113074093435,8.250965849137293,7.832374718396358
6091,0.3811835789682271,8.091491027572966,7.7103074486047385
6092,0.489759777111058,8.37480435701434,7.885044579903282
6093,0.4590921545303867,8.306473600050099,7.847381445519712
6094,0.32484320677008,8.410974405484767,8.086131198714687
6095,0.4238729303427546,8.29845775298389,7.874584822641135
6096,0.3535796038380164,8.2162335270811,7.862653923243083
6097,0.22686909918045267,8.108527817997576,7.881658718817123
6098,0.3117501469354948,8.14979157266311,7.838041425727615
6099,0.5707579862047375,8.273341564112975,7.7025835779082374
6100,0.5908770879623111,8.103426683603823,7.512549595641512
6101,0.4941235119862029,8.274620667086033,7.78049715509983
6102,0.5104842144869662,8.258974007544829,7.748489793057863
6103,0.2918764102031069,8.066829646064413,7.774953235861306
6104,0.4528511312489774,8.329271085521441,7.876419954272463
6105,0.3242553428754297,8.219213574474296,7.894958231598866
6106,0.598933589356762,8.301521085957708,7.7025874966009455
6107,0.4698534671275533,8.307568742201731,7.837715275074178
6108,0.4697905996385501,8.189054252318861,7.719263652680311
6109,0.18780101698435786,8.200924189449875,8.013123172465518
6110,0.48043022194275936,7.992200489295514,7.511770267352754
6111,0.7686376899131045,8.308630561503543,7.539992871590439
6112,0.5708438933695469,8.383229843234384,7.8123859498648365
6113,0.48821475164275874,8.304458208375884,7.816243456733125
6114,0.4247479712069901,8.06928161496333,7.64453364375634
6115,0.25884450114676255,8.236997300832721,7.978152799685959
6116,0.35549875958824745,8.127615154349465,7.772116394761218
6117,0.29318867472611954,8.122492815042909,7.82930414031679
6118,0.4398078025564406,8.250501368032936,7.810693565476495
6119,0.6522388880096543,8.314578533259597,7.6623396452499435
6120,0.34050969587187546,8.242763850774672,7.9022541549027965
6121,0.6065870616757439,8.328170190611607,7.721583128935863
6122,0.1904705502854781,8.19163418681525,8.001163636529771
6123,0.36648663348451394,8.055889548432077,7.689402914947563
6124,0.5395440916009558,8.421837645680428,7.882293554079473
6125,0.407599051266696,8.277289751398916,7.86969070013222
6126,0.2988586548910901,8.37772398875249,8.0788653338614
6127,0.40722062122659,8.170300113330216,7.763079492103626
6128,0.4809192011543968,8.185835379823628,7.704916178669231
6129,0.24952620253490454,8.215586829150837,7.966060626615932
6130,0.44706975261001775,8.23767370029121,7.790603947681193
6131,0.4243371176928406,8.073516246598512,7.649179128905671
6132,0.1343882379532585,8.228885735519214,8.094497497565955
6133,0.6064137729232302,8.311437869887358,7.705024096964128
6134,0.3979043077995172,8.207625411572243,7.809721103772726
6135,0.4077318591116735,8.2566774842042,7.848945625092527
6136,0.5229450718819436,8.152231666279032,7.6292865943970885
6137,0.45666877111363335,8.26084690368583,7.804178132572196
6138,0.33904451564587584,8.154173466557888,7.815128950912012
6139,0.23505017950200732,8.272395132823528,8.03734495332152
6140,0.65404633045257,8.22329026755255,7.569243937099979
6141,0.16491392952378522,8.153185166166494,7.988271236642709
6142,0.5032750379113248,8.091229929108955,7.58795489119763
6143,0.3494806726338489,8.164816448683514,7.815335776049665
6144,0.3242988242818342,8.332950904752403,8.008652080470569
6145,0.530387403379445,8.272543112529801,7.742155709150357
6146,0.469387443180022,8.092554776174074,7.623167332994052
6147,0.2609888507558184,8.100557987779919,7.8395691370241005
6148,0.606097883147352,8.256736209692328,7.650638326544976
6149,0.487232730168913,8.287651080434847,7.800418350265934
6150,0.44594779632912385,8.19372005990975,7.747772263580627
6151,0.28025484221443664,7.995010818436737,7.7147559762223
6152,0.41169425053337766,8.213446403162823,7.8017521526294455
6153,0.30569170031465076,8.15072215414049,7.8450304538258395
6154,0.3322968300098901,8.081420038223882,7.749123208213993
6155,0.5561018850021001,8.157954496567042,7.601852611564942
6156,0.5512806819806307,8.133770605744377,7.582489923763747
6157,0.29252630962504805,8.189932553473566,7.897406243848518
6158,0.4975252614353729,8.208874053920177,7.711348792484804
6159,0.26810960041320253,8.172521337729005,7.904411737315803
6160,0.45470716237826136,8.350903501482358,7.8961963391040975
6161,0.4768425889991248,8.138225842032424,7.6613832530333
6162,0.38935472353577344,8.36520548422044,7.975850760684666
6163,0.36065540880055863,8.143855016415007,7.783199607614448
6164,0.38460352734616726,8.281500201078138,7.8968966737319715
6165,0.47386273851775956,8.058886309439536,7.585023570921777
6166,0.41833930317178025,8.039612455755593,7.621273152583813
6167,0.40304922598576054,8.152609387549107,7.7495601615633465
6168,0.41006644515164226,8.277379924405773,7.867313479254131
6169,0.3681897824101032,8.095259680199732,7.727069897789629
6170,0.525138247470691,8.164038783100048,7.638900535629357
6171,0.34283685919214407,8.057381460079643,7.714544600887499
6172,0.44849216084361415,8.405220265601873,7.956728104758259
6173,0.530670695482934,8.144271198168239,7.613600502685305
6174,0.3850967686151442,8.103116072705841,7.7180193040906975
6175,0.36891021516576117,8.142363020871898,7.773452805706136
6176,0.5684639964910432,8.209402160021646,7.6409381635306035
6177,0.5628301948270773,8.309903745221416,7.747073550394338
6178,0.3760636658529413,8.189894439416486,7.813830773563545
6179,0.24594703704613097,8.185135070998342,7.939188033952211
6180,0.47945562784655654,8.397871539708866,7.91841591186231
6181,0.37984573332571214,8.090891221811148,7.711045488485436
6182,0.5171152719728466,8.30105768072229,7.783942408749443
6183,0.3896441584261062,8.26522595301283,7.875581794586724
6184,0.2829345826775364,8.278274372578174,7.995339789900638
6185,0.29656228265927725,8.203695899017777,7.9071336163585
6186,0.3733395982123081,8.207907734096105,7.8345681358837975
6187,0.44283669736260806,8.259570628756546,7.816733931393937
6188,0.24673429233545854,8.157161823777015,7.910427531441556
6189,0.44749295007944356,8.335210305107756,7.887717355028313
6190,0.5378838276004494,8.254214047911852,7.716330220311402
6191,0.544408001596987,8.326379422680516,7.7819714210835285
6192,0.4089509377640089,8.25961071222504,7.850659774461032
6193,0.514315227129942,8.1007444074493,7.5864291803193575
6194,0.43836410559222694,8.309814118008115,7.871450012415888
6195,0.3348452283283021,8.132911281043755,7.798066052715454
6196,0.25312895711006766,8.08729212375633,7.8341631666462614
6197,0.4508066183784025,8.156557689089535,7.705751070711132
6198,0.3133176202378869,8.177651171966117,7.86433355172823
6199,0.3094876806666153,8.162397974623982,7.8529102939573665
6200,0.4655744019296023,8.110837324869985,7.645262922940383
6201,0.3575069125638436,8.127266989214847,7.7697600766510035
6202,0.43310939982915575,8.110984786870485,7.67787538704133
6203,0.33505430021294913,8.328190863370029,7.99313656315708
6204,0.3934639092157083,8.207463427580855,7.813999518365146
6205,0.42227288851301537,8.419262082359596,7.996989193846581
6206,0.47425204167793594,8.135564997990377,7.661312956312441
6207,0.5049375851041645,8.225451821567738,7.720514236463574
6208,0.30826007379583725,8.19346613074754,7.885206056951702
6209,0.28217891027614406,8.282211219233323,8.000032308957179
6210,0.24318958056046178,8.339533473382621,8.09634389282216
6211,0.5288893110707898,8.26209409286678,7.73320478179599
6212,0.2603723711244412,8.188188599802851,7.9278162286784095
6213,0.2595918954271674,8.076958827531739,7.817366932104571
6214,0.38101886834814375,8.308174251840219,7.927155383492075
6215,0.42014840791375485,8.229480655710601,7.8093322477968465
6216,0.3710462249366375,8.215448160190368,7.84440193525373
6217,0.14960737549101713,8.107010952764066,7.957403577273048
6218,0.3017984076854341,8.088808059613223,7.787009651927789
6219,0.41564889030079355,8.29728052863007,7.881631638329276
6220,0.3986380906145103,8.25569758438721,7.8570594937727
6221,0.5371926292681534,8.34470000811034,7.807507378842187
6222,0.4307526628238994,8.170738966146216,7.739986303322316
6223,0.3053641313092927,8.147296654619833,7.841932523310541
6224,0.4979241708570723,8.106426863517207,7.608502692660135
6225,0.47237221083008213,8.287861167400752,7.81548895657067
6226,0.35692400249605305,8.359522792479472,8.00259878998342
6227,0.45611859980646197,8.158889993239002,7.70277139343254
6228,0.46237556435205496,8.12139386866374,7.659018304311685
6229,0.29531571515115246,8.191723969766025,7.896408254614873
6230,0.3340776350850917,8.176071927804301,7.8419942927192094
6231,0.4750103653976601,8.282954385741832,7.807944020344172
6232,0.5624659210790949,8.233575771472884,7.671109850393789
6233,0.49674893436152495,8.251736621128627,7.754987686767102
6234,0.43438945952260993,8.117085234966412,7.682695775443802
6235,0.4448359523621362,8.146693197586961,7.701857245224825
6236,0.39063373185111167,8.176975290616308,7.786341558765197
6237,0.5334983372763061,8.299788103171414,7.766289765895108
6238,0.5884605724426683,8.256994401592394,7.668533829149726
6239,0.2640245927565746,8.165157925944103,7.901133333187528
6240,0.4755030576178128,8.153642477911914,7.678139420294102
6241,0.3852346930055463,8.009383719644354,7.624149026638809
6242,0.38414814762819915,8.07220042063959,7.68805227301139
6243,0.4240178044354753,8.067094775144135,7.643076970708659
6244,0.32686818225601016,8.217252258847742,7.890384076591731
6245,0.32125543329964523,8.132400442944618,7.8111450096449735
6246,0.593046225475937,8.213868442237132,7.620822216761195
6247,0.4204585846876466,8.212971798144084,7.792513213456437
6248,0.3671445237018935,8.310631829078837,7.9434873053769435
6249,0.4499184915611801,8.342301509491277,7.892383017930096
6250,0.49511025421421173,8.222037398018044,7.726927143803832
6251,0.4978394189995828,8.089708576321984,7.591869157322401
6252,0.33235419038471187,8.17474430527002,7.8423901148853075
6253,0.43771760506773943,8.051997393713817,7.614279788646078
6254,0.520901877906793,8.330663324679717,7.809761446772924
6255,0.3925957326362427,8.254381418001453,7.86178568536521
6256,0.20323471389390563,8.209805480504356,8.00657076661045
6257,0.36348016414547957,8.213127986798353,7.849647822652874
6258,0.40630913318121264,8.199091220547665,7.792782087366452
6259,0.27642560135657723,8.17872592549708,7.902300324140502
6260,0.448865320523802,8.212444781545457,7.7635794610216555
6261,0.23686809329064895,8.062170800385957,7.825302707095307
6262,0.6334914285145178,8.251459264938974,7.617967836424457
6263,0.26357253314461115,8.14889095730677,7.8853184241621594
6264,0.38060400927177873,8.042471078249768,7.6618670689779895
6265,0.4722774834692192,8.24567524762999,7.77339776416077
6266,0.47884200996310405,8.191390859143716,7.712548849180612
6267,0.4290042156326429,8.326012733272654,7.89700851764001
6268,0.4156603961970231,8.151120063359627,7.735459667162605
6269,0.4332582802893081,8.186613112643437,7.7533548323541295
6270,0.40967547382788877,8.129750350389852,7.720074876561963
6271,0.4896392746905746,8.153275095350914,7.663635820660339
6272,0.35911916501594404,8.191761699491115,7.832642534475172
6273,0.30442008037908763,8.14737604525449,7.842955964875402
6274,0.3459427106626073,8.254718368821692,7.908775658159085
6275,0.509959761880962,8.309463970309324,7.7995042084283615
6276,0.23487283978808013,8.046114608510432,7.811241768722352
6277,0.46791094925715315,8.189512011076742,7.721601061819589
6278,0.4950970933579326,8.278517739047818,7.783420645689885
6279,0.19572892768242398,8.063175658625676,7.867446730943252
6280,0.33845916691597855,8.125869859813724,7.787410692897746
6281,0.4820617163048502,8.20892715153349,7.726865435228641
6282,0.11218577287216767,8.055236187670195,7.943050414798027
6283,0.3330244422430559,8.198821140863274,7.865796698620218
6284,0.3896116372269481,8.097420712161366,7.707809074934418
6285,0.4097045953964027,8.264612116044084,7.854907520647681
6286,0.2567557739719423,8.338049490434525,8.081293716462582
6287,0.295019817323267,8.011795809483552,7.716775992160285
6288,0.2706436529480345,8.066769994292756,7.796126341344721
6289,0.4514991878865862,8.242096420376132,7.790597232489546
6290,-0.033543954571151974,8.033251157882713,8.066795112453866
6291,0.46539121746001905,8.182143824025179,7.7167526065651595
6292,0.494429234854317,8.264367657373747,7.76993842251943
6293,0.31594049539708596,8.22759158679624,7.911651091399154
6294,0.33120757017188934,8.343492218525137,8.012284648353248
6295,0.4324906382726409,8.190939125095209,7.7584484868225685
6296,0.3045134741605244,8.051966422661144,7.747452948500619
6297,0.4867712594013333,8.19203769556901,7.705266436167676
6298,0.4832249803316766,8.39388204694248,7.910657066610803
6299,0.2413211885964853,8.172049788343386,7.930728599746901
6300,0.405792321976706,8.116284224395411,7.710491902418705
6301,0.46861683259652887,8.172962752128509,7.70434591953198
6302,0.32490451095160394,8.307380150220002,7.982475639268398
6303,0.2917930555010697,8.129995363403346,7.838202307902276
6304,0.4683817033919501,8.1319994353669,7.66361773197495
6305,0.2887775345185783,8.183280543726989,7.89450300920841
6306,0.2652573356489471,8.414689969660932,8.149432634011985
6307,0.34232519534461114,8.23713506605562,7.894809870711009
6308,0.5733493252194674,8.166669030871226,7.5933197056517585
6309,0.3173327256402619,7.985560220445404,7.668227494805142
6310,0.31296741558638763,7.9800510780021385,7.667083662415751
6311,0.3724987271018033,8.165343273639547,7.792844546537744
6312,0.4506704300775554,8.1398470454683,7.689176615390745
6313,0.3811614336001975,8.159140610339396,7.777979176739199
6314,0.26862188909835616,8.240270856175476,7.97164896707712
6315,0.3987491045299552,8.285096655210062,7.886347550680107
6316,0.37629845918773625,8.195272805746955,7.8189743465592185
6317,0.45377138204618844,8.208178284821576,7.754406902775388
6318,0.36304953918699917,8.207854932862999,7.844805393675999
6319,0.5148769783412243,8.36458535939213,7.849708381050906
6320,0.3491952931882337,8.241069510101317,7.8918742169130836
6321,0.3305839268790225,8.24760457364285,7.917020646763827
6322,0.44083533190539886,8.163364006479462,7.722528674574063
6323,0.5947922749668545,8.142567036474757,7.5477747615079025
6324,0.39034828948329675,8.143677736989435,7.753329447506139
6325,0.38472728400402234,8.135653774017422,7.7509264900134
6326,0.4056952096312362,8.229881920236817,7.824186710605581
6327,0.4435062042735952,8.227556101221897,7.784049896948301
6328,0.4617603332853612,8.127834589528431,7.66607425624307
6329,0.35231208713626616,8.240617064808452,7.8883049776721865
6330,0.48326462016281796,8.191034005926147,7.707769385763329
6331,0.5817463494922778,8.308023401192166,7.726277051699888
6332,0.2884492996054855,8.084092687003844,7.795643387398359
6333,0.394520870924608,8.284145467362201,7.889624596437593
6334,0.4202722518361089,8.1649612806057,7.744689028769591
6335,0.28974038429621407,8.228746431000827,7.939006046704613
6336,0.5396376345509534,8.226144921097234,7.686507286546281
6337,0.4185636240496043,8.202492788130478,7.783929164080873
6338,0.35756644400812837,8.253519822369466,7.895953378361337
6339,0.33038754515078717,8.264587576478153,7.934200031327366
6340,0.2556232442426086,8.15203912478504,7.896415880542431
6341,0.5832596097218228,8.027938367491119,7.444678757769296
6342,0.3938060186418142,8.112037435871562,7.718231417229748
6343,0.4664143686449796,8.213651405735233,7.747237037090253
6344,0.3458240234339429,8.173113839500733,7.82728981606679
6345,0.2711709389883717,8.167586998162255,7.896416059173883
6346,0.5038074253350727,8.313824399641247,7.810016974306174
6347,0.19348226555931436,7.988652874584313,7.795170609024998
6348,0.43544067233031386,8.33195334581662,7.896512673486306
6349,0.4575725680669223,8.207691628273242,7.75011906020632
6350,0.4508816168733126,8.253996619402107,7.803115002528795
6351,0.3520303228141835,8.180434208826505,7.828403886012321
6352,0.43026015083365804,8.314913756024541,7.884653605190883
6353,0.4355328664053205,8.16628999450997,7.73075712810465
6354,0.4161222972812251,8.11422255155116,7.698100254269935
6355,0.41606641293011815,8.19432766533487,7.778261252404751
6356,0.6006583463557115,8.312755251361994,7.712096905006282
6357,0.3287204489393477,8.076509431479366,7.747788982540018
6358,0.39788501888186195,8.176501576290207,7.778616557408345
6359,0.43096032949494323,8.17468127371593,7.7437209442209864
6360,0.3451878577498727,8.228936274344715,7.883748416594842
6361,0.44620761629439193,8.225818543322038,7.779610927027647
6362,0.30103399838757666,8.146851121716583,7.845817123329007
6363,0.4801856887614209,8.21188304630658,7.731697357545159
6364,0.3339110177530587,8.05580781896925,7.72189680121619
6365,0.40353680932623137,8.118955646298119,7.715418836971887
6366,0.4464849342940502,8.221651380091274,7.775166445797224
6367,0.3867107237193472,8.252661609887408,7.8659508861680605
6368,0.17139443213663685,8.10662085935774,7.935226427221103
6369,0.27077526653047157,8.235172166339977,7.964396899809505
6370,0.22161682717365452,8.11560787002512,7.893991042851464
6371,0.3302751165159317,8.07735737596293,7.747082259446998
6372,0.3037958598226307,8.143731587858985,7.839935728036354
6373,0.44886972360194993,8.396116641625145,7.947246918023195
6374,0.32155622223259234,8.35029515074557,8.028738928512977
6375,0.16899568166306905,8.100202957780398,7.93120727611733
6376,0.46615367275522834,8.222862286401256,7.756708613646027
6377,0.429948992939508,8.068034254539313,7.638085261599805
6378,0.530834233251964,8.313852925951323,7.783018692699359
6379,0.31467612177467763,8.130178009491104,7.815501887716426
6380,0.4230781452306033,8.25975584847892,7.836677703248316
6381,0.40238500409372413,8.320999946843306,7.918614942749582
6382,0.3419400846568717,8.19161929787635,7.849679213219479
6383,0.32419698779522826,8.192440719544495,7.868243731749266
6384,0.37170877432054417,8.2397828928233,7.868074118502755
6385,0.15144748659201449,8.258484637210037,8.107037150618023
6386,0.5731138376372392,8.235541166879546,7.662427329242307
6387,0.34432488270399253,7.991469078668043,7.64714419596405
6388,0.34160166890581745,8.330337429809124,7.988735760903306
6389,0.5012304285964005,8.151802638934436,7.650572210338035
6390,0.516910553960304,8.156686936881052,7.639776382920747
6391,0.4601808859718177,8.196043056507541,7.735862170535723
6392,0.6141313449369349,8.284604164016216,7.670472819079281
6393,0.23719798001833836,8.098198553084638,7.861000573066299
6394,0.41730258017548755,8.18039028658083,7.763087706405342
6395,0.4437042222482224,8.126717623054777,7.683013400806554
6396,0.4127201023463407,8.131078402898225,7.718358300551885
6397,0.3300841013340852,7.999513884313692,7.6694297829796065
6398,0.43071119458209606,8.097034887375504,7.666323692793408
6399,0.47713212785691206,8.149290590306645,7.672158462449733
6400,0.4791081074101598,8.228657990274224,7.749549882864064
6401,0.594108954099534,8.021262759166113,7.427153805066579
6402,0.42009878933372014,8.246297425232218,7.826198635898497
6403,0.40700327958932436,8.352868496868467,7.945865217279143
6404,0.5469941313338211,8.248905593946027,7.701911462612206
6405,0.37597499966026804,8.086438580609418,7.71046358094915
6406,0.45599372827268764,8.084849294637838,7.62885556636515
6407,0.45054204301376477,8.096775860937237,7.646233817923473
6408,0.16413480809978317,8.098798167882851,7.934663359783068
6409,0.22303770340291953,8.335997910002739,8.11296020659982
6410,0.3870851949132593,8.23601305990507,7.8489278649918095
6411,0.42809197553848377,8.136734889184066,7.708642913645582
6412,0.4218922332465715,8.375355296349989,7.953463063103418
6413,0.4524328431175376,8.091011811763758,7.638578968646221
6414,0.24384670700372266,8.250995430453642,8.00714872344992
6415,0.42835139520404525,8.096888398376642,7.668537003172596
6416,0.4439408027681152,8.084679073383104,7.640738270614988
6417,0.4481069423166754,8.212046537369988,7.763939595053312
6418,0.2841558106823601,8.0678186456616,7.783662834979239
6419,0.27983995345271784,8.248426972603427,7.96858701915071
6420,0.6000936349770066,8.284068576361552,7.6839749413845455
6421,0.45670969138293527,8.22230067781308,7.765590986430144
6422,0.4784728857284428,8.34596937334571,7.8674964876172675
6423,0.38223566614674115,8.221259001893364,7.839023335746623
6424,0.31677959288687035,8.206917803229546,7.890138210342675
6425,0.5291654594622255,8.322535672396956,7.793370212934731
6426,0.3429539255883499,8.223811352214305,7.880857426625956
6427,0.45079443140233877,8.12656240566957,7.675767974267232
6428,0.31289302838166533,7.984011568176207,7.671118539794541
6429,0.28002512745182584,8.127402045930069,7.8473769184782425
6430,0.3950942524194123,8.203485750659489,7.808391498240077
6431,0.3358206756349179,8.050856463731115,7.7150357880961975
6432,0.5080796103975227,8.312663437442865,7.804583827045342
6433,0.40413933810439995,8.226506932320016,7.822367594215615
6434,0.44298444988312596,8.236181969285159,7.793197519402033
6435,0.6319132310677115,8.188956977747262,7.55704374667955
6436,0.4200450531794255,8.131205136951497,7.7111600837720715
6437,0.41410581980817335,8.314675337676576,7.900569517868402
6438,0.3940756440446391,8.223196540265631,7.829120896220992
6439,0.41915506433420924,8.281308224445079,7.86215316011087
6440,0.253328367685566,8.40235647106942,8.149028103383854
6441,0.481352007723132,8.098044354761415,7.616692347038283
6442,0.4273775551148296,8.316241656848005,7.8888641017331755
6443,0.4712119809766697,8.270666426796915,7.799454445820245
6444,0.2880784232555861,8.374203829382406,8.08612540612682
6445,0.5740710074329494,8.33544370314816,7.7613726957152105
6446,0.45682052361442127,8.264590598311049,7.807770074696627
6447,0.5159592825767555,8.089462280278966,7.57350299770221
6448,0.3589558297491745,8.270848281367474,7.9118924516183
6449,0.23428455122189537,8.061963486295584,7.827678935073688
6450,0.5235222275675189,8.324681470983904,7.801159243416386
6451,0.3400080040469464,8.132028760398606,7.7920207563516595
6452,0.5023640958751359,8.13957441508164,7.637210319206504
6453,0.6095837371794012,8.22604255641782,7.616458819238419
6454,0.3554440421808913,8.117800027309194,7.762355985128303
6455,0.5687381972665682,8.240858268963898,7.6721200716973295
6456,0.2751257360850655,8.152373672465117,7.877247936380051
6457,0.2331140658318729,8.228604927967588,7.995490862135715
6458,0.6510791627795132,8.297018801527198,7.645939638747684
6459,0.6452347116627476,8.368226060037165,7.722991348374417
6460,0.5402475527452734,8.132647803804542,7.592400251059268
6461,0.43313378184147744,8.262871017487507,7.8297372356460295
6462,0.15171370649351293,8.254864450721959,8.103150744228445
6463,0.3976222926653224,8.2681986579223,7.870576365256977
6464,0.27052901319745465,8.196753055414714,7.926224042217259
6465,0.36298428952389544,8.206090479136034,7.843106189612138
6466,0.43231630411246125,8.283428783206515,7.851112479094054
6467,0.41022861554524626,8.190870323306386,7.7806417077611405
6468,0.30842909293332954,8.152952378503562,7.844523285570232
6469,0.4841013477428866,8.347506628116438,7.863405280373551
6470,0.2915901902241793,8.186507192984111,7.894917002759932
6471,0.25466554469823927,8.269043144389816,8.014377599691576
6472,0.3918760281304404,8.10418887859133,7.71231285046089
6473,0.42733956846394555,8.065767759302293,7.638428190838348
6474,0.3718121062587512,8.187218609869989,7.8154065036112375
6475,0.6273310952708341,8.185730979876947,7.558399884606113
6476,0.49508184844819114,8.164416752556619,7.669334904108428
6477,0.27259501712351697,8.102969058596678,7.830374041473161
6478,0.5050626926975782,8.101940876100775,7.596878183403197
6479,0.26082125126525324,8.091956627878858,7.831135376613605
6480,0.3291715238212529,8.155863663577644,7.826692139756392
6481,0.2957925168309414,7.990349170641342,7.694556653810401
6482,0.41217878238325023,8.324846673187322,7.912667890804071
6483,0.5059596013261455,8.269854998810764,7.763895397484619
6484,0.32847739669501125,8.148971131757541,7.82049373506253
6485,0.33802275161694956,8.198459522316092,7.860436770699143
6486,0.45515928853819204,8.247646191836763,7.792486903298571
6487,0.22446225349995252,8.175026726506594,7.950564473006642
6488,0.42952450447503693,8.372459655787571,7.942935151312534
6489,0.5569190994427083,8.38200055049337,7.825081451050662
6490,0.4009515798240578,8.022541173334565,7.621589593510507
6491,0.44615767623977637,8.244232876502409,7.798075200262632
6492,0.6064154655439706,8.290551318136554,7.684135852592584
6493,0.5019340998200215,8.191227903991564,7.689293804171543
6494,0.3245856684360934,8.11051650394875,7.785930835512657
6495,0.3209419018548269,7.966252529476856,7.645310627622029
6496,0.36308236159113183,8.06395065801998,7.700868296428848
6497,0.3334737836840256,8.09792779210569,7.764454008421664
6498,0.4803440497966684,8.276246328295525,7.795902278498856
6499,0.3584975375872852,8.207208830621786,7.848711293034501
6500,0.392748601769968,8.12208498129787,7.729336379527902
6501,0.3453577274169434,8.085959508438131,7.740601781021188
6502,0.5381641602948868,8.19841958075786,7.660255420462974
6503,0.23741003878171035,8.34201731234117,8.10460727355946
6504,0.2796043569986529,8.205288102201695,7.925683745203043
6505,0.4516607917861247,8.26248720416548,7.810826412379354
6506,0.5654236361857528,8.242595135947525,7.677171499761772
6507,0.4241729338141475,8.08679550308505,7.662622569270902
6508,0.39623276449545125,8.195804188583656,7.799571424088205
6509,0.5461641746274379,8.312754611230895,7.766590436603457
6510,0.3549853619798833,8.13350982567171,7.778524463691827
6511,0.3544995352791657,8.051716435213883,7.697216899934718
6512,0.16177027091624135,8.155090584909065,7.9933203139928235
6513,0.36745373736608095,8.178608796099418,7.811155058733337
6514,0.1822494195044222,8.044270268544462,7.86202084904004
6515,0.2753690773725994,8.201858405278575,7.926489327905975
6516,0.33313937316913195,8.157782000123229,7.8246426269540965
6517,0.40488763752698004,8.166881886877896,7.7619942493509155
6518,0.564093404982909,8.269448717754576,7.705355312771667
6519,0.44846785782458903,8.146379487875288,7.697911630050699
6520,0.5281989384660666,8.274601658996783,7.746402720530717
6521,0.37608836529239764,8.15219522170722,7.776106856414823
6522,0.4419335152989779,8.159182257063787,7.717248741764808
6523,0.47753149510329507,8.096118193951112,7.618586698847817
6524,0.4273877136102118,8.097127143828159,7.6697394302179465
6525,0.4991921767890468,8.23345197794644,7.734259801157394
6526,0.4899275538051712,8.20614296395238,7.71621541014721
6527,0.30079775011676224,8.188231850936617,7.8874341008198545
6528,0.5119456130918573,8.138145295158834,7.626199682066977
6529,0.43784496527102257,8.213345796234687,7.775500830963665
6530,0.3066960027622509,8.322505521109626,8.015809518347375
6531,0.27326313323932166,7.984521569134038,7.711258435894716
6532,0.3564605418100372,8.090716733241868,7.734256191431831
6533,0.41015430003660597,8.126506994823895,7.71635269478729
6534,0.08286000012789392,7.987724558379929,7.904864558252035
6535,0.6364272050304757,8.162697249654096,7.526270044623621
6536,0.24138419595682628,8.289725196755494,8.048341000798668
6537,0.32113832223970873,8.088894924097476,7.767756601857767
6538,0.554818756902547,8.432321773365514,7.877503016462967
6539,0.34660386182853214,8.364374874880593,8.01777101305206
6540,0.5732522336734871,8.315637239310561,7.742385005637074
6541,0.5405379641976074,8.378247627899967,7.837709663702359
6542,0.4293076168578448,8.170766424731225,7.74145880787338
6543,0.5407237667814512,8.272635313059412,7.731911546277961
6544,0.11357218837128925,8.232199551225905,8.118627362854616
6545,0.39668719377974004,8.264310958745403,7.867623764965663
6546,0.4415108217978021,8.172210230362072,7.73069940856427
6547,0.5022010070585123,8.110878732013425,7.608677724954913
6548,0.3090008147649216,8.26058641182084,7.951585597055919
6549,0.47695173012295455,8.149636072035745,7.672684341912791
6550,0.5499564068339633,8.236659189456399,7.686702782622435
6551,0.5995157629311716,8.24302373084649,7.643507967915318
6552,0.5472132977996178,8.283383843948695,7.736170546149077
6553,0.5120937895866766,8.106481034253427,7.59438724466675
6554,0.37982020306716885,8.180123651837697,7.800303448770528
6555,0.6100058378158022,8.315424334261124,7.705418496445322
6556,0.28425048997102276,8.073527472770683,7.78927698279966
6557,0.266109343464503,8.177031297946991,7.910921954482488
6558,0.4504135565849871,8.305204364385167,7.85479080780018
6559,0.3593135184248083,8.085477837904936,7.7261643194801275
6560,0.3590558729841024,8.051049175879609,7.691993302895506
6561,0.2983517544615557,8.110361180438321,7.812009425976766
6562,0.41745054236268836,8.256518986777913,7.839068444415224
6563,0.4331492571353992,8.15904694198111,7.725897684845711
6564,0.446417833303524,8.346787083542429,7.900369250238905
6565,0.43989327816820706,8.259411107024993,7.819517828856786
6566,0.32776119843842083,8.309631678482312,7.981870480043891
6567,0.37667811191034234,8.225942232100255,7.849264120189913
6568,0.5674951731519289,8.194331811336584,7.626836638184654
6569,0.3281121723245067,8.107101284039889,7.778989111715382
6570,0.39357475990737567,8.266735969252895,7.87316120934552
6571,0.43775523528105653,8.219410855400849,7.781655620119793
6572,0.6589330201152345,8.208394123603453,7.549461103488219
6573,0.5210072654343633,8.230892795770957,7.709885530336594
6574,0.32042149858228397,8.091622399586118,7.771200901003834
6575,0.3347370660986259,8.296598689440494,7.961861623341868
6576,0.45034387258367525,8.242755441808146,7.7924115692244715
6577,0.372089163853754,8.116494697486617,7.744405533632863
6578,0.40639220191786973,8.318834248249793,7.912442046331924
6579,0.555626968714272,8.206597297105354,7.650970328391082
6580,0.3643794730906963,8.125929382891265,7.761549909800569
6581,0.36998942642629973,8.115928210599357,7.745938784173057
6582,0.1778893724371452,8.14703272502252,7.969143352585374
6583,0.44889337799736745,8.254510929216844,7.805617551219476
6584,0.3965413293702117,8.088659244702264,7.692117915332052
6585,0.26425729922898067,8.373163178527149,8.108905879298169
6586,0.46818059435193216,8.131284541149919,7.663103946797986
6587,0.283751224923255,8.228021651747426,7.944270426824171
6588,0.3177695504971408,8.08559307310038,7.76782352260324
6589,0.46273390991972413,8.208407441740004,7.745673531820279
6590,0.5505453158811848,8.254080967858858,7.703535651977673
6591,0.5052899625549199,8.276088337312537,7.770798374757617
6592,0.38318858012625223,8.124761595344104,7.741573015217852
6593,0.19654401344566655,8.349993921241282,8.153449907795615
6594,0.3129274610574514,8.295162339112814,7.982234878055363
6595,0.32563763212093233,8.163023918279315,7.837386286158383
6596,0.2591815379921641,8.258648157439094,7.999466619446929
6597,0.4048881230535502,8.364344052916145,7.959455929862595
6598,0.43435551602229155,8.197069166824676,7.762713650802384
6599,0.5445369015410345,8.121959811081807,7.577422909540772
6600,0.36786762886905144,8.135957577970272,7.7680899491012205
6601,0.5200190354200465,8.215415234045354,7.695396198625307
6602,0.39063074029068673,8.23486649065404,7.844235750363354
6603,0.47544886664227015,8.261354267292264,7.785905400649994
6604,0.37286208610712346,8.080931717976267,7.708069631869143
6605,0.3290733301920904,8.180773332085268,7.851700001893177
6606,0.2526341646196434,8.081004671217437,7.8283705065977935
6607,0.5113148654062577,8.172226279671115,7.6609114142648576
6608,0.3101603130139423,8.272839726110744,7.962679413096802
6609,0.5770039426814422,8.188514212240035,7.611510269558593
6610,0.4044696195436054,8.03226209155176,7.627792472008154
6611,0.5009960818756656,8.257947998198137,7.756951916322471
6612,0.5870295407569247,8.177176762458835,7.59014722170191
6613,0.40392554385008045,8.172333084913738,7.768407541063658
6614,0.41662516020743534,8.293031932340696,7.876406772133261
6615,0.47481940377444687,8.198931947500773,7.724112543726326
6616,0.4126701523248931,8.350837030170993,7.9381668778461
6617,0.11371104836762708,8.062569206640205,7.948858158272579
6618,0.23716595814225447,8.163794770537265,7.926628812395011
6619,0.38763280941878575,8.28931896162582,7.901686152207034
6620,0.31042942443600813,8.13120580562968,7.820776381193672
6621,0.49938414738078324,8.278528502818608,7.779144355437825
6622,0.46271567270513564,8.237885223983568,7.775169551278433
6623,0.2648595307319075,8.229993328479322,7.965133797747415
6624,0.44126034158046745,8.276781034504571,7.835520692924104
6625,0.28873804534683795,8.156065277762552,7.867327232415715
6626,0.35466708535260255,8.185607955237371,7.830940869884769
6627,0.324657091050773,8.155913668801059,7.831256577750286
6628,0.4013420237402839,8.182683583671581,7.781341559931297
6629,0.37416713602586277,8.121572769144484,7.747405633118621
6630,0.19419214063139947,8.139722641724514,7.945530501093115
6631,0.3407179208081304,8.09472024625349,7.7540023254453585
6632,0.27352036834399146,8.171502458476256,7.897982090132265
6633,0.3305075832957021,8.118214309926781,7.787706726631079
6634,0.28646977354824743,8.063637292630158,7.777167519081911
6635,0.41384061314098547,8.238255539400717,7.824414926259731
6636,0.43135897837780385,8.164298097312486,7.732939118934682
6637,0.315959342619286,8.106390026029121,7.790430683409835
6638,0.3946218982786159,8.314649479291536,7.92002758101292
6639,0.26898282351629516,8.136991868212004,7.868009044695708
6640,0.6259168222462226,8.24248310964754,7.6165662874013185
6641,0.4483599385383659,8.306357642113786,7.85799770357542
6642,0.10554319879374584,8.087299486527558,7.981756287733812
6643,0.3549956579810775,8.210156226922312,7.855160568941234
6644,0.28652920988074104,8.298966849464776,8.012437639584036
6645,0.34653066552092016,8.123831642568454,7.777300977047535
6646,0.31286377664668363,8.289334467497637,7.976470690850953
6647,0.35170763992291904,8.254510633106428,7.902802993183508
6648,0.4509927312431662,8.262484661953378,7.811491930710212
6649,0.44146348592978385,8.231309857268133,7.789846371338349
6650,0.5567444580315977,8.243030095895648,7.68628563786405
6651,0.20085113901643686,8.241643854436042,8.040792715419604
6652,0.43902185934335136,8.20596649621153,7.766944636868179
6653,0.44418370872366514,8.221316741762527,7.7771330330388615
6654,0.6325815133627929,8.172639706635643,7.540058193272849
6655,0.3448243141355873,8.14085116137611,7.796026847240523
6656,0.32194187200673297,8.227634299954405,7.905692427947671
6657,0.3799222401025471,8.050678033199882,7.670755793097334
6658,0.2681406024633939,8.303143144576175,8.035002542112782
6659,0.42235942562192635,8.224917042349498,7.802557616727571
6660,0.6146107534450251,8.242628313357779,7.628017559912753
6661,0.5382122027368895,8.223382305447373,7.685170102710484
6662,0.35906744742810004,8.126248289240033,7.767180841811933
6663,0.38493098601060816,8.370137001966635,7.9852060159560265
6664,0.5267048274391093,8.103489819097309,7.576784991658199
6665,0.38425088239038824,8.242009732115003,7.857758849724615
6666,0.34681467287100126,8.156655237242338,7.809840564371338
6667,0.1262454403961591,8.187764810300342,8.061519369904182
6668,0.4620297873185345,8.10089440152073,7.638864614202196
6669,0.5642081794481784,8.155920416070543,7.5917122366223655
6670,0.5280869599376831,8.169461700380667,7.641374740442984
6671,0.5489431935920482,8.290023121961116,7.741079928369068
6672,0.5341864786307814,8.247807458757444,7.713620980126663
6673,0.4882225758752018,8.270323060563147,7.782100484687945
6674,0.39633683603522607,8.318647848477552,7.922311012442326
6675,0.27337021370011877,8.199934528595023,7.926564314894904
6676,0.4472487621492256,8.287836579443391,7.840587817294166
6677,0.29551457744110754,8.28085540361698,7.985340826175873
6678,0.35352874857246974,8.197345322705464,7.843816574132995
6679,0.42578951222311134,8.156937389582723,7.731147877359612
6680,0.33092144550090297,8.085593135286976,7.754671689786073
6681,0.47357590809387345,8.211383567709916,7.737807659616043
6682,0.25832946598738205,8.206868789937172,7.94853932394979
6683,0.4286289149077504,8.12285538322521,7.694226468317459
6684,0.11964090587713595,8.188324303891491,8.068683398014356
6685,0.5442280155599523,8.119337899976253,7.575109884416301
6686,0.5042085726271494,8.26504887001485,7.7608402973877
6687,0.4842997852516113,8.138169769324042,7.653869984072431
6688,0.2769050315239315,8.10931832850382,7.8324132969798885
6689,0.5412516542089327,8.207129240138034,7.665877585929101
6690,0.4423669635467706,8.179008308562043,7.736641345015273
6691,0.41843268139675355,8.236991440153975,7.818558758757222
6692,0.3053254821141414,8.196313664953571,7.89098818283943
6693,0.39266461676997133,8.27536637717773,7.88270176040776
6694,0.24953645739151795,8.219014728214754,7.969478270823236
6695,0.3879172781933197,8.162561972571035,7.774644694377716
6696,0.4695916897300492,8.262377132143161,7.792785442413112
6697,0.4793391285509426,8.204588154138367,7.725249025587424
6698,0.4253115028012698,8.404139865995662,7.978828363194392
6699,0.56465586166854,8.269766717663375,7.7051108559948345
6700,0.2626552386098154,8.276330237144819,8.013674998535004
6701,0.2146252813975348,8.050497281232742,7.8358719998352075
6702,0.3433163223427998,8.214857988411895,7.871541666069095
6703,0.434939399717991,8.284030727063499,7.849091327345508
6704,0.3979080940508494,8.135421297753844,7.737513203702995
6705,0.3585335007329823,8.157429838602864,7.7988963378698815
6706,0.5806002358890825,8.181871984211273,7.6012717483221905
6707,0.23088865966835992,8.169768930496797,7.938880270828437
6708,0.40682430072034736,8.243760896647661,7.836936595927313
6709,0.5017895097724379,8.272374966273055,7.770585456500617
6710,0.3825978637830277,8.180885968167749,7.798288104384721
6711,0.4473070454801063,8.175213755721824,7.727906710241718
6712,0.5215487291877134,8.397138621463204,7.8755898922754906
6713,0.3172767913561214,8.138764335317093,7.821487543960972
6714,0.4329746314881856,8.192262212746956,7.75928758125877
6715,0.5410656010970498,8.311302072479023,7.770236471381973
6716,0.32725787557081776,8.101346866914461,7.7740889913436435
6717,0.382074063518768,8.067287045427587,7.685212981908819
6718,0.39177351565867724,8.278908652369658,7.887135136710981
6719,0.34571517319608,8.218505392810037,7.872790219613957
6720,0.3757420016265627,8.149960533026945,7.774218531400383
6721,0.35586314919538464,8.24398149433391,7.888118345138526
6722,0.5471491159492365,8.36355397419515,7.816404858245914
6723,0.48222699731092183,8.206972553026338,7.724745555715416
6724,0.39855559895695547,8.184972386199563,7.786416787242608
6725,0.5055060475311316,8.270640006808353,7.765133959277222
6726,0.4839076447249207,8.337054082622924,7.853146437898003
6727,0.21178536412744253,8.059983184974788,7.8481978208473455
6728,0.442182899641826,8.211603143740902,7.769420244099076
6729,0.3350211275183682,8.187765301613322,7.852744174094953
6730,0.45155877332754907,8.33924686930679,7.88768809597924
6731,0.43658373454506216,8.264621121781477,7.8280373872364155
6732,0.34967635334746683,8.212642240177752,7.862965886830286
6733,0.3991756740217949,8.25742725918496,7.858251585163165
6734,0.21777019015628654,8.15002731883987,7.932257128683583
6735,0.525427979774307,8.187200896097552,7.661772916323246
6736,0.538277576789505,8.216042863009795,7.67776528622029
6737,0.42578121470786917,8.233625369714034,7.807844155006165
6738,0.38878233860757694,8.286789303016795,7.898006964409218
6739,0.40625052182152777,8.218691902418207,7.812441380596679
6740,0.4371105615242862,8.23960531714403,7.802494755619743
6741,0.18672251192918746,8.054483202030065,7.867760690100877
6742,0.5526547046259194,8.112820609617911,7.560165904991992
6743,0.5237910752452809,8.218282875788596,7.6944918005433145
6744,0.2174631293105474,8.298253209741263,8.080790080430717
6745,0.4981057195173018,8.217115955438162,7.7190102359208606
6746,0.5696154831007867,8.267833751264904,7.698218268164117
6747,0.34147815646011337,8.078338514956164,7.73686035849605
6748,0.5963729053734264,8.047705373279701,7.4513324679062745
6749,0.3053749010056557,8.197643247739986,7.892268346734331
6750,0.29155022986675827,8.206561129350767,7.915010899484009
6751,0.47852507047040993,8.134948578738197,7.656423508267786
6752,0.37393082618437956,8.108900813283926,7.7349699870995465
6753,0.4879989452221886,7.9977984792663745,7.509799534044186
6754,0.5999507598472483,8.146575981702126,7.546625221854878
6755,0.451102348740605,8.112593451659999,7.661491102919394
6756,0.45877572583409665,8.268070525940567,7.80929480010647
6757,0.3309304622638102,8.20814853565164,7.87721807338783
6758,0.2237509935555681,8.241262307587057,8.01751131403149
6759,0.5116357640665766,8.382997050606061,7.871361286539485
6760,0.5356871257512428,8.189670316189488,7.653983190438246
6761,0.4505094135841026,8.325065860486298,7.874556446902195
6762,0.5327482912669728,8.232991087254145,7.700242795987172
6763,0.4055833099772792,8.218750666738991,7.813167356761712
6764,0.2738579715314866,8.259880982729923,7.986023011198436
6765,0.5156774423765488,8.153444388561738,7.637766946185189
6766,0.3243767670179959,8.345189208499644,8.020812441481647
6767,0.26206725244495127,8.204321720748045,7.942254468303093
6768,0.4942916441114326,8.262705534772243,7.768413890660811
6769,0.3946282075649915,8.108471641313987,7.713843433748995
6770,0.4849527401199025,8.305468816774916,7.820516076655013
6771,0.44346033446441596,8.238337910595234,7.794877576130818
6772,0.45528972712703764,8.083086398086053,7.6277966709590155
6773,0.3814271467639162,8.219382166198551,7.837955019434635
6774,0.2317381031851501,8.078699471955877,7.846961368770727
6775,0.4315504442530525,8.395979754233927,7.964429309980875
6776,0.3619760384910041,7.9384978057080335,7.576521767217029
6777,0.4270809865178403,8.139719831790634,7.712638845272794
6778,0.3788794516867977,8.15508245005748,7.776202998370682
6779,0.32353452309420105,8.212692178127243,7.889157655033042
6780,0.4709037419773591,8.09178222707049,7.620878485093131
6781,0.2937597434352925,8.253178927398034,7.9594191839627415
6782,0.5643228821539993,8.193517859327557,7.629194977173557
6783,0.32855446845957503,8.218570844321883,7.8900163758623085
6784,0.43040572730377513,8.143771470857478,7.7133657435537035
6785,0.2854737103009366,8.153247433708453,7.867773723407516
6786,0.5150640824300439,8.19100079894849,7.6759367165184464
6787,0.408438140767004,8.224820118275826,7.816381977508822
6788,0.4032564740367918,8.376862858484696,7.973606384447904
6789,0.2563165557894066,8.283463690683197,8.02714713489379
6790,0.517225093112629,8.449704859710835,7.932479766598206
6791,0.42730847140655953,8.2035961342392,7.776287662832641
6792,0.3776012550863897,8.27972420005383,7.90212294496744
6793,0.5355270411232411,8.206168277499529,7.670641236376288
6794,0.4411378701594149,8.113600286373162,7.6724624162137465
6795,0.458325356382217,8.1573034752002,7.698978118817982
6796,0.5674438869118305,8.335082921660664,7.767639034748834
6797,0.31768143147152833,8.22668694451911,7.909005513047583
6798,0.2899016945650688,8.080210750184374,7.790309055619305
6799,0.5963086918615591,8.224214414012375,7.627905722150816
6800,0.30531242899819383,8.232958669351058,7.927646240352864
6801,0.42805936641359454,8.141588230320274,7.713528863906679
6802,0.388899509633678,8.216279093080145,7.827379583446467
6803,0.28718444008603666,8.252637877737275,7.965453437651238
6804,0.6003975263496196,8.296131070033306,7.695733543683686
6805,0.39219200804663534,8.116943308272257,7.724751300225622
6806,0.24434263405470438,8.071357803494573,7.827015169439869
6807,0.31227482564482506,8.211615235997733,7.899340410352909
6808,0.38332928668397953,8.174148406433462,7.790819119749482
6809,0.4053416530407973,8.137869970924692,7.732528317883895
6810,0.4092682980854148,8.235400113039356,7.826131814953941
6811,0.48276837897408015,8.3030807615147,7.82031238254062
6812,0.4488151686781372,8.133181079583988,7.684365910905851
6813,0.36604623274965986,8.212532457851575,7.8464862251019145
6814,0.3132876222599352,8.14420415054159,7.830916528281655
6815,0.3338198909076857,8.154917989843415,7.82109809893573
6816,0.4008042630878402,8.131185103500313,7.730380840412472
6817,0.21762471845489478,8.172233433035325,7.954608714580431
6818,0.2256889025955785,8.084377329821802,7.858688427226223
6819,0.3221493882142522,8.088188691455693,7.766039303241441
6820,0.33115945618014997,8.196489229351164,7.8653297731710134
6821,0.470796175149109,8.088935491686021,7.618139316536912
6822,0.2714043118603245,8.19139761520468,7.919993303344356
6823,0.44915119373216794,8.282407107457937,7.833255913725769
6824,0.436427399663087,8.275569725175963,7.839142325512876
6825,0.4262745459567355,8.226821564159879,7.800547018203144
6826,0.46271370039700555,8.063424201847585,7.60071050145058
6827,0.6479532587313607,8.205666325008629,7.557713066277268
6828,0.43095508838363633,8.187952654313033,7.756997565929397
6829,0.6163009598954383,8.174958896660211,7.558657936764773
6830,0.46993995072683675,8.119146887174637,7.6492069364478
6831,0.30458291169725615,8.21888222826806,7.914299316570803
6832,0.1822704326819626,8.15349360545299,7.971223172771028
6833,0.4391892355288439,8.11236693918918,7.673177703660335
6834,0.18523112233751152,8.186970940899485,8.001739818561974
6835,0.3703513235920339,8.302008275670966,7.931656952078932
6836,0.3423932934370892,8.065500650815006,7.723107357377916
6837,0.4492586436091598,8.219308846517569,7.770050202908409
6838,0.21785351146461893,8.080566040537068,7.862712529072449
6839,0.44200280099110884,8.144306431799496,7.702303630808387
6840,0.3473723945990944,8.085166016735212,7.737793622136117
6841,0.454300013345894,8.259165894280022,7.804865880934128
6842,0.5209303275350787,8.142571467385721,7.6216411398506425
6843,0.6025974087192892,8.284172675243838,7.681575266524549
6844,0.450238177444359,8.194011110392184,7.743772932947825
6845,0.34907319540813553,8.1476863711018,7.7986131756936645
6846,0.38421470922971257,8.207435535516446,7.823220826286733
6847,0.39460994668745,8.221969480240853,7.827359533553403
6848,0.5312902370735505,8.179079413264889,7.647789176191338
6849,0.3470104566493369,8.223644486973585,7.876634030324248
6850,0.49593401976589385,8.363967063125376,7.868033043359482
6851,0.27439441682536875,8.177268910653297,7.902874493827928
6852,0.514434535477976,8.161339804331568,7.646905268853592
6853,0.49715119710496,8.212246994882022,7.715095797777063
6854,0.26930601593722686,8.261265472864457,7.99195945692723
6855,0.6352032780486383,8.228554214458617,7.593350936409979
6856,0.14659294459528574,8.242429097650078,8.095836153054792
6857,0.20682684706958832,8.23135764812887,8.024530801059282
6858,0.2687777314039049,8.006778046227426,7.7380003148235215
6859,0.4106983313999219,8.173826154427367,7.763127823027445
6860,0.33022592478551904,8.185345939465781,7.855120014680263
6861,0.46171824348739676,8.275529148499007,7.813810905011611
6862,0.46344243647181427,8.266347553299461,7.802905116827647
6863,0.5586773126604427,8.094458668765316,7.535781356104874
6864,0.4313245168870183,8.057350788372272,7.626026271485253
6865,0.41595829932280354,8.21241579426155,7.796457494938747
6866,0.22032468524319612,8.024424418803456,7.8040997335602595
6867,0.4598571314919173,8.267309236221713,7.807452104729796
6868,0.5546930126532978,8.407496517363063,7.852803504709765
6869,0.2947674753440538,8.2166405477021,7.921873072358046
6870,0.3121581745273779,8.20085979790748,7.888701623380102
6871,0.35303138589813954,8.353395838062607,8.000364452164467
6872,0.5530724812716978,8.275121230274184,7.722048749002486
6873,0.28314950587180243,8.13823185531371,7.855082349441909
6874,0.5660650241753213,8.138339002705772,7.5722739785304505
6875,0.49663474000402325,8.192613535304622,7.695978795300598
6876,0.3409878500576112,8.105771102189003,7.764783252131392
6877,0.5149907540064882,8.330735887956731,7.815745133950243
6878,0.5169904596417549,8.313773816359504,7.796783356717749
6879,0.45296011721898954,8.059730694679125,7.606770577460136
6880,0.5450847943723318,8.243612885333219,7.698528090960887
6881,0.40631681075365766,8.155369601125184,7.749052790371526
6882,0.3774541546302244,8.129709083250473,7.752254928620249
6883,0.42301066138955,8.254509748071278,7.8314990866817284
6884,0.49648478943755975,8.187577933646745,7.691093144209185
6885,0.40897406849299933,8.207710454255487,7.798736385762488
6886,0.3308138105817624,8.115707079795339,7.784893269213576
6887,0.2530470592954103,8.145914237654761,7.892867178359351
6888,0.47689189606550414,8.123805335617712,7.6469134395522085
6889,0.43584174314731533,8.223983905738454,7.7881421625911385
6890,0.48035472717291294,8.204882063744316,7.724527336571403
6891,0.5437029385641194,8.263587820922647,7.719884882358527
6892,0.46459127973952613,8.419820407578193,7.955229127838667
6893,0.5130517986313629,8.22656246414364,7.713510665512278
6894,0.3492401368282713,8.110004150751731,7.76076401392346
6895,0.3634700027366591,8.245034856791333,7.881564854054674
6896,0.448697223323284,8.238357907146604,7.789660683823319
6897,0.3711233702706918,8.07129149435825,7.700168124087559
6898,0.4708812921407651,8.227572356314399,7.7566910641736335
6899,0.4115559498577347,8.307916209041078,7.896360259183344
6900,0.4534353348813267,8.127292127228422,7.673856792347095
6901,0.45846232119284963,8.059769711344304,7.601307390151454
6902,0.4388449878386359,8.161616854968432,7.722771867129796
6903,0.4443608479694756,8.10146044096936,7.657099592999884
6904,0.7726197987446052,8.19973523345319,7.427115434708584
6905,0.6055344783935509,8.182421185165447,7.576886706771896
6906,0.37554814196104114,7.9999001626504045,7.624352020689363
6907,0.2621079708587054,8.336915156220403,8.074807185361697
6908,0.42687250049303116,8.25484325198288,7.827970751489849
6909,0.6652741904913223,8.290333387992666,7.6250591975013435
6910,0.28333521497589537,8.234517556969164,7.9511823419932695
6911,0.4527520603293225,8.224576528790665,7.771824468461343
6912,0.3959798623615529,8.255384173329615,7.859404310968062
6913,0.4795403883328837,8.161382620062705,7.681842231729821
6914,0.40271811608339164,8.378691423853768,7.975973307770376
6915,0.3296264713450537,8.139633060685135,7.810006589340081
6916,0.3481015892958751,8.032428429290478,7.684326839994603
6917,0.37946460789422964,8.266620469778072,7.887155861883842
6918,0.24491551720501498,8.269584639846007,8.024669122640992
6919,0.3357501404247941,8.201255476728537,7.865505336303743
6920,0.410656635076703,8.27444093971636,7.863784304639657
6921,0.5062320311408378,8.084215128037409,7.5779830968965705
6922,0.22900083691719963,8.052234561691776,7.8232337247745765
6923,0.35550385174993,8.095226258450268,7.739722406700338
6924,0.3910429030287629,8.10485627323665,7.713813370207887
6925,0.5040122556893121,8.062775344455476,7.558763088766164
6926,0.3051598695860345,8.258622893228118,7.953463023642083
6927,0.28582655550204916,8.205556569178656,7.919730013676607
6928,0.25360927034533653,8.153995911891643,7.900386641546307
6929,0.19951955756444079,8.04877027086834,7.8492507133039
6930,0.3104887335942562,8.214927248953925,7.9044385153596695
6931,0.27490025718135164,8.048459399505283,7.773559142323932
6932,0.35433682191254623,8.148504800484822,7.794167978572276
6933,0.4175442160738775,8.240328778492641,7.8227845624187635
6934,0.5087456608677177,8.214804281491318,7.706058620623601
6935,0.5227072715737306,8.206245026508315,7.683537754934584
6936,0.5135905426934244,8.081443763463662,7.567853220770238
6937,0.37588867053172714,8.008433288325294,7.632544617793568
6938,0.5020125439088016,8.011768870250345,7.509756326341543
6939,0.4146730227155273,8.08532338325316,7.670650360537632
6940,0.5195506054286946,8.270275150086212,7.750724544657517
6941,0.6165233099531724,8.176557051816145,7.560033741862973
6942,0.5534158772516355,8.201943758007285,7.648527880755649
6943,0.3198231649597597,8.254311382140592,7.934488217180832
6944,0.2058264185909658,8.115514483633682,7.909688065042716
6945,0.4237607679662115,8.010169857565128,7.5864090895989165
6946,0.6652911808823886,8.393709349895515,7.728418169013126
6947,0.5594588863245858,8.38269595704586,7.823237070721274
6948,0.24526637656126227,8.077024969834028,7.831758593272766
6949,0.4924804160147465,8.155407500705868,7.6629270846911215
6950,0.6212486750840213,8.288736956925238,7.667488281841217
6951,0.3828597887688566,8.225358737398293,7.842498948629437
6952,0.4766559734466918,8.137921109428,7.661265135981307
6953,0.31867862826081295,8.218233973244397,7.899555344983584
6954,0.3574842642219353,8.233065347628461,7.875581083406526
6955,0.37804957837145214,8.185636647225643,7.807587068854191
6956,0.370452457258649,8.14000718924055,7.7695547319819
6957,0.4906707130351265,8.229491792753365,7.738821079718238
6958,0.44130032639971156,8.141358127442867,7.7000578010431555
6959,0.43216116975360175,8.255729720368647,7.823568550615045
6960,0.3808168663635571,8.33256532301848,7.951748456654923
6961,0.36048346440249895,8.028488325039637,7.668004860637138
6962,0.5511467457805771,8.30174989823977,7.750603152459193
6963,0.3459737963943613,8.122028717248263,7.776054920853902
6964,0.4878096451462919,8.29306730008095,7.805257654934657
6965,0.3752156655802228,8.233243419381752,7.8580277538015295
6966,0.32731506562415413,8.223585931494094,7.8962708658699405
6967,0.3660387652792968,8.190788565524475,7.824749800245178
6968,0.5208704993279806,8.228350848505492,7.707480349177512
6969,0.37967048199148307,8.137699550996711,7.758029069005228
6970,0.4370003952889768,8.117687686281956,7.680687290992979
6971,0.29496851690406356,8.117833966337216,7.822865449433152
6972,0.45874195078138974,8.266452611353877,7.8077106605724875
6973,0.5918841130909523,8.238564244468858,7.646680131377906
6974,0.40771770199783985,8.132899578433712,7.7251818764358715
6975,0.4344378869488002,8.16716255508078,7.73272466813198
6976,0.6692710873968614,8.289630858928229,7.620359771531367
6977,0.30380291489174965,8.134988673160159,7.831185758268409
6978,0.3875532381894508,8.143294460015326,7.755741221825875
6979,0.4155268846217489,8.196736006738105,7.781209122116356
6980,0.403808696792479,8.352289951604902,7.948481254812423
6981,0.35701689503937417,8.239488263674971,7.882471368635597
6982,0.5764218465894071,8.357551815345381,7.781129968755974
6983,0.2194522126822482,8.243575734448571,8.024123521766324
6984,0.46383090456922005,8.28589649279399,7.82206558822477
6985,0.5113060491925817,8.195831046096963,7.684524996904381
6986,0.47289979441196495,8.141242061965317,7.668342267553352
6987,0.3350067948357065,8.145691775250208,7.810684980414502
6988,0.3351127029047521,8.094942653163159,7.759829950258407
6989,0.4450808058773653,8.12231146692615,7.6772306610487835
6990,0.21393754986755759,8.217681151442084,8.003743601574527
6991,0.4302457943476499,8.175448184125793,7.745202389778143
6992,0.43450476709211167,8.133515550782219,7.699010783690107
6993,0.4776431629652237,8.12829663268705,7.650653469721826
6994,0.33920760725234367,8.153262207130432,7.814054599878088
6995,0.36774098781884007,8.196757025650127,7.829016037831287
6996,0.3597318293833116,8.213784978716813,7.8540531493335015
6997,0.13124516824328658,8.231945647631788,8.100700479388502
6998,0.6042382433363996,8.471582985367911,7.867344742031512
6999,0.3793433800244368,8.064597844148826,7.685254464124389
7000,0.2906707296194315,8.226155898694726,7.935485169075294
7001,0.39758343080038316,8.211546960597506,7.813963529797123
7002,0.3555253331984738,8.235352810166752,7.879827476968279
7003,0.5141800368643288,8.233340178543239,7.71916014167891
7004,0.4730947318394162,8.126111459509659,7.653016727670242
7005,0.5218543660682955,8.340365039416202,7.818510673347907
7006,0.5023148790744595,8.271782882811028,7.769468003736568
7007,0.32912856306664423,8.135125180333183,7.80599661726654
7008,0.5709821690590166,8.245507520906036,7.67452535184702
7009,0.21627026567122826,8.175668144100669,7.959397878429441
7010,0.4379320787094559,8.254622933011524,7.816690854302068
7011,0.6372751952197077,8.214590295867362,7.577315100647654
7012,0.365050059788879,8.005082069713652,7.640032009924773
7013,0.4321273405870991,8.205391867776122,7.773264527189022
7014,0.38921966839288297,8.081358676755594,7.692139008362711
7015,0.4239357327621485,8.14657616509168,7.7226404323295315
7016,0.44661910856618087,8.174927502035052,7.728308393468871
7017,0.42392198019392585,8.214336109844531,7.790414129650605
7018,0.31762890570641383,8.31281021484096,7.995181309134546
7019,0.4372982984624549,8.271076103541285,7.83377780507883
7020,0.25255897549353484,8.190918057856292,7.938359082362758
7021,0.3079903489381513,8.179497913601667,7.871507564663515
7022,0.47679106045514724,8.324232523629101,7.847441463173954
7023,0.4513106119383907,8.24726666652205,7.795956054583659
7024,0.39713052325875325,8.260827298473423,7.863696775214669
7025,0.381428611740571,8.232514842597535,7.851086230856964
7026,0.39225825577785217,8.172450627991687,7.780192372213834
7027,0.3609932799170047,8.27812570404677,7.917132424129766
7028,0.40854717846683897,8.258261358736366,7.849714180269527
7029,0.4183598553647908,8.176570041300904,7.758210185936113
7030,0.30568605042040037,7.952652778951968,7.646966728531568
7031,0.4720785438204454,8.099063358923162,7.626984815102717
7032,0.4104498767825034,8.150870168211412,7.740420291428909
7033,0.4772237126204258,8.166641591147387,7.689417878526961
7034,0.28606650012988455,8.20837400207019,7.922307501940306
7035,0.38790198616087684,8.131946068721911,7.744044082561034
7036,0.2971700372950701,8.184825095295155,7.887655058000085
7037,0.12172684425216553,8.16219050057626,8.040463656324095
7038,0.5163580102368832,8.210909204870044,7.69455119463316
7039,0.34575622549956264,8.228541462289456,7.882785236789894
7040,0.5258293618214029,8.327741216957534,7.801911855136131
7041,0.5329355692106086,8.27741844527879,7.744482876068182
7042,0.2471071801891662,8.13585894880106,7.888751768611893
7043,0.21740925027603905,8.224976521391895,8.007567271115855
7044,0.2546816584749075,8.11519758628969,7.860515927814784
7045,0.4296835795833055,8.01290510858502,7.583221529001714
7046,0.5204489266240586,8.121826394434693,7.601377467810635
7047,0.4809947407059616,8.00619746769792,7.525202726991958
7048,0.33021828868511527,8.240353108015016,7.910134819329901
7049,0.3769253164308348,8.341298800384344,7.9643734839535085
7050,0.3327513478480499,8.08652920568014,7.75377785783209
7051,0.3551651138544677,8.240329178297863,7.885164064443395
7052,0.38951993188285156,8.28892482207554,7.899404890192688
7053,0.253128136541428,8.113549567546233,7.860421431004805
7054,0.6131122354429861,8.16858794567561,7.555475710232623
7055,0.3811568188308485,8.207937041577358,7.8267802227465095
7056,0.40672402209505776,8.261899528026554,7.855175505931496
7057,0.19062424292552943,8.057794605837657,7.867170362912128
7058,0.3273292612650803,8.206454359375346,7.879125098110266
7059,0.4539953294810904,8.26899767171762,7.8150023422365305
7060,0.2208052861883236,8.245360463066852,8.024555176878529
7061,0.37213552658217713,8.180741635811636,7.8086061092294585
7062,0.25359953193820833,8.170711393877331,7.917111861939123
7063,0.3250535910898122,8.165851828366412,7.8407982372766
7064,0.43813073459366814,8.272438477640913,7.834307743047245
7065,0.3667300263673228,8.28623981022532,7.919509783857997
7066,0.22859266668718511,8.27421825580331,8.045625589116126
7067,0.6214043092636559,8.258056100924197,7.636651791660541
7068,0.34185038259606576,8.053277735307528,7.711427352711462
7069,0.384168357992029,8.183075529579979,7.79890717158795
7070,0.38728545737444625,8.249400906980025,7.862115449605579
7071,0.6211188858043752,8.23524146040126,7.614122574596886
7072,0.5208366026007802,8.132626037789137,7.611789435188357
7073,0.5936497937356522,8.272964018198687,7.679314224463035
7074,0.5325701610507337,8.352309333415954,7.819739172365221
7075,0.37317976546368764,8.116637715405547,7.74345794994186
7076,0.42707350674800515,8.134946850492199,7.707873343744193
7077,0.3384747376524138,8.109340415815842,7.770865678163428
7078,0.342589733109749,8.362631741172567,8.020042008062818
7079,0.3617165933681279,8.322762736539454,7.961046143171327
7080,0.440424494717981,8.211159246385227,7.770734751667246
7081,0.4273657090301283,8.168078986126075,7.740713277095947
7082,0.4947220926539538,8.230102566574814,7.73538047392086
7083,0.3748343519629506,8.202546090200057,7.827711738237107
7084,0.5008088269400683,8.126318759249704,7.625509932309636
7085,0.4438574693456203,8.06380566361566,7.61994819427004
7086,0.5022509046077276,8.14707235857928,7.644821453971552
7087,0.46940431069586147,8.187311690155434,7.7179073794595725
7088,0.44628071633798183,8.338421105097211,7.89214038875923
7089,0.6281720704668661,8.23350809669469,7.605336026227824
7090,0.5683578518755862,8.193755792181445,7.625397940305859
7091,0.5597016783225679,8.231852657524406,7.672150979201838
7092,0.3212259309021441,8.158938532157839,7.837712601255695
7093,0.17420452924443697,8.2737377997092,8.099533270464764
7094,0.3975612603979357,8.196988460676979,7.799427200279043
7095,0.40076099613335486,8.280878139568504,7.880117143435149
7096,0.4896852495856843,8.275258833843475,7.785573584257791
7097,0.12458777747481023,8.19253423292939,8.06794645545458
7098,0.43700544275782893,8.215943959856597,7.778938517098768
7099,0.308345433607598,8.202249962265276,7.893904528657678
7100,0.4885223355400188,8.273009239657476,7.784486904117458
7101,0.47671842940472847,8.253445552834906,7.776727123430177
7102,0.16637639776940744,8.09018565852889,7.923809260759483
7103,0.43655401811703376,8.202131711500359,7.7655776933833245
7104,0.3709954679123568,8.213299872429065,7.8423044045167085
7105,0.5293245259119217,8.272556333361642,7.74323180744972
7106,0.3961918494711217,8.052664911455537,7.656473061984415
7107,0.43682728275769733,8.15503512777213,7.718207845014433
7108,0.30320316050084456,8.227054698614939,7.923851538114095
7109,0.29995274592168975,8.204654826262358,7.904702080340668
7110,0.30973557264694895,8.042156132511904,7.732420559864955
7111,0.388851211470195,8.165305552935838,7.776454341465643
7112,0.39853308485077826,8.208323098224419,7.80979001337364
7113,0.23455823438403645,8.182896306868471,7.948338072484435
7114,0.46700515077462557,8.111659806745465,7.6446546559708395
7115,0.4803078683261915,8.24390452373056,7.763596655404369
7116,0.4013865175544247,8.089961633509652,7.688575115955228
7117,0.322154366163693,8.111278648574336,7.7891242824106435
7118,0.26813151357740617,8.33545105510466,8.067319541527253
7119,0.5542146233086591,8.226657866210894,7.672443242902236
7120,0.5149690737432828,8.339858035478793,7.82488896173551
7121,0.5955960254316419,8.348112512501782,7.75251648707014
7122,0.47904225304545506,8.151224742150555,7.6721824891051
7123,0.5248268191370634,8.120254609801831,7.595427790664768
7124,0.5502489534610865,8.325353746369153,7.775104792908066
7125,0.43287322902084824,8.135368851789528,7.702495622768679
7126,0.2954380215496543,8.102233660162408,7.806795638612754
7127,0.33647369017614304,8.183260564884067,7.846786874707925
7128,0.33190695941008513,8.23010292489413,7.898195965484045
7129,0.4966806534824949,8.168523498829822,7.671842845347327
7130,0.4558900180249024,8.184628081174147,7.728738063149244
7131,0.3038145515151452,8.16034570171825,7.856531150203104
7132,0.2621199280952632,8.174516440450157,7.912396512354894
7133,0.298862670402981,8.05939225555005,7.760529585147069
7134,0.45321744311737916,8.333901823976307,7.880684380858928
7135,0.34905749396340346,8.153546181159701,7.804488687196297
7136,0.39635975152441105,8.201915992973262,7.805556241448851
7137,0.2871092471760375,8.068674685438054,7.781565438262017
7138,0.44022312743841124,8.18174778067889,7.741524653240479
7139,0.5129751537229709,8.013850799651921,7.50087564592895
7140,0.49392885537971437,8.205889235382381,7.711960380002667
7141,0.25658522371377723,8.273760451639303,8.017175227925526
7142,0.3913631233543589,8.237688640793571,7.846325517439213
7143,0.2096020417235837,8.164515170796813,7.954913129073229
7144,0.4854210794878614,8.11441315572125,7.628992076233389
7145,0.2914632911374393,8.114276938960211,7.822813647822771
7146,0.3701346602726986,8.136093190069806,7.765958529797107
7147,0.3591045124483317,8.158329236872298,7.799224724423966
7148,0.4058984938600657,8.179626084195407,7.7737275903353416
7149,0.3789216258318637,8.142255020377492,7.763333394545628
7150,0.5133150103080654,8.113395359412785,7.6000803491047195
7151,0.5542976648730046,8.297584621067804,7.743286956194799
7152,0.419680940500686,8.31578159516945,7.896100654668763
7153,0.39376697696759566,8.231508435143235,7.837741458175639
7154,0.17504534851647915,8.143320520102753,7.968275171586273
7155,0.41693401751483405,8.32147410123187,7.904540083717035
7156,0.5482071975971116,8.273339333369313,7.725132135772201
7157,0.5425327228875815,8.342220929186318,7.799688206298737
7158,0.41711885431875007,8.260294202638669,7.843175348319918
7159,0.3667892080379557,8.183016228549969,7.816227020512013
7160,0.57279279164036,8.276684421567403,7.703891629927043
7161,0.3047734030164244,8.081724763992245,7.77695136097582
7162,0.4054543394698979,8.191425967639798,7.7859716281699
7163,0.3116669931163649,8.186461123577145,7.87479413046078
7164,0.45150099387074405,8.267853484516587,7.816352490645843
7165,0.5625115791157552,8.056302003001138,7.4937904238853825
7166,0.42860484355187994,8.132582924280458,7.703978080728578
7167,0.3681551916790083,8.323584894584256,7.955429702905247
7168,0.1930332452259394,8.218995195190976,8.025961949965037
7169,0.4397580356558693,8.223785578677575,7.784027543021705
7170,0.5905318362591627,8.162679475727943,7.57214763946878
7171,0.44660696872194194,8.270292789723513,7.823685821001571
7172,0.44431938626144196,8.148443316499703,7.704123930238262
7173,0.5497785793150581,8.080548784632882,7.530770205317824
7174,0.4117749779953763,8.17705981404718,7.765284836051803
7175,0.47244056901193715,8.302661121988477,7.83022055297654
7176,0.38811007607637954,8.149575789195424,7.761465713119045
7177,0.3338441664544275,8.130750187122471,7.796906020668044
7178,0.4621608358508217,8.183414233682853,7.721253397832032
7179,0.5016638164506318,8.050788180778635,7.549124364328003
7180,0.503423359293014,8.31559175687124,7.812168397578227
7181,0.44183200138527867,8.22818917335454,7.786357171969262
7182,0.37645626751673994,8.309780282373755,7.933324014857015
7183,0.4060228516680601,8.28024631509904,7.8742234634309805
7184,0.4630183141946735,8.145874761198154,7.682856447003481
7185,0.5025675431728724,8.195843154931556,7.693275611758683
7186,0.29830956343270854,8.13206379109321,7.833754227660501
7187,0.471760714644097,8.270797763393228,7.79903704874913
7188,0.3394982997233383,8.211846929777737,7.8723486300543986
7189,0.5062224198075743,8.228709172614545,7.7224867528069705
7190,0.45622408132958575,8.273538164674436,7.817314083344851
7191,0.339645462502418,8.11682040561335,7.777174943110932
7192,0.6085776866861887,8.118580502239883,7.510002815553694
7193,0.571805595291396,8.306532179210029,7.734726583918633
7194,0.25833274076650325,8.083762605383424,7.82542986461692
7195,0.32594301816901483,8.186904561120976,7.86096154295196
7196,0.40186967834406145,8.147106410946584,7.745236732602523
7197,0.3007613297899389,8.373953067046653,8.073191737256714
7198,0.4150130991192023,8.167576996968476,7.7525638978492735
7199,0.28860852876000853,8.137742322365431,7.849133793605423
7200,0.49621179797053216,8.144227777449604,7.648015979479072
7201,0.3914564976417777,8.158206973516876,7.7667504758750985
7202,0.3776154803463843,8.311808902316496,7.934193421970112
7203,0.2362518800413623,8.15487711333052,7.9186252332891565
7204,0.3163240119398354,8.269925707516245,7.95360169557641
7205,0.4245467524420835,8.114012848215678,7.689466095773595
7206,0.2372721135032377,8.141406197117242,7.904134083614004
7207,0.3853978659558357,8.20591641505903,7.820518549103193
7208,0.3663735397778172,8.24494134421857,7.878567804440753
7209,0.3665471322506636,8.207835820272937,7.841288688022273
7210,0.36003032651312805,8.26417555490308,7.904145228389952
7211,0.4161233571210082,8.220242013726752,7.804118656605744
7212,0.4744225047396467,8.397266079347567,7.92284357460792
7213,0.34399440106042056,8.123090066395035,7.779095665334614
7214,0.3333659058536091,8.108106616818812,7.774740710965204
7215,0.4522791802836535,8.23501598493314,7.7827368046494865
7216,0.32616655798822214,8.281764916873875,7.955598358885653
7217,0.25725848887103153,8.16379140874226,7.9065329198712275
7218,0.5534607491126643,8.205551174020258,7.652090424907593
7219,0.40419175718940464,8.27002026339334,7.865828506203935
7220,0.4743481493612797,8.160501058683257,7.686152909321978
7221,0.5615493457077395,8.22468349070542,7.663134144997681
7222,0.5066066896169876,8.10436506162565,7.597758372008663
7223,0.5506053828922887,8.378695008536088,7.828089625643799
7224,0.44051681746520593,8.191381676979914,7.750864859514707
7225,0.3937199147986681,8.197459279346509,7.803739364547841
7226,0.1384064585510699,8.163899007361524,8.025492548810453
7227,0.428178611027424,8.105732639329808,7.677554028302384
7228,0.5638881861506233,8.223173370898596,7.659285184747973
7229,0.4024925743695371,8.187111909291172,7.784619334921635
7230,0.2970560166898166,8.272356031773539,7.975300015083722
7231,0.5120424168477252,8.1947353421811,7.682692925333374
7232,0.3618144778192323,8.096935914907982,7.73512143708875
7233,0.46136298869180714,8.207526511250785,7.746163522558978
7234,0.3280558098957569,8.160510622736252,7.832454812840496
7235,0.34649154052456216,8.206526491419824,7.860034950895262
7236,0.4001480347276846,8.035256308269332,7.635108273541648
7237,0.4284920946055464,8.371725217747564,7.943233123142017
7238,0.15070989514875857,8.200026709139827,8.04931681399107
7239,0.47244260819844397,8.226768316278577,7.754325708080133
7240,0.2879163074424152,8.192997954057612,7.905081646615196
7241,0.48968048863242614,8.161961084372464,7.672280595740038
7242,0.43564305380847945,8.134077512796877,7.698434458988397
7243,0.3499494820856668,8.122647501948393,7.772698019862726
7244,0.4262227704634195,8.129510893292753,7.703288122829334
7245,0.49322804449350693,8.19956004768221,7.706332003188703
7246,0.07914074446896814,8.259088262488142,8.179947518019173
7247,0.38338890323941266,8.111613701228052,7.72822479798864
7248,0.32926740919662334,8.214091140809721,7.884823731613098
7249,0.22785653254298563,8.203931269742114,7.976074737199128
7250,0.25881787947916934,8.28849424596378,8.02967636648461
7251,0.4969504197642396,8.247903926648865,7.750953506884626
7252,0.3475331081458327,8.163390363698946,7.815857255553113
7253,0.4719646191255085,8.200723476488724,7.728758857363215
7254,0.3681695844669718,8.191244703328842,7.82307511886187
7255,0.5604947011035892,8.4046740234128,7.844179322309211
7256,0.47101381690410316,8.209420264282485,7.738406447378383
7257,0.5201504705701506,8.07945197594618,7.559301505376029
7258,0.5993212423284966,8.159277396646608,7.559956154318112
7259,0.4606583924972535,8.143423762008624,7.68276536951137
7260,0.48609810645167656,8.269885600841063,7.783787494389386
7261,0.3395506413837496,8.13510441715492,7.795553775771171
7262,0.005399923568841962,8.330172878778146,8.324772955209305
7263,0.438751042020338,8.25904311031411,7.820292068293772
7264,0.3322320728386019,8.100936191785756,7.768704118947154
7265,0.4138620799412578,8.214544758836555,7.8006826788952965
7266,0.38208233399801245,8.196156191150374,7.814073857152361
7267,0.4753771892276071,8.120044420536153,7.644667231308547
7268,0.49249869868797774,8.184724520371441,7.692225821683463
7269,0.3611729181159171,8.1007604406144,7.739587522498482
7270,0.3192278224475891,7.955186184366104,7.635958361918515
7271,0.49628779229994463,8.087928054889069,7.591640262589125
7272,0.5310525642556081,8.18497467226827,7.653922108012662
7273,0.3966617539119142,8.200351494619763,7.803689740707849
7274,0.47174375585086087,8.121583189041374,7.649839433190513
7275,0.5762863914093158,8.277086512044981,7.700800120635665
7276,0.6607369796183356,8.139220178179324,7.478483198560988
7277,0.3485003575342638,8.133815950907996,7.785315593373732
7278,0.3160970912108775,8.085475793613718,7.7693787024028405
7279,0.24677466784085852,8.166785725374911,7.920011057534053
7280,0.28321598309475304,8.2102082506831,7.926992267588347
7281,0.47382179335190344,8.055384530175331,7.581562736823428
7282,0.38645780300709837,8.107064443646811,7.720606640639713
7283,0.3107328265593962,8.18556429650823,7.874831469948835
7284,0.3745310459072682,8.328394631638906,7.9538635857316375
7285,0.3758920156926528,8.141312179238579,7.765420163545926
7286,0.30361628916842665,8.203813559289426,7.900197270120999
7287,0.3093804683087619,8.007580276441507,7.698199808132745
7288,0.3601451168273537,8.165198042824397,7.805052925997043
7289,0.42320739693642806,8.179265105885566,7.756057708949138
7290,0.5208664813893881,8.179390054803802,7.658523573414414
7291,0.3663671592882376,8.17035790414267,7.803990744854431
7292,0.25639188264270535,8.237813915084727,7.981422032442022
7293,0.5271432269598835,8.17729724089498,7.650154013935096
7294,0.2199798706185299,8.248913568326184,8.028933697707654
7295,0.38517550605578776,8.212513785391637,7.82733827933585
7296,0.36994257976254663,8.134325803831102,7.764383224068555
7297,0.47311181617418496,8.09843859428493,7.625326778110745
7298,0.32183549263346045,8.145964178651436,7.824128686017976
7299,0.35905906289557643,8.172598429442553,7.813539366546977
7300,0.29118499527837066,8.137601388434845,7.846416393156475
7301,0.35704372225041053,8.337843765138508,7.980800042888098
7302,0.3227310558627115,8.159937578447076,7.837206522584364
7303,0.14224669570678813,8.06018788796988,7.917941192263092
7304,0.5151995184312534,8.189821300389612,7.674621781958359
7305,0.4118638695795381,8.282578093573576,7.870714223994038
7306,0.3933017922196308,8.239029893378245,7.845728101158614
7307,0.3914737625503365,8.05531207311064,7.663838310560304
7308,0.4340779897801794,8.19315302951205,7.75907503973187
7309,0.4381364756221266,8.311443309995653,7.873306834373526
7310,0.3238050488400313,8.128951054954037,7.805146006114005
7311,0.3559584012302857,8.255713065671694,7.899754664441408
7312,0.45216213700699115,7.988946137399248,7.536784000392257
7313,0.2122654928008274,8.163006480127414,7.950740987326587
7314,0.36593896874767073,8.156966933037785,7.791027964290114
7315,0.09314709037669465,8.059014206609948,7.9658671162332535
7316,0.29839498147389043,8.246611415890541,7.948216434416651
7317,0.5280226792510682,8.181028954613065,7.653006275361998
7318,0.36175355109370294,8.203983706205825,7.842230155112122
7319,0.42413550698079844,8.173165029135731,7.749029522154933
7320,0.4457287734339511,8.101956083786899,7.656227310352947
7321,0.5290157109650426,8.102678741900117,7.573663030935075
7322,0.43132288233239097,8.202377086728312,7.771054204395921
7323,0.3731269190662505,8.120051016703849,7.746924097637598
7324,0.5356429253127049,8.299077595470507,7.763434670157802
7325,0.3566416244441239,8.31803298536217,7.961391360918046
7326,0.38397885174736374,8.356901346120324,7.97292249437296
7327,0.4556360794011978,8.168885571511542,7.713249492110344
7328,0.42368216939444797,8.097817086154699,7.67413491676025
7329,0.35691018523409374,8.059040098138114,7.70212991290402
7330,0.23875703150832778,8.234303618691909,7.995546587183581
7331,0.31212817983156765,8.077105610365216,7.764977430533648
7332,0.4854090108535021,8.22747424719627,7.742065236342768
7333,0.39751471198895144,8.20431383375899,7.806799121770038
7334,0.3312409731513566,8.215523217286806,7.88428224413545
7335,0.5730545331882732,8.110667795050656,7.537613261862383
7336,0.42836244464714185,8.212900744348575,7.784538299701433
7337,0.4037489284536332,8.245650962510338,7.841902034056704
7338,0.3828290333151088,8.252008289595587,7.869179256280478
7339,0.5313995220224341,8.136265671396686,7.604866149374251
7340,0.41044727466502356,8.147133914886792,7.736686640221769
7341,0.18519592728906137,8.14843202199633,7.963236094707268
7342,0.4236571946871599,8.026802158370934,7.603144963683774
7343,0.4576787282051069,8.331552153767966,7.873873425562859
7344,0.3410053086042204,8.184565875362724,7.843560566758503
7345,0.20751341820582045,8.173223481913602,7.965710063707782
7346,0.29797258453593406,8.192328231760664,7.89435564722473
7347,0.2852095085125561,8.099007279363155,7.813797770850599
7348,0.3003526686080871,8.121025499452118,7.820672830844031
7349,0.2699796289061215,8.238785139332153,7.968805510426032
7350,0.5638279577968033,8.195780678324441,7.631952720527638
7351,0.3169564447403695,8.308489697476114,7.991533252735745
7352,0.24370531502182233,8.180528321708277,7.9368230066864545
7353,0.5492194603355063,8.167910111370649,7.618690651035142
7354,0.4157848034776885,8.143912139902772,7.728127336425084
7355,0.3623057359794057,8.119278251265087,7.756972515285681
7356,0.2520712793770271,8.20176882223052,7.949697542853492
7357,0.45968050814392264,8.324162968697449,7.864482460553526
7358,0.6213213623668438,8.19458594741574,7.573264585048896
7359,0.4278770526517408,8.007138843529132,7.579261790877391
7360,0.4665911754376259,8.178064001306026,7.711472825868401
7361,0.5631185923651969,8.17902964806639,7.615911055701193
7362,0.2939465155320551,8.296134773881157,8.002188258349102
7363,0.193056440705456,8.016997640194482,7.823941199489027
7364,0.5070563284399993,8.27018572016071,7.76312939172071
7365,0.5584404016978743,8.197303184588105,7.6388627828902305
7366,0.41232240222424515,8.19616195056321,7.783839548338965
7367,0.4943381161487013,8.29781527065292,7.803477154504219
7368,0.5182863673931309,8.337457311963265,7.819170944570134
7369,0.23474016375398,7.968373682204605,7.733633518450626
7370,0.351081965700602,8.238377371772778,7.887295406072176
7371,0.29274935063312946,8.293199737000363,8.000450386367232
7372,0.4708295432881621,8.212671433673204,7.741841890385042
7373,0.31741040267892595,8.149608140803162,7.832197738124236
7374,0.25386002886052905,8.17765343192529,7.92379340306476
7375,0.35860883993974724,8.197161101538082,7.838552261598335
7376,0.5382033076642475,8.168441645268812,7.630238337604565
7377,0.5298104823242469,8.30973493791441,7.779924455590163
7378,0.45145218218479216,8.296610778520765,7.845158596335973
7379,0.2564712163263659,8.071164498945915,7.814693282619549
7380,0.1778170138973375,8.078432266213776,7.900615252316438
7381,0.364189936581933,8.130885151629705,7.766695215047772
7382,0.3709166685335265,8.27454458615496,7.903627917621433
7383,0.40991418963221854,8.052958490035993,7.643044300403774
7384,0.26881884935581707,8.165161680369168,7.896342831013351
7385,0.23791301691962755,8.158135726699884,7.920222709780257
7386,0.2601164822095097,8.343400678496264,8.083284196286755
7387,0.3833923910268608,8.336011068593178,7.952618677566318
7388,0.39684169420128645,8.230871142068205,7.834029447866918
7389,0.3237930891573796,8.232928852908238,7.909135763750858
7390,0.4998915691102523,8.323273278562931,7.823381709452679
7391,0.6457353957171073,8.419015439761468,7.773280044044361
7392,0.4398605108571101,8.35285622307797,7.91299571222086
7393,0.4417035040528774,8.195735281406304,7.754031777353426
7394,0.5114487031252932,8.157483694609828,7.646034991484536
7395,0.345847363690431,8.337981544058609,7.992134180368178
7396,0.3221549168121331,8.093904959534973,7.771750042722839
7397,0.32952547428824,8.211351853420014,7.881826379131774
7398,0.5446188924258947,8.195089638388685,7.6504707459627905
7399,0.5401559624142971,8.19102781354944,7.650871851135142
7400,0.4917358158111883,8.152106520267743,7.660370704456555
7401,0.5181160076046446,8.235762705095505,7.71764669749086
7402,0.5715966326763156,8.259887356238256,7.68829072356194
7403,0.5154917051028267,8.201902419779346,7.686410714676519
7404,0.48073535773402953,8.169246940394967,7.688511582660937
7405,0.3515339172631063,8.32815393504621,7.9766200177831035
7406,0.32076576381371685,8.147740534049968,7.826974770236251
7407,0.4585026342061383,8.219289413787466,7.760786779581328
7408,0.3262160020981895,8.185005707902521,7.858789705804331
7409,0.37700771623021767,8.086406910520775,7.709399194290558
7410,0.2351414953745946,8.439023392654711,8.203881897280116
7411,0.3728818133725165,8.191339626068446,7.81845781269593
7412,0.29677495701309514,8.2322171638834,7.935442206870304
7413,0.417741586875172,8.11424479880752,7.696503211932349
7414,0.3406906539432132,8.167345314965706,7.826654661022493
7415,0.5097849647953828,8.273445804281005,7.763660839485622
7416,0.3360335336572681,8.161408247252336,7.8253747135950675
7417,0.5315554278681472,8.001743265965978,7.47018783809783
7418,0.38298349676944005,8.155797429130159,7.772813932360719
7419,0.40369262911258474,8.072297301703578,7.668604672590994
7420,0.377121727502107,8.2431257154132,7.866003987911093
7421,0.20280862792146337,8.1688205979879,7.966011970066436
7422,0.4209268269132716,8.201182595138336,7.780255768225064
7423,0.26824026200909823,8.098507079526392,7.830266817517294
7424,0.4103951100932588,8.248198900448815,7.837803790355556
7425,0.2642465576619508,8.135956050604731,7.871709492942781
7426,0.4568256555417209,8.17501767009031,7.71819201454859
7427,0.31893507839563495,8.08718942546587,7.7682543470702345
7428,0.4330391296000248,8.239426843557128,7.806387713957103
7429,0.36882026731781303,8.15359434899952,7.784774081681708
7430,0.48736468046980586,8.109629485408036,7.622264804938229
7431,0.5532213437326556,8.205280238304717,7.652058894572061
7432,0.4072261957712179,8.179572983793118,7.772346788021901
7433,0.26994758044149736,8.200063380418008,7.930115799976511
7434,0.4732379053116781,8.104305247085984,7.631067341774306
7435,0.46417213907057414,8.297342741667917,7.833170602597343
7436,0.32142222351551103,8.190454390049336,7.869032166533825
7437,0.25578205293572237,8.200741062695407,7.9449590097596845
7438,0.12910358155281196,8.193714548530739,8.064610966977927
7439,0.3950977043579783,8.074660173743801,7.679562469385823
7440,0.4521757242374465,8.242557938871352,7.7903822146339055
7441,0.25564154876875267,8.055307629012956,7.7996660802442035
7442,0.33859359022648,8.177012207559248,7.838418617332768
7443,0.39766839225047634,8.26569562655552,7.8680272343050435
7444,0.32718038224647883,8.141045692631838,7.813865310385359
7445,0.44037682566221775,8.142029819133995,7.701652993471778
7446,0.37878078226528855,8.216874437739746,7.838093655474457
7447,0.2702417047935519,8.232229393672357,7.961987688878805
7448,0.5142903436959719,8.229889079509238,7.715598735813266
7449,0.24206527301001615,8.273167479074473,8.031102206064457
7450,0.5195484198213918,8.260230160441976,7.740681740620584
7451,0.28915288622315777,8.107644437082493,7.818491550859336
7452,0.32681347633372293,8.127179922192294,7.800366445858571
7453,0.49316283471945366,8.290739594029748,7.797576759310295
7454,0.38943136477816187,8.162250934468963,7.772819569690801
7455,0.4817354858118394,8.220099956680013,7.738364470868174
7456,0.3893018847897533,8.292091839301685,7.902789954511932
7457,0.21399795525534732,8.19511951561005,7.981121560354703
7458,0.22500114562484666,8.083029259287164,7.858028113662317
7459,0.391320455872422,8.262975089226149,7.871654633353727
7460,0.36865494433552337,8.326682213229814,7.958027268894291
7461,0.23270017524020578,8.090794667262427,7.8580944920222215
7462,0.3640860417945558,8.11088673991771,7.746800698123154
7463,0.3461712097203688,8.21536847808,7.869197268359631
7464,0.36175028820745536,8.173162744558123,7.811412456350668
7465,0.39664994886068294,8.309552325427358,7.9129023765666755
7466,0.20629778126212628,8.1594610284537,7.953163247191574
7467,0.2877098598156282,8.1775700780883,7.889860218272672
7468,0.31869004038311366,8.011451800457241,7.692761760074127
7469,0.315681645790686,8.23077369305037,7.915092047259684
7470,0.42317586944643976,8.312454609362218,7.889278739915778
7471,0.39416424987488574,8.313654899827409,7.919490649952523
7472,0.17219879669321428,8.044977164052586,7.872778367359372
7473,0.445190376330588,8.33327989395632,7.8880895176257315
7474,0.3367543358039635,8.102232989153704,7.76547865334974
7475,0.41820600944058106,8.114638052360466,7.696432042919884
7476,0.37327361092996414,8.19000115881994,7.816727547889977
7477,0.2851955155002469,8.276403540225198,7.991208024724951
7478,0.5690065578875048,8.211589392749794,7.642582834862289
7479,0.5871102917625094,8.082087538227013,7.4949772464645035
7480,0.5339958147407438,8.267555006710367,7.733559191969624
7481,0.49367479944786746,8.147863802899728,7.654189003451861
7482,0.5972895610722464,8.207460805810506,7.610171244738259
7483,0.54027568057398,8.242082661304904,7.701806980730924
7484,0.465825443843684,8.31910902349038,7.853283579646696
7485,0.3847509163391948,8.272106607915095,7.8873556915759
7486,0.46132752689892564,8.375576859945204,7.914249333046278
7487,0.22295602217440713,7.979506523198021,7.7565505010236135
7488,0.33871191778525883,8.137341154133377,7.798629236348119
7489,0.38477613460142474,8.232929812057323,7.848153677455898
7490,0.52103471717674,8.165534371195692,7.6444996540189525
7491,0.4305213575237063,8.306936177475992,7.876414819952285
7492,0.16503753023192533,8.219997240773688,8.054959710541763
7493,0.520398989638654,8.180510043840554,7.6601110542019
7494,0.570381864435637,8.194915249528401,7.624533385092764
7495,0.41209936562089117,8.11698354770352,7.704884182082628
7496,0.4821542979408975,8.195555134668613,7.713400836727716
7497,0.44951602888852393,8.256100203439358,7.806584174550834
7498,0.4779274858998038,8.209447344822605,7.731519858922801
7499,0.2693652050964366,8.033561576912232,7.764196371815796
7500,0.49667588471934687,8.110990057691343,7.614314172971996
7501,0.3580258964204199,8.141192245221088,7.783166348800668
7502,0.4521486944188873,8.173120699744883,7.720972005325996
7503,0.11787788373799593,8.162028275570558,8.044150391832561
7504,0.3592145618761585,8.000512975226703,7.641298413350545
7505,0.4562195796079709,8.20117391916521,7.744954339557239
7506,0.3928545958130012,8.19464395066014,7.801789354847139
7507,0.2859813295450148,8.116053034250053,7.830071704705038
7508,0.4425044337714361,8.34960993100433,7.9071054972328945
7509,0.3846255963040448,8.214513892175255,7.82988829587121
7510,0.5223102751228847,8.2093646147735,7.687054339650616
7511,0.38724544456805776,8.116446392094208,7.72920094752615
7512,0.39245873339186377,8.107397870131004,7.71493913673914
7513,0.3259329620662816,8.06143570012587,7.735502738059588
7514,0.5880218321852699,8.208474873895055,7.620453041709785
7515,0.5519318323390953,8.165298264180064,7.613366431840969
7516,0.44366603764461177,8.264621989335689,7.820955951691078
7517,0.418195528326168,8.327091331357465,7.908895803031298
7518,0.467279195997607,8.136569015860085,7.6692898198624775
7519,0.32851180213149933,8.151641209753448,7.823129407621948
7520,0.27246951843340556,8.294153483149554,8.021683964716148
7521,0.45124800333638154,8.150536947597502,7.69928894426112
7522,0.41008967605332053,8.083929405601957,7.673839729548637
7523,0.2863831817492997,8.226683308346292,7.940300126596992
7524,0.3483453092658663,8.149469140336954,7.801123831071088
7525,0.5497415318975792,8.262293461408579,7.712551929510999
7526,0.5684800241186571,8.26610930887147,7.697629284752813
7527,0.30533930950589067,8.113417635331865,7.808078325825975
7528,0.5354201577131757,8.245000212645497,7.709580054932321
7529,0.3705157005499026,8.215896031838513,7.84538033128861
7530,0.4864743289128724,8.466560264662249,7.9800859357493765
7531,0.4934514516226297,8.325916290727704,7.832464839105075
7532,0.4137010059106477,8.043180756595019,7.6294797506843715
7533,0.48047634785021487,8.274257637025407,7.793781289175192
7534,0.5537032592675488,8.353468893738278,7.799765634470729
7535,0.49459327998504415,8.0704017893963,7.575808509411256
7536,0.5662740962857137,8.302244475478357,7.7359703791926435
7537,0.3845664784687681,8.290661802834013,7.9060953243652445
7538,0.41031168095378945,8.201543106270544,7.791231425316754
7539,0.3439487079981223,8.188741900538528,7.844793192540405
7540,0.5451872017820809,8.197261278929442,7.652074077147361
7541,0.3019189187925659,8.137242321796371,7.835323403003805
7542,0.46824818842372323,8.344162230791405,7.875914042367682
7543,0.49683276296287515,8.164558433141014,7.667725670178139
7544,0.4932822699115974,8.167926354864987,7.674644084953389
7545,0.35362568515213577,8.088435201188952,7.734809516036816
7546,0.3939044676958273,8.220116787902748,7.826212320206921
7547,0.4685402722367105,7.987501978290494,7.5189617060537834
7548,0.4765658741808865,8.298815727973395,7.822249853792508
7549,0.384681062555966,8.197443323640817,7.812762261084851
7550,0.41149820276162624,8.384220662983326,7.9727224602217
7551,0.43547405809529216,8.126386809482415,7.690912751387123
7552,0.3756821759353052,8.27204147436355,7.896359298428246
7553,0.4202512421040596,8.343655898153626,7.923404656049566
7554,0.2595270084397485,8.074718277124994,7.815191268685245
7555,0.5123753773919953,8.301236304616628,7.788860927224633
7556,0.43025084114151546,8.078079345595722,7.647828504454206
7557,0.20331466018626987,8.212048709188782,8.008734049002513
7558,0.6004612517768773,8.142357129019791,7.541895877242913
7559,0.416086254288514,8.300546671828917,7.884460417540403
7560,0.4763883116800472,8.158092158178675,7.681703846498628
7561,0.36460273146163064,8.202341279543226,7.837738548081596
7562,0.5769735294841091,8.235287250579502,7.658313721095393
7563,0.660045207358822,8.291211024327984,7.631165816969162
7564,0.42820888617879743,8.232376478849414,7.804167592670616
7565,0.2366032555487771,8.16796349390988,7.931360238361103
7566,0.40208476038286606,8.172633750136017,7.77054898975315
7567,0.5666227579897033,8.233847094720527,7.667224336730824
7568,0.5844799297726584,8.178563180578056,7.594083250805397
7569,0.43716912538784136,8.117785281188283,7.6806161558004415
7570,0.48149725502166524,8.31189168564192,7.830394430620254
7571,0.42428087199275316,8.167993572720622,7.743712700727869
7572,0.4545565904069205,8.262652589129965,7.8080959987230445
7573,0.5132465953647117,8.268372715443686,7.755126120078974
7574,0.3449702495957551,8.139841676978902,7.794871427383147
7575,0.423651561919018,8.193637304799092,7.769985742880074
7576,0.3664002607161199,8.221523056880454,7.855122796164333
7577,0.29095100268666557,8.22235838830426,7.931407385617594
7578,0.26866192872139605,8.065273753378015,7.796611824656619
7579,0.49373335175412286,8.202106182390844,7.708372830636722
7580,0.5217137117000462,8.129585392265314,7.6078716805652675
7581,0.4703082552303533,8.057179231216999,7.5868709759866455
7582,0.473207718078893,8.248179724412715,7.774972006333822
7583,0.30068538840375814,8.323401224697358,8.0227158362936
7584,0.5029977205286675,8.148609258441569,7.6456115379129015
7585,0.28244302199773097,8.23932196647975,7.956878944482019
7586,0.42137098001479145,8.264259032489596,7.842888052474804
7587,0.13653659259939796,8.082199090495129,7.945662497895731
7588,0.4583276358960273,8.015336756888644,7.557009120992617
7589,0.48904545003559646,8.226405204466367,7.737359754430771
7590,0.5045431166543104,8.18709271685227,7.68254960019796
7591,0.3678149508258058,8.099302122748485,7.731487171922679
7592,0.3174990021390515,8.16027906061889,7.842780058479839
7593,0.3428760322365114,8.275250422292533,7.9323743900560215
7594,0.3287561761909706,8.015858103856877,7.687101927665906
7595,0.5263968829500467,8.21338377462783,7.686986891677784
7596,0.3804672057117751,8.180826938811487,7.800359733099712
7597,0.2771085398119394,8.23628506836746,7.9591765285555205
7598,0.42501087975293084,8.140976555186747,7.715965675433816
7599,0.5598496926025542,8.319637422205552,7.759787729602998
7600,0.3530930251351496,8.126370040885593,7.773277015750444
7601,0.4377773154449213,8.17651761573822,7.738740300293299
7602,0.4092293779896011,8.119065732314146,7.709836354324545
7603,0.5608436595675717,8.22327715213106,7.662433492563488
7604,0.3946558503899731,8.173734229466238,7.779078379076265
7605,0.5496902401397157,8.131082271308175,7.581392031168459
7606,0.40981580040370813,8.317615768085096,7.907799967681388
7607,0.44788900480658067,8.211105169786299,7.763216164979718
7608,0.1894995997449284,8.136872389830096,7.947372790085168
7609,0.22193544354438582,8.078613470895244,7.856678027350858
7610,0.46257373012956704,8.072578195171769,7.610004465042201
7611,0.5970637011362689,8.222553890406509,7.62549018927024
7612,0.5236742800267692,8.25710020213976,7.733425922112991
7613,0.34358422086060836,8.048927786615497,7.705343565754889
7614,0.4402710552150246,8.226007115451154,7.785736060236129
7615,0.35788575844108217,8.037436249575272,7.67955049113419
7616,0.43036181648210026,8.308429919537708,7.878068103055608
7617,0.32998850913999755,8.157682053232655,7.827693544092657
7618,0.3368979715233237,8.02840356783842,7.691505596315097
7619,0.4967003406390441,8.1253835354092,7.628683194770157
7620,0.2609835352152543,8.279263433560185,8.01827989834493
7621,0.5302546342700055,8.172717193478416,7.64246255920841
7622,0.5535675748625005,8.21310552748117,7.6595379526186695
7623,0.33889266051865435,8.104663827354578,7.765771166835924
7624,0.4392718894642061,8.260905006463746,7.82163311699954
7625,0.597085889071493,8.406731646310247,7.809645757238754
7626,0.44591914173575076,8.240623383514883,7.794704241779132
7627,0.28487168195445534,7.950653575374331,7.665781893419876
7628,0.38651616769650604,8.219038403783964,7.832522236087458
7629,0.4384664590083158,8.125062885447512,7.686596426439197
7630,0.3379901102642054,8.223208712104503,7.885218601840298
7631,0.47068377264315314,8.245104265332326,7.774420492689173
7632,0.4632709542823875,8.237490724604953,7.774219770322565
7633,0.4083797976226118,8.212298612813779,7.803918815191167
7634,0.2905428322686615,8.181305106000178,7.890762273731516
7635,0.39251051904426854,8.247968375317098,7.85545785627283
7636,0.29730616774046714,8.185816263134194,7.888510095393727
7637,0.5490600879344245,8.102706257452382,7.5536461695179575
7638,0.47965899840173803,8.213554322234145,7.7338953238324075
7639,0.41479156852992266,8.091057962196839,7.676266393666916
7640,0.06529845887208645,8.209230221305686,8.1439317624336
7641,0.43848320981446043,8.144138316510254,7.705655106695794
7642,0.37135521244222625,8.175503031017177,7.804147818574951
7643,0.438758980147569,8.296613500405243,7.857854520257674
7644,0.34403713001150005,8.058050119228433,7.714012989216933
7645,0.2783682197809501,8.256805036912011,7.978436817131061
7646,0.42068072173541116,8.2326539161875,7.811973194452089
7647,0.2158047270398993,8.130558344316523,7.914753617276623
7648,0.24307627848941776,8.324678870810335,8.081602592320916
7649,0.31762083322443196,8.219819972982064,7.902199139757632
7650,0.3437624523821496,8.15294126146679,7.80917880908464
7651,0.4459869415773636,8.212557563130988,7.766570621553624
7652,0.45652952834474164,8.161404732374146,7.704875204029404
7653,0.45579967852327596,8.063945591079822,7.608145912556546
7654,0.34896312483871,8.208173882160047,7.859210757321336
7655,0.35188870171678543,8.27997234663472,7.928083644917934
7656,0.4899727161701006,8.138855787952977,7.648883071782876
7657,0.48417324718260124,8.22747066400278,7.7432974168201785
7658,0.38837980810305267,8.238913477487007,7.850533669383954
7659,0.3814885662153395,8.131343687393684,7.749855121178345
7660,0.5156864101107179,8.215450032098092,7.699763621987374
7661,0.2655090384347074,8.304760074147019,8.039251035712311
7662,0.3295291175700875,8.095296768759102,7.765767651189014
7663,0.37017022179989373,8.286100912370417,7.915930690570523
7664,0.5853446313267268,8.231516554068632,7.646171922741905
7665,0.5700761443231588,8.151200542069018,7.581124397745859
7666,0.4726937107295444,8.313295871162945,7.8406021604334
7667,0.435004309335598,8.209664583495641,7.774660274160043
7668,0.36252095726492994,8.10174500476621,7.7392240475012795
7669,0.3503517602655864,8.271794310409177,7.921442550143591
7670,0.3138948460795234,8.097562887908754,7.783668041829231
7671,0.31353478184184547,8.32608145936699,8.012546677525144
7672,0.25275994852392636,8.145050276105254,7.892290327581327
7673,0.37215831243891806,8.10839548355136,7.7362371711124425
7674,0.34438603163422393,8.134654655377222,7.790268623742998
7675,0.2767167975477932,8.325131263175606,8.048414465627813
7676,0.4469108704952592,8.243314681240701,7.796403810745442
7677,0.5036839833984988,8.184319050620314,7.680635067221814
7678,0.22997904480267833,8.231943227240231,8.001964182437552
7679,0.4003141956963034,8.125046932674152,7.724732736977849
7680,0.46507844029733797,8.168455635047128,7.703377194749789
7681,0.4477615544830316,8.395625724870458,7.947864170387426
7682,0.3802621643025504,8.169537124138555,7.789274959836005
7683,0.3474645102013074,8.069309326907158,7.72184481670585
7684,0.3731485591149573,8.139047577181064,7.765899018066106
7685,0.24049560466055675,8.444319292144867,8.20382368748431
7686,0.5629739801791728,8.316044065777799,7.753070085598626
7687,0.5832981666771596,8.250951206318224,7.667653039641064
7688,0.3538995336433223,8.219018757631202,7.86511922398788
7689,0.45424325972179763,8.215847293711278,7.76160403398948
7690,0.32176027546940067,8.210967142990267,7.889206867520866
7691,0.4408445189273353,8.07661991097664,7.635775392049306
7692,0.4958319227136221,8.253996943096217,7.758165020382595
7693,0.4926985482853579,8.03614041448664,7.543441866201282
7694,0.38724966558041274,8.201743839172867,7.814494173592454
7695,0.4381392918740705,8.235285508274496,7.797146216400425
7696,0.3325934496456573,8.16076160437443,7.828168154728774
7697,0.5550066074973902,8.19562536958435,7.640618762086961
7698,0.560640337111441,8.259682166198102,7.699041829086661
7699,0.4974440274341812,8.117710582833121,7.62026655539894
7700,0.3427729333081915,8.12773537861948,7.7849624453112884
7701,0.41033860514983994,8.062516667491586,7.652178062341746
7702,0.596255734775396,8.20824671217706,7.611990977401663
7703,0.49019540880188045,8.118810451300238,7.628615042498358
7704,0.41873868481287213,8.36123494240928,7.942496257596407
7705,0.27393289929137404,8.186738295992631,7.912805396701257
7706,0.28251285790193187,8.234821148625759,7.952308290723827
7707,0.40842071677409775,8.331600917102408,7.923180200328311
7708,0.37710421148691486,8.087507185040236,7.710402973553321
7709,0.347002996769982,8.204775030216114,7.857772033446132
7710,0.4085433537200133,8.243127745716999,7.8345843919969855
7711,0.4147426047955882,8.255115923632538,7.840373318836949
7712,0.4224315384145856,8.25642175138357,7.833990212968985
7713,0.4414555006846425,8.145924663205529,7.704469162520886
7714,0.335738864250092,8.159239471068002,7.82350060681791
7715,0.4927180251181626,8.233951757188759,7.741233732070596
7716,0.3243571287960467,8.298073914618096,7.973716785822049
7717,0.28330407137761243,8.106382899053452,7.82307882767584
7718,0.5650411792792185,8.23281061847992,7.667769439200702
7719,0.40604999357306615,8.293567450817573,7.887517457244507
7720,0.3195911462245402,8.161960443247104,7.842369297022564
7721,0.1960411036149262,8.232839477136238,8.036798373521313
7722,0.46435339928583813,8.105422516829364,7.641069117543526
7723,0.2347296054402894,8.075656215033659,7.840926609593369
7724,0.24258342514973072,7.991559996370016,7.748976571220286
7725,0.4321168620609621,8.173025957617249,7.740909095556287
7726,0.49011671102592885,8.203195161499984,7.713078450474055
7727,0.268382247986935,8.273504174606092,8.005121926619157
7728,0.37813554800512533,8.184765418440804,7.806629870435679
7729,0.5202800231299481,8.215002447911866,7.694722424781918
7730,0.4382090251772177,8.08766108069249,7.6494520555152725
7731,0.35396511316890544,8.159248974505523,7.805283861336617
7732,0.5177506128875912,8.354112068523978,7.836361455636387
7733,0.42086406943341237,8.127427604659625,7.706563535226212
7734,0.3065166218232162,8.328999354331295,8.02248273250808
7735,0.32660609936413165,8.182935681936103,7.856329582571971
7736,0.3554266469732491,8.282377860157201,7.926951213183952
7737,0.3350677226117535,8.186724548080521,7.851656825468768
7738,0.4803527761392564,8.299500238699812,7.819147462560555
7739,0.37519912434741337,8.154211488032622,7.779012363685209
7740,0.4824048979116982,8.166644960831848,7.684240062920149
7741,0.20226639655983486,8.230347707314488,8.028081310754652
7742,0.45598078664444636,8.224066252707026,7.768085466062579
7743,0.5797569522412581,8.19743565178769,7.617678699546431
7744,0.4796204636760282,8.27394372175848,7.794323258082452
7745,0.36277044449475815,8.17207423057602,7.809303786081262
7746,0.26425333269965434,8.074814938454692,7.810561605755037
7747,0.3127376445952559,8.176289850386047,7.863552205790791
7748,0.49716685741327654,8.242742681094043,7.745575823680767
7749,0.3691494712369645,8.18784533272402,7.818695861487056
7750,0.4422440934260629,8.097664019629221,7.655419926203158
7751,0.5366613984695596,8.354285712691548,7.8176243142219874
7752,0.614282203897094,8.151638854791026,7.537356650893932
7753,0.28319863510727505,8.159531108556655,7.87633247344938
7754,0.3315881724532169,8.163355375446525,7.831767202993308
7755,0.4321074399156943,8.215908204989637,7.783800765073942
7756,0.4437449954767233,8.162369056438905,7.718624060962182
7757,0.3535937345290814,8.102189977332213,7.748596242803131
7758,0.4018585251119069,8.221011970248856,7.8191534451369495
7759,0.2932831707707381,8.116517591535173,7.823234420764435
7760,0.40227609448187,8.233430057221772,7.8311539627399025
7761,0.3192005614941276,8.208402614495578,7.8892020530014495
7762,0.283760448030181,8.266927344358308,7.983166896328127
7763,0.471087957202376,8.22797785609417,7.756889898891795
7764,0.231946436498921,8.09158291209342,7.859636475594499
7765,0.4648824262679292,8.220268446466221,7.7553860201982925
7766,0.48274372067375126,8.222984274719614,7.740240554045863
7767,0.4790117399036754,8.191871703773897,7.712859963870222
7768,0.5255546985451709,8.17728729242495,7.651732593879779
7769,0.11493686200538686,8.05309786113428,7.938160999128892
7770,0.3996067791457481,8.059062474998278,7.65945569585253
7771,0.5464967234790172,8.186630770724689,7.640134047245671
7772,0.3246180200193959,8.14814143708174,7.823523417062344
7773,0.11525881204287894,8.146505584962224,8.031246772919346
7774,0.28662437823632103,8.195956703474245,7.909332325237924
7775,0.44821654983184184,8.140878010071306,7.6926614602394645
7776,0.4114920092366885,8.311007084446409,7.89951507520972
7777,0.3480927017677739,8.235056395300846,7.8869636935330725
7778,0.40620831726673323,8.166362136294925,7.760153819028192
7779,0.3886633122461238,8.143475954638221,7.754812642392098
7780,0.4503006367500063,8.209911451487628,7.759610814737622
7781,0.34958307252087306,8.328285824173783,7.97870275165291
7782,0.4336852317200464,8.214595185343534,7.780909953623487
7783,0.4883968915117098,8.256193456606827,7.767796565095117
7784,0.48062313221306935,8.174561242769382,7.693938110556313
7785,0.43162747667349494,8.20177523872426,7.770147762050764
7786,0.4535118148381399,8.28615301809402,7.832641203255879
7787,0.3060270148395753,8.15057186950074,7.844544854661164
7788,0.2248515788357301,8.329575230572381,8.10472365173665
7789,0.43343719666741043,8.285138005335908,7.851700808668497
7790,0.2296344663978069,8.202836022741076,7.97320155634327
7791,0.2470098463143371,8.139590771637883,7.8925809253235455
7792,0.352313805757527,8.186728947445392,7.834415141687865
7793,0.5170645511634347,8.109477992065505,7.592413440902071
7794,0.46758194953467636,8.23389832036711,7.766316370832434
7795,0.41043258894126183,8.227107192500375,7.816674603559113
7796,0.4469956075470378,8.363772375005878,7.91677676745884
7797,0.42114485196187695,8.261023609138245,7.839878757176368
7798,0.36688746736011135,8.12576171328111,7.758874245920998
7799,0.27640121700806897,8.190389813482042,7.913988596473973
7800,0.3908454172103559,8.22653506865239,7.835689651442035
7801,0.31192677764575566,8.118631879285909,7.806705101640153
7802,0.3031044172052011,8.191040171511196,7.887935754305994
7803,0.3718917691118082,8.298757996431968,7.9268662273201596
7804,0.25288792655180414,8.201645898975778,7.948757972423974
7805,0.22272601458154598,8.236922332232286,8.01419631765074
7806,0.35326995866753674,8.226734119554798,7.873464160887262
7807,0.42977581349163396,8.155968268989582,7.726192455497948
7808,0.3248920018842326,8.283077383154763,7.958185381270531
7809,0.4486154311256072,8.313439372440788,7.864823941315181
7810,0.46693192227912184,8.236154174662158,7.769222252383035
7811,0.3900480207146809,8.011841387925704,7.621793367211024
7812,0.1728694416180704,8.111402173779574,7.938532732161503
7813,0.35979529871400173,8.02021926417199,7.660423965457988
7814,0.451289034112196,8.17677448393097,7.725485449818774
7815,0.25192822523603103,8.219305451447608,7.967377226211577
7816,0.46011644234990107,8.164171373136355,7.704054930786454
7817,0.24264106634568333,8.224691552636852,7.982050486291168
7818,0.19573431706020591,8.266665037803548,8.070930720743343
7819,0.3846180100798937,8.327237377919653,7.942619367839759
7820,0.4479135323585015,8.217959204849723,7.7700456724912215
7821,0.4594270254645156,8.210899783215027,7.751472757750511
7822,0.3985264841568369,8.144315536312751,7.7457890521559145
7823,0.2794292068700058,8.133740123060806,7.8543109161908
7824,0.5618098662818309,8.413491864863154,7.8516819985813235
7825,0.19171921444270507,8.174126559081904,7.982407344639198
7826,0.4891183797650937,8.262630088701922,7.773511708936828
7827,0.4421666731626141,8.211496190912317,7.7693295177497035
7828,0.48698129333114976,8.264493925252262,7.7775126319211125
7829,0.47207172218079707,8.108407305836293,7.636335583655496
7830,0.3310400375506587,7.970952383521152,7.639912345970494
7831,0.24089325598661782,8.049697887782216,7.808804631795598
7832,0.3282140162453914,8.20559588724456,7.877381870999168
7833,0.5095068241638048,8.23316776193446,7.7236609377706555
7834,0.21497153988066536,7.976946493125422,7.761974953244756
7835,0.3963245517973478,8.208944782105384,7.812620230308036
7836,0.48637367861947534,8.339636813078513,7.853263134459038
7837,0.24612657463869833,8.047829637759472,7.801703063120773
7838,0.4307125204397618,8.138373914530822,7.70766139409106
7839,0.3387193571043355,8.104797497692708,7.766078140588372
7840,0.3537174789988891,8.087943806452174,7.7342263274532845
7841,0.6551661963858322,8.210964077789646,7.555797881403813
7842,0.3952480768161775,8.218241806256348,7.82299372944017
7843,0.3987636183250352,8.134868253457144,7.736104635132109
7844,0.2875082264832481,8.363292803240547,8.075784576757298
7845,0.4584132848841499,8.145966995848747,7.687553710964597
7846,0.2796060193378683,8.114370274157572,7.834764254819704
7847,0.41129965041434585,8.40244170519307,7.991142054778724
7848,0.435335720582377,8.222887188956364,7.787551468373986
7849,0.31912612592992323,8.188746729116364,7.869620603186441
7850,0.5061812748560442,8.187516258267056,7.681334983411012
7851,0.39140258923405047,8.209242095118363,7.817839505884312
7852,0.3898216031867899,8.198861603708485,7.809040000521695
7853,0.33015776268913144,8.180613783247487,7.850456020558356
7854,0.22661972546411996,8.018978272364178,7.792358546900058
7855,0.35250198110840736,8.154417411401711,7.801915430293304
7856,0.4795713505835767,8.16360115807534,7.684029807491763
7857,0.21748388879172173,8.137966133446893,7.9204822446551715
7858,0.40243777591497837,8.098944601182636,7.696506825267657
7859,0.3904583911598267,8.307417620125857,7.91695922896603
7860,0.5423189587279529,8.30001525908698,7.757696300359027
7861,0.04745130991341211,8.189300371817769,8.141849061904356
7862,0.4764829939142557,8.099863393385865,7.62338039947161
7863,0.3461235954157083,8.141978692841453,7.795855097425745
7864,0.4806702630133497,8.375163214881814,7.894492951868465
7865,0.4462109204338345,8.14794578992328,7.701734869489446
7866,0.40412352603667917,8.207332559722557,7.803209033685878
7867,0.4041458983776127,8.27816319963184,7.874017301254226
7868,0.35298708042424076,8.219773907105171,7.866786826680931
7869,0.4757008631130644,8.25515778740852,7.779456924295455
7870,0.25258426631426373,8.1745167432522,7.921932476937936
7871,0.2739661388301031,8.196284516001485,7.922318377171383
7872,0.5473084224909427,8.387943164912736,7.840634742421793
7873,0.35600830534512257,8.187025774032902,7.831017468687779
7874,0.11924997673936916,8.194437608089375,8.075187631350007
7875,0.3547593165226475,8.215769447973823,7.8610101314511756
7876,0.3482993831033893,8.059685862908413,7.711386479805024
7877,0.33674201512218077,8.084643629327319,7.747901614205138
7878,0.3214110605823578,8.167399274523857,7.845988213941499
7879,0.3221989666381893,8.264571925993431,7.942372959355242
7880,0.2737341680018185,8.145113031299102,7.871378863297283
7881,0.3440149830135524,8.302912252712439,7.958897269698886
7882,0.3893042141109402,8.002591777710478,7.613287563599538
7883,0.2794150489812772,8.234620085156688,7.955205036175411
7884,0.4705346120662847,8.295822701603987,7.825288089537702
7885,0.22086458210757468,8.233465324631515,8.01260074252394
7886,0.4842098342347555,8.446698389454996,7.96248855522024
7887,0.4205297122743821,8.261172822814311,7.840643110539929
7888,0.3801690160991399,8.246738430615931,7.866569414516791
7889,0.25577213302901536,8.26479213549923,8.009020002470214
7890,0.3513782050685904,8.109743205521912,7.758365000453322
7891,0.3839184269711926,8.259560907399907,7.875642480428715
7892,0.46971489900925417,8.488641414430253,8.018926515420999
7893,0.4209404924102874,8.17727512929924,7.756334636888952
7894,0.3646198602149839,8.144215602787058,7.7795957425720745
7895,0.3762322246049212,8.266765078422413,7.890532853817492
7896,0.09666831392494805,8.105458844883568,8.00879053095862
7897,0.518502064753071,8.222859869733972,7.7043578049809005
7898,0.5474405917897402,8.225429621695458,7.677989029905717
7899,0.31576316066691656,8.10574384839114,7.789980687724224
7900,0.391014643268009,8.087971977573517,7.696957334305508
7901,0.44052588757686423,8.347905469297203,7.907379581720338
7902,0.5751720388603998,8.336915916514572,7.7617438776541725
7903,0.30851644274531004,8.19161022943286,7.8830937866875495
7904,0.2909360907882232,8.111856116470596,7.820920025682373
7905,0.5039684019731999,8.192091007083818,7.6881226051106175
7906,0.2897290872500697,8.197894677358127,7.908165590108057
7907,0.3022623753704478,8.274500048087155,7.972237672716708
7908,0.43608547621780486,8.20009580688717,7.764010330669365
7909,0.4615453237813037,8.111563867394203,7.650018543612899
7910,0.48138770198047576,8.07356872061303,7.592181018632555
7911,0.39725967878914387,8.091461597261208,7.694201918472064
7912,0.3313198295728625,8.219172426994286,7.887852597421423
7913,0.37964217064860584,8.225202152341874,7.845559981693268
7914,0.3527890732649734,8.228715582031336,7.875926508766363
7915,0.16292788742602318,7.988578798517522,7.825650911091499
7916,0.4991619340075266,8.184053409270966,7.68489147526344
7917,0.3577191766877417,8.156048365033511,7.798329188345769
7918,0.361223756691303,8.190906277311983,7.82968252062068
7919,0.4643496413367704,8.226836266215726,7.762486624878955
7920,0.46550272813973037,8.255767633017944,7.790264904878214
7921,0.4026083298320484,8.2413120629346,7.838703733102552
7922,0.5394347195479998,8.35461342160223,7.815178702054229
7923,0.3861338847229887,8.268929319933308,7.882795435210319
7924,0.4807416449186192,8.240119386619822,7.759377741701203
7925,0.3689848803741026,8.229426894201072,7.86044201382697
7926,0.4194896413958361,8.155328699333111,7.735839057937275
7927,0.2838022353631494,8.104681000178017,7.820878764814868
7928,0.13496863510363036,8.1432807549912,8.008312119887568
7929,0.3904600540631563,8.327753919737681,7.937293865674524
7930,0.5888799407544184,8.260085537635966,7.671205596881547
7931,0.22772017050492643,8.200039895278461,7.972319724773535
7932,0.49034629822209597,8.296186471975824,7.805840173753729
7933,0.37942274315756697,8.262923015010818,7.883500271853251
7934,0.4224554767505533,8.082951248184822,7.6604957714342685
7935,0.3946920754877148,8.169047356935385,7.77435528144767
7936,0.5227344686457553,8.283523693372508,7.760789224726754
7937,0.3962673521181446,8.178851658593842,7.782584306475698
7938,0.4293873578954752,8.188597329492449,7.759209971596974
7939,0.2719429170731458,8.165060775944047,7.893117858870902
7940,0.5128343060658278,8.02474448696595,7.511910180900123
7941,0.7288954904256013,8.239564203676075,7.510668713250474
7942,0.4433785375480685,8.243937000002495,7.800558462454426
7943,0.39304389113530774,8.210487939782514,7.817444048647206
7944,0.3505433941070746,8.26710813975585,7.916564745648776
7945,0.2623655970772115,8.251008897955288,7.988643300878076
7946,0.48106283035659053,8.224174418883232,7.7431115885266415
7947,0.22741217533423896,7.98172100191351,7.754308826579271
7948,0.2560392559087975,8.16185986803845,7.905820612129652
7949,0.5597281946999718,8.161177862857135,7.601449668157164
7950,0.442671830151078,8.180400366557114,7.737728536406036
7951,0.46869704883057034,8.182497982361122,7.7138009335305515
7952,0.21915696982377855,8.298009440225654,8.078852470401875
7953,0.6720491609913732,8.284002651809132,7.611953490817759
7954,0.4637821365841037,8.13248477877586,7.6687026421917555
7955,0.37083188158572095,8.245767674178145,7.874935792592424
7956,0.3922850309224721,8.23733847419846,7.8450534432759875
7957,0.5427343789087228,8.32447124150709,7.781736862598368
7958,0.34992226305152613,8.394070001220381,8.044147738168855
7959,0.41593266616637803,8.22585511615935,7.809922449992972
7960,0.4287343615084315,8.113257566737326,7.684523205228895
7961,0.3277376333467609,8.102322271645344,7.774584638298583
7962,0.2222827061965798,8.072103727900286,7.849821021703706
7963,0.5983382345240958,8.3505305237757,7.752192289251603
7964,0.5346435527749669,8.247638393877544,7.712994841102577
7965,0.40070800781521726,8.282249719106067,7.88154171129085
7966,0.30920285240101,8.17641492614632,7.86721207374531
7967,0.5497758817670265,8.230099018097981,7.680323136330954
7968,0.37092864497345907,8.18509319155193,7.814164546578471
7969,0.36269646367178543,8.117970715187894,7.755274251516109
7970,0.301425692379835,8.095408897389486,7.793983205009651
7971,0.4020919403705946,8.176605522010332,7.774513581639738
7972,0.4239933397278588,8.186518451975491,7.762525112247633
7973,0.4631457953917315,8.29352129130127,7.8303754959095375
7974,0.4925045389459035,8.104816500543158,7.612311961597255
7975,0.32706051941456094,8.242630757091302,7.915570237676741
7976,0.24147805260917812,8.281316314647272,8.039838262038094
7977,0.42690271944989056,8.251077811045155,7.824175091595264
7978,0.41530015591992886,8.186455517473773,7.771155361553844
7979,0.36789045608556065,8.192387202703475,7.824496746617915
7980,0.35471201434298893,8.126481442290462,7.771769427947473
7981,0.5840908818006193,8.299662801985184,7.715571920184565
7982,0.3410170660381705,8.104353970756602,7.7633369047184315
7983,0.4704818978170104,8.143293128318797,7.672811230501787
7984,0.404426837360565,8.145336924315343,7.740910086954778
7985,0.35380267963762324,8.334926242121657,7.981123562484034
7986,0.5338931176928008,8.11813210347046,7.5842389857776595
7987,0.27207421035331175,8.214047109590425,7.941972899237113
7988,0.42867279455078927,8.1943632638473,7.765690469296511
7989,0.21235633247122254,8.152968810818429,7.940612478347206
7990,0.2955139664304827,8.212832637805326,7.917318671374843
7991,0.45588529159406016,8.161216687775685,7.7053313961816245
7992,0.4991089650160875,8.284334907289182,7.785225942273095
7993,0.3632627111815029,8.094234294058928,7.730971582877426
7994,0.3814687576828859,8.260834498069466,7.8793657403865796
7995,0.35296617847595224,8.20546063067633,7.852494452200377
7996,0.35243316897869614,8.153593909474141,7.801160740495445
7997,0.30578166946886126,8.17122344441564,7.865441774946778
7998,0.2257627681728704,8.14726429856089,7.921501530388019
7999,0.361408325640619,8.27833519220777,7.916926866567151
8000,0.4098946349180904,8.108067722905965,7.6981730879878745
8001,0.3881589700308893,8.28368535549793,7.895526385467041
8002,0.25716935639765437,8.215362814364473,7.958193457966819
8003,0.40146389795369614,8.257026600336765,7.855562702383069
8004,0.40135601554837363,8.04965821543571,7.648302199887335
8005,0.534553679729904,8.09551394414217,7.560960264412265
8006,0.2857245576224933,8.325791060174048,8.040066502551554
8007,0.3740535737623268,8.149153278223368,7.7750997044610415
8008,0.3599617776335191,8.185352102403485,7.825390324769966
8009,0.2605424983278935,8.194718203181264,7.93417570485337
8010,0.24968154084554356,8.0733520180673,7.823670477221757
8011,0.4150758802547188,8.285191504273536,7.870115624018817
8012,0.33740361502971533,8.114589106069415,7.7771854910397
8013,0.3518519411776705,8.322473999872384,7.970622058694714
8014,0.41920539425863546,8.127171480577362,7.707966086318726
8015,0.5533392047633054,8.217538665439527,7.664199460676222
8016,0.28093791034193744,8.20523740873329,7.924299498391352
8017,0.5275186251194053,8.330129335971442,7.802610710852036
8018,0.3667168326530149,8.167666515973982,7.800949683320967
8019,0.48551290375556505,8.350783759242635,7.865270855487069
8020,0.4719985963009158,8.167994226517388,7.695995630216473
8021,0.3193872668462796,8.122205563627926,7.802818296781647
8022,0.4615631824318311,8.103013336394142,7.64145015396231
8023,0.30447429767844,8.141506347374293,7.8370320496958525
8024,0.304555254322611,8.343476424565981,8.03892117024337
8025,0.31537943581741923,8.166684255537637,7.851304819720218
8026,0.5569215609813462,8.396139966013916,7.83921840503257
8027,0.5667361730428313,8.241447375729837,7.674711202687006
8028,0.6725915099160428,8.22971382426699,7.557122314350947
8029,0.3424238365405706,8.129090388929562,7.786666552388992
8030,0.4430514669866262,8.256203912713524,7.813152445726898
8031,0.3640536788421794,8.309848723866663,7.945795045024484
8032,0.394456656509647,8.158991460875669,7.764534804366022
8033,0.26354077433142714,8.16101968384411,7.8974789095126825
8034,0.3892106185755524,8.34619198572603,7.956981367150478
8035,0.3591968415958587,8.196269040917278,7.837072199321419
8036,0.5298280164821767,8.191064996791146,7.66123698030897
8037,0.39341630907187936,8.119057434664356,7.725641125592476
8038,0.502204525000959,8.11526066913948,7.613056144138522
8039,0.37113902838258006,8.213359001648056,7.842219973265476
8040,0.26551339935789137,8.10485871129487,7.839345311936979
8041,0.26356346491494625,8.23300539672736,7.969441931812415
8042,0.3080272083482775,8.095019334147162,7.786992125798885
8043,0.28522230196373555,8.07362502713782,7.788402725174085
8044,0.5025956363659831,8.304506790378593,7.801911154012609
8045,0.2693677276999055,8.063164515134195,7.79379678743429
8046,0.4583605926175256,8.077290980457951,7.618930387840425
8047,0.5623435843492134,8.334198277909548,7.771854693560335
8048,0.4944829079546497,8.242703099133607,7.748220191178957
8049,0.47578101582471655,8.153109241113127,7.67732822528841
8050,0.4092477459214223,8.277258235863611,7.868010489942189
8051,0.5896908720549567,8.23738322443084,7.647692352375882
8052,0.4986639239118646,8.205597315844578,7.706933391932713
8053,0.43442399190116815,8.303555996767544,7.869132004866376
8054,0.41022809205916405,8.134146768229702,7.723918676170538
8055,0.26359692865246404,8.159232442691088,7.8956355140386245
8056,0.31140014796275184,8.058985325491728,7.7475851775289755
8057,0.5299923351293184,8.172977471530187,7.642985136400869
8058,0.525613515903365,8.174747573853711,7.649134057950346
8059,0.4180377545896286,8.136093493504434,7.7180557389148055
8060,0.5214605768887637,8.118268054674695,7.596807477785932
8061,0.35269844847177995,8.170685045575432,7.817986597103652
8062,0.24503529494553067,8.267683027389639,8.022647732444108
8063,0.34804524417296634,8.202081537566428,7.854036293393462
8064,0.43156288698592626,8.300228245246695,7.868665358260769
8065,0.26015378658131544,8.134863159245045,7.874709372663729
8066,0.3465574626710386,8.160468629684088,7.81391116701305
8067,0.5277930343397628,8.225058325199878,7.697265290860115
8068,0.5052520022949298,8.218050620805549,7.712798618510619
8069,0.3933558460095113,8.295855635584253,7.902499789574742
8070,0.5558781270802295,8.046102860553503,7.490224733473274
8071,0.3255125977763123,8.356265597062182,8.03075299928587
8072,0.47565044706527176,8.223298220920402,7.74764777385513
8073,0.49999660623634584,8.11390726439503,7.613910658158684
8074,0.3126031202751859,8.232555236717875,7.91995211644269
8075,0.46568058911556276,8.143899038806806,7.678218449691244
8076,0.46296598815597073,8.35647624795848,7.893510259802508
8077,0.38497394910422256,8.36366408690464,7.978690137800418
8078,0.5206071109049859,8.43239598975645,7.911788878851465
8079,0.17824250253530624,8.129568297341091,7.951325794805785
8080,0.4002028494755848,8.148134084235833,7.747931234760248
8081,0.29475887290571784,8.154444306645155,7.859685433739437
8082,0.3049989387186392,8.05728433901396,7.75228540029532
8083,0.440409216446746,8.140949056525482,7.700539840078736
8084,0.41243209792554475,8.223872959179822,7.811440861254277
8085,0.3143471798166446,8.054354613018441,7.7400074332017965
8086,0.27041415946341063,8.164845240388276,7.894431080924866
8087,0.42457135128247003,8.408503142718986,7.983931791436516
8088,0.29989683738075285,8.287392249878133,7.98749541249738
8089,0.49708863211324344,8.193027130940013,7.69593849882677
8090,0.3841895940415651,8.21594357593449,7.831753981892925
8091,0.5288108729888151,8.379016427141838,7.850205554153023
8092,0.3308193811824836,8.18149217444829,7.850672793265805
8093,0.46816113563788725,8.083846885769455,7.6156857501315685
8094,0.3511777934577562,8.107176657228221,7.755998863770465
8095,0.29053742551228645,8.021727260288067,7.731189834775781
8096,0.4624766449713008,8.242443279050885,7.779966634079584
8097,0.4362890352241572,8.249516547223303,7.813227511999146
8098,0.393037208120166,8.18555984757904,7.792522639458873
8099,0.3461392706250518,8.267409427583681,7.921270156958629
8100,0.2589636503828104,8.224124616926138,7.965160966543328
8101,0.4951660326142203,8.143087619573638,7.647921586959418
8102,0.36548141265695067,8.129161089790575,7.7636796771336245
8103,0.3860254598960108,8.22635098891267,7.840325529016658
8104,0.5951138590078587,8.192392521251062,7.597278662243203
8105,0.3119105207787551,8.17711649383251,7.865205973053755
8106,0.356338472670699,8.206928996123537,7.850590523452838
8107,0.6128232935807809,8.516499692742125,7.903676399161344
8108,0.511377072605407,8.220604069829708,7.709226997224301
8109,0.25103303152026707,8.258132466367533,8.007099434847266
8110,0.4898549876680345,8.206623178841996,7.716768191173961
8111,0.36065560753738757,8.21637907461784,7.855723467080453
8112,0.3444834657202441,8.072783424929812,7.728299959209568
8113,0.38947278646832934,8.09247334140142,7.70300055493309
8114,0.37719354791512216,8.316734221897313,7.939540673982191
8115,0.5371131002794197,8.275641619485857,7.738528519206437
8116,0.43552247908539843,8.49119366258434,8.055671183498943
8117,0.459407314870007,8.16178060720591,7.702373292335904
8118,0.3426179190486889,8.232272903756405,7.889654984707716
8119,0.513771941558882,8.319417917946083,7.8056459763872015
8120,0.26068234570414495,8.30828996879265,8.047607623088505
8121,0.48032828287606044,8.339117930701407,7.858789647825347
8122,0.2101509622849261,8.23006104654071,8.019910084255784
8123,0.1850042081592829,8.061213999832852,7.876209791673569
8124,0.3106499104532667,8.293737654898411,7.983087744445145
8125,0.3874628888533193,8.176596979453622,7.789134090600303
8126,0.5575505484646431,8.351954855087142,7.794404306622498
8127,0.49440086316177584,8.162466765933834,7.668065902772058
8128,0.3866861088313504,8.127395245174144,7.740709136342794
8129,0.4583412427649843,8.117189396879837,7.658848154114853
8130,0.43595128167799513,8.105216857855503,7.669265576177508
8131,0.2755098590256048,8.159587432424756,7.884077573399151
8132,0.3964117736781996,8.167379773683429,7.7709680000052295
8133,0.5186567872645299,8.185778580778234,7.6671217935137035
8134,0.37308518756524933,8.327339754590767,7.954254567025518
8135,0.4809673368081041,8.142560129128555,7.661592792320451
8136,0.4117826476249293,8.15699507492797,7.7452124273030405
8137,0.3634858068753068,8.27901793911165,7.915532132236343
8138,0.36859402620872295,8.086545905059285,7.717951878850562
8139,0.3264974005528923,8.237408953757845,7.9109115532049525
8140,0.3071701104419538,8.12145585868545,7.814285748243497
8141,0.20182666869103005,8.091725345404758,7.889898676713727
8142,0.4715581186322488,8.164074602905925,7.692516484273677
8143,0.3612288250923801,8.150445856251434,7.789217031159054
8144,0.43629188538299446,8.320233690453387,7.883941805070393
8145,0.4081098272152336,8.331502332832665,7.923392505617431
8146,0.5048787022796,8.10580174792583,7.60092304564623
8147,0.6425559517861817,8.219069378288959,7.5765134265027765
8148,0.392511797487961,8.0651851388198,7.672673341331839
8149,0.27427672894547817,8.291937430423081,8.017660701477602
8150,0.3494129662934297,8.208584019104327,7.859171052810898
8151,0.37270902355146307,8.158908566820019,7.786199543268555
8152,0.5023604611595779,8.312659591849284,7.810299130689707
8153,0.16871498542887806,8.135737252520038,7.96702226709116
8154,0.4915748867417565,8.164352267068043,7.672777380326287
8155,0.37903185277076284,8.292415795373287,7.9133839426025245
8156,0.2656246109145695,8.258072318850816,7.992447707936247
8157,0.4838006127666277,8.159082455290509,7.675281842523881
8158,0.37557511663111254,8.190366199660442,7.81479108302933
8159,0.47175245250737996,8.113828500433002,7.642076047925622
8160,0.3083202818555192,8.228234448619704,7.919914166764184
8161,0.4224971437671995,8.159229677159558,7.736732533392359
8162,0.3323924302161337,8.14303775754931,7.810645327333177
8163,0.48248773263834016,8.3593564425893,7.87686870995096
8164,0.4278609594452615,8.05765382923036,7.629792869785097
8165,0.30130565925526887,8.152098796630682,7.850793137375413
8166,0.41480946966226023,8.175881073737926,7.761071604075666
8167,0.4922344138234353,8.306180287149799,7.813945873326364
8168,0.5323226817016611,8.230008429862119,7.697685748160458
8169,0.3337093381174128,8.148039555303262,7.814330217185849
8170,0.3165284321121099,8.16790774347514,7.851379311363031
8171,0.24113807701751352,8.180709038669917,7.939570961652404
8172,0.24882354402651266,8.31059333615104,8.061769792124528
8173,0.29673558988075227,8.147443832551218,7.850708242670466
8174,0.26045337004515806,8.177383313070198,7.91692994302504
8175,0.3145049055901976,8.316831505909782,8.002326600319584
8176,0.3050901030176223,8.142572834494134,7.837482731476511
8177,0.3134341609496286,8.09373650562053,7.780302344670901
8178,0.5951995138735698,8.212268815918003,7.617069302044434
8179,0.27817292015044814,8.192405072093239,7.914232151942791
8180,0.5934907482375189,8.276121413474494,7.6826306652369745
8181,0.2880537611548329,8.202127830890193,7.91407406973536
8182,0.5986765448164495,8.17024653495218,7.57156999013573
8183,0.4991594325695977,8.226473153669202,7.727313721099605
8184,0.3986347446509515,8.11006780569733,7.711433061046378
8185,0.2207884546687655,8.099548048943737,7.878759594274971
8186,0.36610440177616865,8.265753141924758,7.8996487401485895
8187,0.46227116792073436,8.224966959780035,7.762695791859301
8188,0.35283780326800185,8.123739178801372,7.770901375533371
8189,0.23510675224452318,8.144241804149502,7.909135051904978
8190,0.4021264072900238,8.238794338228475,7.836667930938451
8191,0.3991732161863609,8.266606720823681,7.8674335046373205
8192,0.29975558127838225,8.224066135127412,7.92431055384903
8193,0.17360840801109195,8.175305376513023,8.001696968501932
8194,0.3791903020672956,8.183782424128516,7.80459212206122
8195,0.2670036337665304,8.085008654169595,7.818005020403064
8196,0.48994238141764485,8.224859649394269,7.734917267976623
8197,0.3811113393389388,8.16009593888036,7.778984599541421
8198,0.4138134120007738,8.222484395166576,7.808670983165802
8199,0.5292017323748168,8.254078530749574,7.724876798374757
8200,0.19543801076884418,7.979670389770118,7.784232379001274
8201,0.4512197123514002,8.192323536460819,7.741103824109419
8202,0.537605115902975,8.384199996181225,7.84659488027825
8203,0.384964756333257,8.105089733733676,7.720124977400419
8204,0.3090600976909637,8.238216076245896,7.929155978554933
8205,0.296419372959409,8.099983255022707,7.8035638820632975
8206,0.4452543584453327,8.179502033600729,7.734247675155396
8207,0.5196406933565033,8.204010617279456,7.684369923922953
8208,0.5488359576838377,8.244975480243411,7.696139522559574
8209,0.3110322715477328,8.118418226497285,7.807385954949552
8210,0.3154084715232782,8.130042526304333,7.814634054781055
8211,0.2539762585906133,8.164532357943905,7.9105560993532915
8212,0.25433537317266636,8.112203366039244,7.857867992866578
8213,0.38762071295151057,8.325691130153633,7.938070417202122
8214,0.33090177144595373,8.170465362669422,7.839563591223468
8215,0.33204825135486743,8.355285447963803,8.023237196608935
8216,0.46457604252472456,8.268403857915779,7.803827815391054
8217,0.39601260666378024,8.196459693638268,7.800447086974487
8218,0.5338322500351056,8.050966382163786,7.51713413212868
8219,0.3646551627018097,8.098619899511759,7.733964736809949
8220,0.3740879278465129,8.1925761897369,7.818488261890388
8221,0.47253953937158466,8.309161985767687,7.8366224463961025
8222,0.11040414167454457,8.157528136554635,8.04712399488009
8223,0.3915323600196385,8.17114896105271,7.779616601033071
8224,0.39170381862727466,8.219546071441515,7.82784225281424
8225,0.6085619234645884,8.279225204607977,7.670663281143389
8226,0.40650737594221853,7.9785927676298085,7.57208539168759
8227,0.34900738792619634,8.046835757505791,7.697828369579595
8228,0.3882559643266577,8.270027224193221,7.8817712598665635
8229,0.21323912106295181,8.079746785263879,7.8665076642009275
8230,0.37975478473962154,8.282467625806941,7.902712841067319
8231,0.27493055195463073,8.192045187599671,7.91711463564504
8232,0.4782950053951304,8.09608080777768,7.617785802382549
8233,0.5230232817692824,8.13524878363272,7.612225501863438
8234,0.3859209816656982,8.194020771549612,7.808099789883913
8235,0.32185718120101986,8.112941239484657,7.791084058283637
8236,0.2810254635703211,8.238365437551884,7.957339973981563
8237,0.3756988838850956,8.232396060320957,7.856697176435861
8238,0.30069848543768424,8.133501438418804,7.83280295298112
8239,0.3469254286674292,8.13926545621081,7.79234002754338
8240,0.3606329271839382,8.080209270538736,7.719576343354798
8241,0.5286425908175861,8.164797630873316,7.63615504005573
8242,0.18405420752242707,8.126186609760653,7.942132402238226
8243,0.46224146415041695,8.285777138365987,7.823535674215569
8244,0.2915534454314044,8.213666525733862,7.9221130803024575
8245,0.436746649135693,8.192607577555213,7.75586092841952
8246,0.3701904354417055,8.103651940660546,7.73346150521884
8247,0.3251362677834013,8.079577784849507,7.754441517066105
8248,0.4329246259812431,8.183616921705305,7.750692295724062
8249,0.3817315305831583,8.05453994361222,7.6728084130290615
8250,0.46972612064730657,8.219822075190661,7.7500959545433545
8251,0.5210769815306332,8.162211437323801,7.641134455793168
8252,0.35570577129791836,8.26014440179183,7.904438630493912
8253,0.4097844485339666,8.227660812731886,7.817876364197919
8254,0.5285487051302052,8.208936125568846,7.68038742043864
8255,0.5381086482366565,8.20657127384483,7.668462625608173
8256,0.253484565125822,8.188441825362192,7.93495726023637
8257,0.3998720055715552,8.193490678796111,7.7936186732245565
8258,0.4481219234261403,8.282751572689612,7.834629649263472
8259,0.5204063391234216,8.162874383349717,7.6424680442262956
8260,0.3001852336162935,8.314203541554878,8.014018307938585
8261,0.39821356751792597,8.157668311819329,7.759454744301403
8262,0.46829281193104955,8.37476147055492,7.906468658623871
8263,0.36115260003468,8.143106006096758,7.781953406062078
8264,0.3184898726338767,8.095427687914643,7.776937815280767
8265,0.5413200197338032,8.222756659217934,7.681436639484131
8266,0.2880382785419937,8.286127692803463,7.99808941426147
8267,0.5475986339768357,8.156805967738963,7.609207333762127
8268,0.3308671098529778,8.166226089261498,7.83535897940852
8269,0.465554023308164,8.054377744986459,7.5888237216782946
8270,0.2168567496487351,8.302887328953277,8.086030579304541
8271,0.26743382126964427,8.162807704661438,7.895373883391794
8272,0.4020566136161768,8.435598716739841,8.033542103123665
8273,0.39776119845293456,8.378749084385355,7.98098788593242
8274,0.43964755132900285,8.206185992462073,7.76653844113307
8275,0.4221688656538364,8.203704935541097,7.78153606988726
8276,0.31208882231781027,8.278264580640624,7.966175758322813
8277,0.48486578100735406,8.184068143584414,7.69920236257706
8278,0.5166427704718105,8.208956235922606,7.692313465450796
8279,0.33640753296079956,8.194516772591198,7.858109239630399
8280,0.4654634396427672,8.061945573000962,7.596482133358195
8281,0.5621836744750756,8.303891886719407,7.7417082122443315
8282,0.37519491033620084,8.168096193735094,7.792901283398893
8283,0.56091860927648,8.321050307933872,7.760131698657392
8284,0.45442257594940527,8.040305242579082,7.585882666629677
8285,0.5482513862145079,8.299400325117778,7.75114893890327
8286,0.5821604482616214,8.244080382939064,7.661919934677442
8287,0.32615276280327443,8.008749982620753,7.682597219817478
8288,0.3932783732571844,8.191771244631502,7.798492871374317
8289,0.4969675997488155,8.25113941150375,7.754171811754935
8290,0.2095320115854185,8.206304441555112,7.996772429969694
8291,0.3324525896239417,8.257147422017422,7.92469483239348
8292,0.38971794123257075,8.21701722125912,7.827299280026549
8293,0.5188396978370773,8.350321371303208,7.831481673466131
8294,0.3923059927059241,8.025856605524023,7.633550612818099
8295,0.31959600729598686,8.158120036677607,7.83852402938162
8296,0.28213258990128737,8.046583387503087,7.7644507976018
8297,0.480117373107715,8.275893812639017,7.795776439531302
8298,0.37257939451898175,8.122007673289177,7.749428278770195
8299,0.2473532866571456,8.299469322418188,8.052116035761042
8300,0.49897929768861643,8.050070137316844,7.551090839628228
8301,0.49473979127623346,8.078281071191972,7.583541279915739
8302,0.3604473752797386,8.138714277849616,7.778266902569877
8303,0.4227613383398534,8.110639349946625,7.687878011606772
8304,0.282313024643328,8.1258333743243,7.843520349680972
8305,0.4366995466423111,8.216547518764248,7.779847972121937
8306,0.2896170346245895,8.281838647373457,7.992221612748867
8307,0.594995219903333,8.19191747331851,7.596922253415177
8308,0.5324849601591907,8.403141491988315,7.870656531829124
8309,0.33943621958665054,8.237634324411815,7.898198104825164
8310,0.5783708900031583,8.293576212838964,7.715205322835805
8311,0.5979851339656768,8.275661560499225,7.677676426533548
8312,0.3827243967786248,8.24665103408485,7.863926637306226
8313,0.45193249222702275,8.146504787977868,7.694572295750845
8314,0.441366937782052,8.348529003377571,7.907162065595519
8315,0.3601305527867931,8.247248789691502,7.887118236904709
8316,0.37120812204730635,8.046424682438582,7.675216560391275
8317,0.39785519862568763,8.206291227876271,7.808436029250584
8318,0.49760352264999136,8.278138702053567,7.780535179403576
8319,0.5770975324135034,8.213763248512997,7.636665716099493
8320,0.4356849805229181,8.22253159193697,7.786846611414052
8321,0.3839524910801404,8.146862697097994,7.762910206017853
8322,0.40724992717448677,8.312102131107245,7.904852203932759
8323,0.5661163898580939,8.35330095450761,7.787184564649516
8324,0.24424394592385223,8.295130269357468,8.050886323433616
8325,0.7006401865048892,8.131932458022638,7.431292271517748
8326,0.25465099089505605,8.179040022496817,7.924389031601761
8327,0.4229389482513575,8.29232012520547,7.8693811769541115
8328,0.5400349086228811,8.160286704624653,7.620251796001772
8329,0.29299940856958634,8.182718324551317,7.889718915981731
8330,0.5832638467216091,8.276427794822498,7.693163948100889
8331,0.4383163270612884,8.309049898266887,7.870733571205598
8332,0.3158562190143426,8.092714552046226,7.776858333031884
8333,0.48000921596521623,8.115444384029573,7.635435168064356
8334,0.37594641915188487,8.241562267261841,7.8656158481099565
8335,0.2599562204926874,8.243361284450334,7.983405063957647
8336,0.3684542957837618,8.143864944034796,7.775410648251034
8337,0.4902182466348919,8.356005063200163,7.865786816565271
8338,0.5186831519528622,8.245665730121758,7.726982578168895
8339,0.5080216919595582,8.301916576891621,7.793894884932063
8340,0.4298791648695683,8.276476691454627,7.846597526585059
8341,0.336547651107542,8.201723844480986,7.865176193373444
8342,0.3539950140013732,8.022647083422953,7.66865206942158
8343,0.22300331193210496,8.136026060198878,7.913022748266773
8344,0.38225283466195575,8.145560430772672,7.7633075961107165
8345,0.3000213915841645,8.069044370509012,7.7690229789248475
8346,0.31623795748542843,7.917321117601279,7.60108316011585
8347,0.36626428311988846,8.145781668890317,7.779517385770428
8348,0.5115385884449006,8.092973282279782,7.581434693834882
8349,0.6791341455013072,8.412419262689145,7.733285117187838
8350,0.5007238694113034,8.257641434577545,7.756917565166241
8351,0.4994307325555558,8.16993450667048,7.670503774114923
8352,0.4754843427770924,8.194099872173547,7.7186155293964545
8353,0.42715206738017136,8.125594606501549,7.698442539121378
8354,0.4807189131735858,8.248811233355811,7.768092320182225
8355,0.41870128180703736,8.14187140182767,7.723170120020632
8356,0.3152375413371369,8.13405047807084,7.818812936733703
8357,0.3841554772825747,8.248696536906161,7.864541059623586
8358,0.5467653951387024,8.255271671717837,7.708506276579135
8359,0.29598398784206864,8.27609560661371,7.980111618771642
8360,0.25684647702628394,8.223893096208512,7.967046619182228
8361,0.3841550492468646,8.334879705327621,7.950724656080757
8362,0.29264753740321336,7.975934045327533,7.68328650792432
8363,0.34764360688828694,8.209189177617008,7.861545570728721
8364,0.4578578637164055,8.252045477757909,7.794187614041503
8365,0.2969985071260594,8.174427427756184,7.877428920630124
8366,0.3282693283804998,8.192098966516385,7.8638296381358845
8367,0.5222564357160102,8.16422082070362,7.64196438498761
8368,0.41905461856104426,8.1534825237936,7.734427905232557
8369,0.3359081744996103,8.319254070172063,7.983345895672453
8370,0.4668306165775231,8.204814707842642,7.737984091265119
8371,0.3042919582747972,8.235508474409693,7.931216516134896
8372,0.47705581408784503,8.193506190200843,7.716450376112998
8373,0.24844579065803546,7.941410335365974,7.692964544707939
8374,0.2981970948787735,8.109028198976342,7.810831104097568
8375,0.49274913599533454,8.267799218048843,7.775050082053508
8376,0.33517529374344496,8.243367466149357,7.908192172405911
8377,0.5332742260944324,8.069469634149867,7.536195408055434
8378,0.34438677240019133,8.241498328159892,7.897111555759701
8379,0.4729395854401804,8.148684227361208,7.675744641921028
8380,0.4472341209358515,8.178457451590868,7.731223330655016
8381,0.5739478155402896,8.210891673102,7.636943857561709
8382,0.3904401359206884,8.237007970605916,7.846567834685228
8383,0.5125928665253141,8.245024541702724,7.73243167517741
8384,0.4407820965510406,8.124293333791533,7.683511237240492
8385,0.36787162932292533,8.125499905954914,7.757628276631989
8386,0.3582817986952426,8.152550454569107,7.794268655873865
8387,0.34810664064735847,8.108987769482068,7.7608811288347095
8388,0.4081642497366205,8.20552806093895,7.797363811202328
8389,0.37885833297238813,8.228494391839412,7.8496360588670235
8390,0.44027469056654717,8.070232443008582,7.629957752442034
8391,0.3630742544994878,8.126465445525174,7.763391191025686
8392,0.49248925630954915,8.458082586252122,7.965593329942572
8393,0.30252682883734944,8.272306131222786,7.969779302385437
8394,0.43551916933969254,8.254786571910827,7.819267402571135
8395,0.4635683816494327,8.29685840377688,7.833290022127448
8396,0.09968106377451293,8.187373692981032,8.087692629206519
8397,0.4119073624274041,8.29669067774467,7.884783315317265
8398,0.32554750886109735,8.242527400560798,7.9169798916997
8399,0.413052097797347,8.133857560040996,7.720805462243649
8400,0.3453900486450647,8.1979883328936,7.8525982842485345
8401,0.5645379148585509,8.201210783629785,7.6366728687712335
8402,0.4544689770376493,8.061058388082989,7.60658941104534
8403,0.47079423254519975,8.158539208875133,7.687744976329934
8404,0.6006588830006478,8.159512242133706,7.5588533591330584
8405,0.3395586842618687,8.305684539001692,7.966125854739824
8406,0.36971833338280985,8.21847905797467,7.848760724591861
8407,0.4851926775610582,8.205691911471527,7.720499233910469
8408,0.42861819743552493,8.262639193984217,7.834020996548692
8409,0.39970235579980395,8.188007129768529,7.788304773968725
8410,0.25196540727868166,8.289441418355459,8.037476011076777
8411,0.3964740391436601,8.19513961048786,7.7986655713442
8412,0.6051704953081082,8.29565960845756,7.690489113149452
8413,0.5315954542348709,8.197183391719507,7.665587937484636
8414,0.2903406777659179,8.172897071415223,7.882556393649305
8415,0.42737651606815213,8.166289379915028,7.738912863846876
8416,0.31859796153475517,8.161018882206521,7.842420920671766
8417,0.543423418071719,8.278253062116988,7.734829644045269
8418,0.3530947419807032,8.267695506064006,7.914600764083303
8419,0.5279696329265053,8.184056167996578,7.656086535070073
8420,0.4095556505317686,8.29103127350228,7.881475622970512
8421,0.2334813122781504,8.17236398763011,7.93888267535196
8422,0.3865984176831794,8.214092829274792,7.827494411591612
8423,0.3397296578688271,8.310525740541783,7.970796082672956
8424,0.45896564296034886,8.153419149186753,7.694453506226404
8425,0.34541757113956073,8.247483060911616,7.902065489772055
8426,0.47762921622270327,8.252546256996274,7.774917040773571
8427,0.3429049986124194,8.125610640942012,7.782705642329593
8428,0.35269772402283506,8.197117633330727,7.8444199093078915
8429,0.49534939704130215,8.218264222778732,7.72291482573743
8430,0.24037630692502535,8.165762310735568,7.925386003810543
8431,0.37899849256285284,8.047096921794079,7.668098429231226
8432,0.2529199675936434,8.07517296162155,7.822252994027907
8433,0.4173089556681184,8.089788900283184,7.672479944615065
8434,0.29357699621417044,8.195613778530959,7.902036782316788
8435,0.469381686633403,8.218498283721502,7.749116597088099
8436,0.6597449170246185,8.297231988027882,7.637487071003263
8437,0.3226406606702246,8.137574509169138,7.814933848498913
8438,0.5105209708199023,8.254638304388527,7.744117333568624
8439,0.36661785939211283,8.163396375189764,7.7967785157976515
8440,0.49551269836823786,8.241398898387894,7.745886200019656
8441,0.34153891475878995,7.989981212970009,7.648442298211219
8442,0.22237952046782591,8.106603779809662,7.884224259341836
8443,0.5814197301427283,8.325448620521433,7.744028890378705
8444,0.42904072917203656,8.19168527613588,7.762644546963844
8445,0.551877742767928,8.12226051338273,7.570382770614803
8446,0.37304703501528236,8.26461535377392,7.891568318758637
8447,0.2601388292822603,8.308744713986854,8.048605884704594
8448,0.3552009449653986,8.224878896472756,7.869677951507358
8449,0.3567873957103997,8.370126473045582,8.013339077335182
8450,0.3526376499499411,8.307676425278663,7.955038775328721
8451,0.47469961671004396,8.273962518069906,7.799262901359862
8452,0.3814595361389646,8.09777485464307,7.716315318504106
8453,0.39802824914781043,8.191188262966818,7.7931600138190085
8454,0.5741649937240575,8.327565828380838,7.75340083465678
8455,0.39355193577958547,8.195080191647413,7.801528255867828
8456,0.242569766567603,8.037901148076628,7.795331381509025
8457,0.13937499301615197,8.243936299500174,8.104561306484023
8458,0.2925649973027243,8.084408320985188,7.791843323682464
8459,0.35785974377641705,8.268553527983274,7.910693784206857
8460,0.23154594926529537,8.212758581875292,7.981212632609997
8461,0.3350102648327924,8.276462046145385,7.941451781312592
8462,0.33802259869641743,8.278958737407732,7.940936138711315
8463,0.3593746355132796,8.252075276294653,7.892700640781373
8464,0.3689816444574559,8.240853000461742,7.871871356004286
8465,0.25480329255106177,8.161397060166973,7.906593767615911
8466,0.4139621162355236,8.172228357475381,7.758266241239857
8467,0.4139415527861133,8.24300465194772,7.829063099161607
8468,0.42192812461399837,8.132494957769456,7.7105668331554575
8469,0.4113372263119149,8.253941686851137,7.842604460539222
8470,0.43751934547240234,8.162398549066703,7.7248792035943
8471,0.3628826884296231,8.183232771264397,7.820350082834773
8472,0.499295209829288,8.197550085413114,7.698254875583826
8473,0.33434726653501845,8.257586149813795,7.923238883278777
8474,0.5190723803744907,8.085215287328582,7.5661429069540915
8475,0.4499360213934349,8.261305615243105,7.81136959384967
8476,0.4709498795694902,8.160265224884258,7.689315345314768
8477,0.3322491237440368,8.311260520318893,7.979011396574856
8478,0.49872917737380296,8.193316322190695,7.694587144816892
8479,0.48321343845475895,8.161185559339252,7.677972120884493
8480,0.4251733542473638,8.302700391537275,7.877527037289911
8481,0.3750196442662594,8.225764544380608,7.850744900114349
8482,0.46823076169636013,8.373501420524725,7.905270658828365
8483,0.451003031464325,8.211424946754795,7.760421915290469
8484,0.43557417546911276,8.123486416723756,7.687912241254643
8485,0.36720160113298667,8.320268418170537,7.95306681703755
8486,0.2099690302266805,7.97460642899907,7.764637398772389
8487,0.5099087497983154,8.284801110175094,7.7748923603767786
8488,0.4191923963617528,8.208373100619555,7.789180704257802
8489,0.4859148326284853,8.267171876743118,7.781257044114633
8490,0.27686108713203444,8.231293408792208,7.954432321660174
8491,0.5460463047003256,8.400491743893257,7.854445439192931
8492,0.6060149631178353,8.08662580136067,7.480610838242835
8493,0.464284474284871,8.259158577635363,7.794874103350492
8494,0.22724320134139908,8.093661576776448,7.866418375435049
8495,0.4825736517611082,8.258691042136498,7.776117390375389
8496,0.378764292699855,8.097682160778744,7.718917868078889
8497,0.3120395492574985,8.170433356518236,7.858393807260738
8498,0.3914497710966278,8.205696831967172,7.814247060870544
8499,0.3061548290598593,8.200665277076368,7.894510448016509
8500,0.46909489311113256,8.234072598737312,7.764977705626179
8501,0.21869865550251255,8.065729864800579,7.847031209298066
8502,0.4145369186115528,8.358723786638413,7.9441868680268595
8503,0.5030730323980076,8.170760752536156,7.667687720138148
8504,0.24681061023226758,8.218373193066629,7.971562582834362
8505,0.37046661692702365,8.129598396095925,7.759131779168902
8506,0.254312132012001,8.077815250580114,7.823503118568113
8507,0.45899453363859444,8.224230857222528,7.765236323583934
8508,0.33048759848613024,8.188162354605772,7.857674756119642
8509,0.16815988220705294,8.24032209669838,8.072162214491327
8510,0.4043334385632415,8.248507511392596,7.844174072829355
8511,0.41345467803967145,8.314849561079146,7.901394883039475
8512,0.3150518779953783,8.03727279059968,7.7222209126043015
8513,0.47454180739931645,8.36894123123521,7.894399423835893
8514,0.39097529173891,8.262096374285223,7.871121082546313
8515,0.42236737335580576,8.09508962429614,7.672722250940334
8516,0.3269947104889891,8.212562110054694,7.885567399565705
8517,0.34564448544234416,8.201920399183217,7.856275913740873
8518,0.4023603238962199,8.155212811724702,7.752852487828482
8519,0.38270670275031626,8.24365874604033,7.8609520432900135
8520,0.3908322134853529,8.287730246997896,7.896898033512543
8521,0.0983652733190627,8.10615026242113,8.007784989102067
8522,0.39409908854335585,8.160149212279396,7.766050123736041
8523,0.43587144083481677,8.284788409398358,7.848916968563541
8524,0.3384527009244701,8.221235125450958,7.882782424526488
8525,0.4866820128746172,8.121331493676118,7.634649480801501
8526,0.4625869373706191,8.342977177321297,7.880390239950677
8527,0.5132891065525174,8.20055648973908,7.687267383186563
8528,0.35797215077511263,8.031950877900384,7.673978727125271
8529,0.4756090738042588,8.346549458409825,7.870940384605566
8530,0.45139483614699094,8.1716969526254,7.7203021164784085
8531,0.3962011497422521,8.207088195099107,7.810887045356855
8532,0.28453372636408825,8.092797811678178,7.808264085314089
8533,0.38593722180210777,8.200843613641522,7.814906391839415
8534,0.3027378024973357,8.155573783916637,7.852835981419301
8535,0.4790471655824902,8.116124557624552,7.637077392042062
8536,0.4838171030570326,8.334400347236123,7.850583244179091
8537,0.12661812409371842,8.074345889853921,7.947727765760203
8538,0.4481384227278005,8.138654553573751,7.690516130845951
8539,0.5733842244206493,8.2475277398864,7.674143515465752
8540,0.33101176884157396,8.344821111786755,8.013809342945182
8541,0.46380109184848395,8.300578568505372,7.836777476656889
8542,0.4443765300230938,8.217240103161226,7.772863573138132
8543,0.3791686005655325,8.190927817941008,7.811759217375475
8544,0.3780509772341961,8.096090535888727,7.718039558654532
8545,0.4908034331297371,8.084016665261663,7.593213232131926
8546,0.3679150675005467,8.257805558194862,7.889890490694316
8547,0.5179510613881094,8.313022032346803,7.795070970958693
8548,0.4993180015550351,8.304409159259585,7.80509115770455
8549,0.4271712231496643,8.35788504965803,7.930713826508366
8550,0.26176965233842875,8.131233638447789,7.86946398610936
8551,0.4455899729727091,8.27441648992901,7.828826516956301
8552,0.42733045707552636,7.989589914397016,7.56225945732149
8553,0.4170556824226877,8.29620420934134,7.8791485269186525
8554,0.5049460245373479,8.307852870699248,7.802906846161901
8555,0.46531551596139686,8.104362821505806,7.639047305544409
8556,0.4124775676314092,8.202922144376474,7.790444576745065
8557,0.31819235358151793,8.204819770555277,7.886627416973759
8558,0.5967348060981135,8.20279234133551,7.6060575352373965
8559,0.3788801216631096,8.106005454593223,7.727125332930114
8560,0.49303587206427685,8.203186813080322,7.710150941016045
8561,0.39059758711264964,8.28494311340927,7.89434552629662
8562,0.3314031502983997,8.08393710878308,7.75253395848468
8563,0.46642883212700953,8.261217200157775,7.7947883680307655
8564,0.3205922009968617,8.162783201582748,7.842191000585887
8565,0.38160699065349524,8.1114814876709,7.729874497017406
8566,0.3170850817400578,8.035485160373332,7.718400078633274
8567,0.5079059939203731,8.15419296392435,7.6462869700039775
8568,0.3966252883429896,8.190581383406677,7.793956095063687
8569,0.4351045191075672,8.150818505580975,7.715713986473408
8570,0.41149116212917525,8.168592720495454,7.757101558366278
8571,0.5096581366913927,8.10029639624275,7.590638259551358
8572,0.4371707047060134,8.332263415856714,7.8950927111507
8573,0.3635363072133262,8.134556192324272,7.771019885110945
8574,0.27671804244111914,8.20709264798103,7.930374605539911
8575,0.23611929077995622,8.182355615720194,7.946236324940238
8576,0.305546752050144,8.162864888007492,7.857318135957349
8577,0.2296468517574117,8.138296010437157,7.908649158679745
8578,0.4390241518734902,8.173856311117609,7.734832159244118
8579,0.6139894221763015,8.20140843364411,7.587419011467809
8580,0.3782148524307386,8.215099644882038,7.8368847924513
8581,0.573763094216085,8.265724913994909,7.6919618197788235
8582,0.3363249738527404,8.214634988906123,7.878310015053383
8583,0.45555053235056436,8.173878641272212,7.718328108921648
8584,0.4307167448519057,8.322914965430689,7.892198220578783
8585,0.38247922689739106,8.255495203633693,7.873015976736302
8586,0.36167104269203243,8.123827560410806,7.762156517718774
8587,0.3538445253482348,8.097911467077605,7.74406694172937
8588,0.36410212195643177,8.14574792609117,7.7816458041347385
8589,0.3818611227520303,8.246257390976304,7.864396268224273
8590,0.4960424178528376,8.183988357797112,7.687945939944274
8591,0.3648711571080712,8.25849803199914,7.893626874891069
8592,0.4640845627473019,8.03155273518263,7.567468172435329
8593,0.4105835241144623,8.160114535132214,7.749531011017752
8594,0.43060834371155265,8.183969175098422,7.753360831386869
8595,0.3169724940641985,8.215522017320499,7.8985495232563006
8596,0.5438219806982624,8.189887050792304,7.646065070094042
8597,0.2725424486170458,8.085994959203003,7.813452510585957
8598,0.4928892758780223,8.257223307553243,7.7643340316752205
8599,0.3261042855545422,8.300032901096824,7.973928615542281
8600,0.2420128392628066,8.192668025854198,7.9506551865913915
8601,0.5580223034493386,8.137443632314326,7.579421328864988
8602,0.2616985947151982,8.273746375199552,8.012047780484354
8603,0.38768933489662094,8.131123103402562,7.743433768505941
8604,0.4172200776853945,8.194398225394247,7.777178147708852
8605,0.44307863202897446,8.172644223839287,7.729565591810312
8606,0.29377491912111764,8.206194744487965,7.912419825366847
8607,0.521876145535505,8.253239480696724,7.731363335161219
8608,0.4448887096193178,8.033495285135125,7.588606575515807
8609,0.48390588936692214,8.312759199052136,7.828853309685214
8610,0.3549659888938458,8.186241761233068,7.831275772339223
8611,0.4481848626683405,8.232251189895084,7.784066327226744
8612,0.4327272315939013,8.248598981511043,7.815871749917141
8613,0.36251086620974937,8.338735809628188,7.976224943418439
8614,0.34427109637696995,8.307539428407559,7.963268332030589
8615,0.4872553682333392,8.331454873838924,7.844199505605585
8616,0.6268652158899178,8.264735417002383,7.637870201112465
8617,0.45963083319320835,8.13867622270324,7.679045389510031
8618,0.15175917781019588,8.11340010826212,7.961640930451924
8619,0.16320559714831123,8.065425884485173,7.902220287336862
8620,0.3569652629265696,8.183507747389871,7.826542484463301
8621,0.22448819571982281,8.068519906909039,7.844031711189216
8622,0.2620647854093114,8.184484607264631,7.9224198218553195
8623,0.4678917498011979,8.121364826152767,7.6534730763515695
8624,0.5614565020857715,8.18720423878222,7.625747736696448
8625,0.21811102186809087,8.113184174107522,7.895073152239431
8626,0.17798548313746262,8.399790583945183,8.221805100807721
8627,0.558131372770485,8.151258918881075,7.59312754611059
8628,0.3337833747634063,8.11575449146319,7.781971116699783
8629,0.47494719331165736,8.183904059354496,7.708956866042839
8630,0.4065869458976835,8.167184182371637,7.760597236473953
8631,0.30289299021168903,8.29523793867372,7.992344948462032
8632,0.7068235527313376,8.158943926127572,7.452120373396234
8633,0.5914612491653845,8.252633708590368,7.661172459424984
8634,0.45474280756650903,8.291634662072703,7.836891854506193
8635,0.32361116464077105,8.189189173472922,7.865578008832151
8636,0.36525155001539744,8.210036245035559,7.844784695020161
8637,0.23691808103229733,8.205913591696579,7.968995510664281
8638,0.444539218818422,8.234024921164352,7.78948570234593
8639,0.43100170912292796,8.289933928099652,7.858932218976724
8640,0.3227707086158997,8.112868764591466,7.790098055975567
8641,0.3808278581039467,8.083142284060273,7.702314425956326
8642,0.39473551921446093,8.259374224284775,7.864638705070314
8643,0.3017319293317669,8.087821817372989,7.7860898880412215
8644,0.3720352403726235,8.264215186494711,7.892179946122088
8645,0.2905372435836346,8.1910941082887,7.900556864705066
8646,0.36463328575580894,8.135387007762166,7.770753722006357
8647,0.23795105357147117,8.264536244284713,8.026585190713242
8648,0.32462493883245425,8.275566023179191,7.950941084346737
8649,0.45959035581688945,8.28161359549213,7.822023239675241
8650,0.519487544005594,8.030293639451436,7.510806095445842
8651,0.42050141826984366,8.357968573012984,7.937467154743141
8652,0.40112375314477544,8.138481874355785,7.73735812121101
8653,0.5154900851449278,8.192691830513645,7.677201745368718
8654,0.3500503617966219,8.158688223336306,7.808637861539684
8655,0.4228618697410555,8.132960190641572,7.710098320900517
8656,0.5316716827431659,8.429030217330297,7.897358534587131
8657,0.3409680719533125,8.238649736782927,7.897681664829614
8658,0.3401021531856236,8.22594534356644,7.885843190380817
8659,0.5664408222606093,8.382763978577804,7.816323156317195
8660,0.34011914835254453,8.281159975407297,7.941040827054753
8661,0.2675245765266886,8.18954688784208,7.922022311315392
8662,0.24358076249362792,8.073213842059465,7.829633079565837
8663,0.38701746352345795,8.180028958755832,7.793011495232374
8664,0.30370924715927144,8.222355939799286,7.9186466926400145
8665,0.04006908062127094,8.0943215089568,8.054252428335529
8666,0.44396274412853054,8.405872561255432,7.961909817126902
8667,0.405427163126526,8.184427649859142,7.779000486732616
8668,0.3613499168564753,8.15739067921539,7.796040762358914
8669,0.3498122653638444,8.106557018840283,7.756744753476438
8670,0.4094989328699166,8.107609952825003,7.698111019955086
8671,0.2844629707446345,8.153954341055293,7.869491370310659
8672,0.28384818189918326,8.213897439399965,7.930049257500781
8673,0.2415939752126292,8.054843806198928,7.813249830986299
8674,0.48046105331161487,8.131072773928548,7.650611720616933
8675,0.433067689705178,8.26686156046395,7.833793870758772
8676,0.37814700503313614,8.124078247000725,7.745931241967589
8677,0.41610044830540566,8.2513796802362,7.8352792319307945
8678,0.3524150038690832,8.18251943210328,7.830104428234197
8679,0.31026377096527585,8.188350268318873,7.878086497353597
8680,0.44801548264740165,8.170664876415833,7.722649393768431
8681,0.25888914020208487,8.215328359729545,7.956439219527461
8682,0.3716441340955562,8.209403036665787,7.837758902570231
8683,0.3716436640335548,8.205412706031355,7.8337690419978
8684,0.29699934824156915,8.268536132052283,7.971536783810714
8685,0.5260820279447522,8.345422549421968,7.8193405214772165
8686,0.4072126148384864,8.11593390458975,7.7087212897512645
8687,0.41477921054739464,8.223186659901497,7.808407449354102
8688,0.3430845207381516,8.19533566347133,7.852251142733178
8689,0.3927037616245697,8.264375750732253,7.871671989107683
8690,0.4054921692911212,8.305695223918141,7.90020305462702
8691,0.3328467391455257,8.304503736864024,7.971656997718498
8692,0.522350993888707,8.175494820866797,7.6531438269780905
8693,0.1960654530110248,8.089781796690268,7.893716343679243
8694,0.46681941561669743,8.162035733148393,7.695216317531695
8695,0.42263929378418685,8.215675491564934,7.793036197780747
8696,0.3406058511131122,8.221194043173233,7.88058819206012
8697,0.37200465202005745,8.163699581695806,7.7916949296757485
8698,0.33317774631686636,8.248905893426429,7.915728147109562
8699,0.5209681423297343,8.207562076893232,7.686593934563498
8700,0.3713227060732935,8.237434091181559,7.866111385108265
8701,0.18175507162143603,8.073436146084997,7.891681074463562
8702,0.235328895278671,8.153361977417093,7.918033082138423
8703,0.36291250062494945,8.245457314176916,7.8825448135519665
8704,0.3203357426169906,8.030399245136914,7.710063502519924
8705,0.517652412976758,8.138580036298105,7.620927623321347
8706,0.39739301413749006,8.368291940074485,7.970898925936995
8707,0.39532320548268807,8.253486042062852,7.8581628365801635
8708,0.32796072748319105,8.270154093671914,7.942193366188723
8709,0.2275587450288114,8.183253233995467,7.955694488966656
8710,0.5334814596511919,8.189156155222234,7.655674695571042
8711,0.30224626784152275,8.226927463999091,7.924681196157569
8712,0.26415897020678286,8.101879463343142,7.837720493136359
8713,0.24082680029468584,8.371907327039457,8.131080526744771
8714,0.4214832590947616,8.305768136029824,7.884284876935062
8715,0.5376548083398206,8.114446638468245,7.576791830128424
8716,0.3763145858166547,8.164607098500433,7.788292512683778
8717,0.393837184052611,8.247694461398273,7.8538572773456625
8718,0.6198887359378261,8.378191155892436,7.75830241995461
8719,0.3678186610282113,8.271496057307395,7.903677396279184
8720,0.3450071888089863,8.25957302562699,7.914565836818004
8721,0.37806047560628736,8.141390024842153,7.763329549235865
8722,0.4117550367476527,8.187132080165018,7.7753770434173655
8723,0.20760839267249107,8.201924211809247,7.994315819136756
8724,0.32047634717693874,8.120914862979536,7.800438515802597
8725,0.2678617271064765,8.120997243695701,7.853135516589225
8726,0.2588943461851356,8.188391988821612,7.929497642636477
8727,0.21475364621345996,8.208395848872131,7.9936422026586715
8728,0.29895079294939214,8.272508750823466,7.973557957874074
8729,0.4626003086657856,8.237271885587925,7.774671576922139
8730,0.3468478633464735,8.217465655652298,7.870617792305824
8731,0.3306283992546766,8.24289986668242,7.912271467427743
8732,0.5797148785595462,8.152988927973984,7.573274049414438
8733,0.28581343820065913,8.245709004136183,7.959895565935524
8734,0.32422528165898223,8.094101454245585,7.769876172586603
8735,0.28853227732641895,7.935385476492379,7.64685319916596
8736,0.49103364414563844,8.069271883123834,7.578238238978196
8737,0.34899426871742506,8.25926932214331,7.910275053425885
8738,0.6046369670798055,8.163494203209693,7.558857236129887
8739,0.6510734943964448,8.307022769159577,7.655949274763132
8740,0.3378257928580812,8.137903101155487,7.800077308297406
8741,0.6376232104519268,8.217882797525428,7.580259587073502
8742,0.5767085410121466,8.126560493666043,7.549851952653896
8743,0.513392386189825,8.313963972964576,7.800571586774751
8744,0.5767223235129015,8.13590290583593,7.5591805823230285
8745,0.4358018390693491,8.233934189832542,7.798132350763193
8746,0.6198927857468788,8.324996033859712,7.705103248112833
8747,0.46397290252696655,8.145175699812718,7.681202797285751
8748,0.4987921937834927,8.148460319395754,7.649668125612262
8749,0.18566742354575094,8.168910111591671,7.98324268804592
8750,0.34805884099204604,8.228893270156687,7.880834429164642
8751,0.4033117536348963,8.043091260947756,7.63977950731286
8752,0.16922473350323292,8.103528679348733,7.9343039458455
8753,0.4228470208212547,8.110713297043823,7.687866276222568
8754,0.3591207797104833,8.103296608615667,7.744175828905183
8755,0.4783681757404481,8.317996258855732,7.839628083115285
8756,0.20183539692212368,8.167781092451827,7.965945695529704
8757,0.5998367589225818,8.22279055321883,7.622953794296249
8758,0.43231417738216327,8.316476562071735,7.884162384689572
8759,0.6218492448539455,8.29205646587201,7.670207221018065
8760,0.4896027534975474,8.329534742980934,7.839931989483387
8761,0.4665563279165766,8.231372611183975,7.764816283267399
8762,0.3515267607520655,8.198935754880528,7.847408994128463
8763,0.4224271048148143,8.28202822993849,7.8596011251236755
8764,0.34704250662702923,8.303511015227182,7.956468508600152
8765,0.41766319280565656,8.09322495087768,7.675561758072023
8766,0.45731199959217833,8.299101143794259,7.84178914420208
8767,0.49339464555420415,8.142623937443997,7.649229291889792
8768,0.32111438600124564,8.033101564365705,7.711987178364459
8769,0.34138452817032094,8.303912041484022,7.962527513313701
8770,0.4353066395674198,8.258529850549099,7.823223210981679
8771,0.5746642245690198,8.048325245686993,7.473661021117973
8772,0.4012836273203208,8.19832564549239,7.79704201817207
8773,0.4095591376060252,8.15448298142749,7.744923843821465
8774,0.40045903016004475,8.161379359993543,7.760920329833498
8775,0.31822090603263314,7.981851695916698,7.663630789884065
8776,0.26769747657752385,8.081184461075226,7.813486984497702
8777,0.4046609623720599,8.133419048754334,7.728758086382274
8778,0.15514446190750256,8.30537840911436,8.150233947206857
8779,0.4275534239297567,8.12467085116786,7.697117427238103
8780,0.49785863357336735,8.16824390274752,7.670385269174153
8781,0.460232264906914,8.19717733113001,7.736945066223097
8782,0.36479482762067583,8.23569507893611,7.870900251315435
8783,0.4644204666683386,8.114858881674076,7.650438415005738
8784,0.3852826535614929,8.20524988747253,7.819967233911036
8785,0.3153446351451036,7.9260452659208065,7.610700630775703
8786,0.3348638014807155,8.202270558343843,7.867406756863128
8787,0.4386552494888891,8.179665723596386,7.741010474107497
8788,0.2954393248389858,8.18103698471311,7.885597659874124
8789,0.4017790790138463,8.18885709786701,7.787078018853163
8790,0.38201764191024445,8.099447462793517,7.717429820883273
8791,0.3886494810981071,8.226909696629157,7.83826021553105
8792,0.5192462246355288,8.203845743970753,7.684599519335224
8793,0.37727260877463936,8.22020857687283,7.842935968098191
8794,0.38144080322863855,8.272511557951402,7.891070754722763
8795,0.43697492002181276,8.11180655750939,7.674831637487577
8796,0.6894756662296706,8.337276861873505,7.647801195643835
8797,0.24153676764345774,8.220615576087564,7.979078808444106
8798,0.37705446114937813,8.208158278732592,7.831103817583213
8799,0.2749619486693588,8.21312280700215,7.938160858332792
8800,0.4514784880642331,8.222858194379251,7.771379706315018
8801,0.39961479671374867,8.23687763866357,7.837262841949821
8802,0.28731448780777996,8.123709320165798,7.8363948323580175
8803,0.3721264590425153,8.194634609724979,7.822508150682463
8804,0.4419719179594208,8.142927265268119,7.700955347308698
8805,0.44580609126593146,8.288938553368245,7.8431324621023135
8806,0.5076721994769846,8.171312410325548,7.6636402108485635
8807,0.4004310064698881,8.104468305537786,7.704037299067898
8808,0.3511198141585551,8.068792352289643,7.717672538131088
8809,0.3950492250031322,8.06617151786867,7.671122292865538
8810,0.6169189584748566,8.267280209206858,7.650361250732001
8811,0.4687317807475195,8.231024918153235,7.762293137405716
8812,0.5130715167833697,8.259848977968815,7.746777461185445
8813,0.28232464665716167,8.117775863084946,7.835451216427784
8814,0.48685305191146905,8.203210008146693,7.716356956235224
8815,0.3365842466152702,8.030482881606483,7.693898634991212
8816,0.5854255652164081,8.155070657329109,7.569645092112701
8817,0.4787519106922946,8.21906105393279,7.740309143240496
8818,0.38962604960532,8.22622381316331,7.83659776355799
8819,0.6242256139775795,8.126967308627341,7.502741694649762
8820,0.5010190836355742,8.236058758330357,7.735039674694782
8821,0.3320718894870878,8.203503935464411,7.871432045977324
8822,0.26430517140507964,8.243515204127208,7.979210032722128
8823,0.3976155021985593,8.16233938535006,7.764723883151501
8824,0.38533780901936154,8.147572392962836,7.762234583943474
8825,0.3747648378282205,8.095641027190853,7.720876189362632
8826,0.535589306832147,8.171279090449305,7.635689783617158
8827,0.15003493621807795,8.131296836741104,7.981261900523026
8828,0.5482989950891348,8.376963381139468,7.828664386050334
8829,0.24904525494072047,8.11363416203507,7.864588907094348
8830,0.36550766013058533,8.185763330700693,7.820255670570107
8831,0.3321996372706866,8.303660681816494,7.971461044545807
8832,0.5629669749505001,8.335015185580641,7.772048210630141
8833,0.3047833100158737,8.17889754224458,7.874114232228707
8834,0.4503319438615907,8.280293703291925,7.829961759430334
8835,0.43321774755898135,8.164993987993265,7.731776240434284
8836,0.3308129161162568,8.020613651233997,7.689800735117741
8837,0.2956647286372449,8.102066562930213,7.806401834292968
8838,0.4195802627514293,8.127258000735406,7.7076777379839765
8839,0.45279283971410306,8.163666854035057,7.710874014320954
8840,0.372918684894615,8.129244050509772,7.756325365615157
8841,0.4171101205852849,8.23507121261127,7.817961092025985
8842,0.34255923309864295,8.334470499419922,7.991911266321279
8843,0.16936896344831853,8.154394353130918,7.985025389682599
8844,0.3305875426016635,8.1821959104049,7.8516083678032365
8845,0.39586411892982926,8.24858696043158,7.85272284150175
8846,0.3592161800004107,8.241657867826891,7.88244168782648
8847,0.40181342440507783,8.204858070720997,7.803044646315919
8848,0.445915057753338,8.148624942365366,7.702709884612028
8849,0.43448417820713325,8.159651127886042,7.725166949678909
8850,0.40665881154559536,8.079555108856715,7.672896297311119
8851,0.2745282372477274,8.242861030912913,7.968332793665185
8852,0.5435246203530675,8.439328587179169,7.895803966826102
8853,0.44749574724220215,8.221909693308776,7.7744139460665735
8854,0.5304893744321402,8.2862606163064,7.75577124187426
8855,0.3253522812620433,8.125255138163118,7.799902856901074
8856,0.26057603622711506,8.23498372189878,7.9744076856716655
8857,0.42383543939349294,8.197083642339818,7.773248202946325
8858,0.38009690530241746,8.305931171524456,7.925834266222038
8859,0.44001323220645455,8.285530420524946,7.8455171883184915
8860,0.3820242583342081,8.084785549734198,7.70276129139999
8861,0.3250754625895753,8.099303932723476,7.774228470133901
8862,0.29590219355441705,8.143267068342704,7.847364874788287
8863,0.3560485175340723,8.236592448851344,7.880543931317272
8864,0.5128879905040182,8.063614195901582,7.550726205397564
8865,0.3933980756614974,8.284424008535584,7.891025932874086
8866,0.7122751655467191,8.33978662627603,7.627511460729311
8867,0.4914724455197593,8.356676685262096,7.8652042397423365
8868,0.4785939142683943,8.222901151990495,7.744307237722101
8869,0.40221648993158704,8.182532971437263,7.780316481505676
8870,0.332949479213057,8.206904414062452,7.873954934849395
8871,0.5910607144165209,8.014605226390515,7.423544511973994
8872,0.42592369893910825,8.156302022516478,7.730378323577369
8873,0.26684273558667815,8.254498347326917,7.987655611740239
8874,0.42527930371237616,8.355082015861713,7.929802712149337
8875,0.2480510264747638,8.175270712043249,7.927219685568485
8876,0.6278017887752576,8.256383901426243,7.628582112650986
8877,0.34360944217756817,8.031237083360178,7.68762764118261
8878,0.2035353538198461,8.102455147084806,7.89891979326496
8879,0.3941803954649265,8.193067149941866,7.79888675447694
8880,0.3977411018660682,8.217387595617016,7.819646493750947
8881,0.34836418211007386,8.186098163443937,7.837733981333863
8882,0.483343111104817,8.332224468468112,7.848881357363295
8883,0.2831726403982552,8.272861120723285,7.98968848032503
8884,0.42813332162332146,8.33032533252005,7.902192010896729
8885,0.4405626270619415,8.129866024335252,7.68930339727331
8886,0.5325730910477142,8.269850650668488,7.7372775596207735
8887,0.4932164800205844,8.51727715437233,8.024060674351746
8888,0.2016869471897061,8.212936431222555,8.011249484032849
8889,0.2406438977956471,8.37562319060411,8.134979292808463
8890,0.4621574464475065,8.378461826004287,7.91630437955678
8891,0.24833687786717917,8.095450930437233,7.847114052570054
8892,0.283950069831806,8.157073287614725,7.873123217782919
8893,0.2774213704436249,8.267905277629522,7.990483907185897
8894,0.4051168002609795,8.286069158888449,7.880952358627469
8895,0.4343038041569527,8.245203680507366,7.810899876350414
8896,0.5367750337713426,8.275380447907787,7.738605414136445
8897,0.540117888224934,8.14047974450458,7.600361856279646
8898,0.38450762566816316,8.210516781109517,7.826009155441354
8899,0.5045429997399057,8.282076083570978,7.777533083831072
8900,0.30364087558136044,8.227188232000108,7.923547356418748
8901,0.33902359933194076,8.180311744297434,7.841288144965493
8902,0.490715776664812,8.166521412787649,7.675805636122837
8903,0.1877811949467868,8.226374937259521,8.038593742312734
8904,0.33421458830005946,8.325959780489738,7.991745192189678
8905,0.2166744632662525,8.021995381910328,7.8053209186440755
8906,0.34345999715859693,8.156236303009393,7.812776305850797
8907,0.3712477591594242,8.250743342305723,7.879495583146299
8908,0.47438527771835476,8.165362612527938,7.690977334809583
8909,0.7266956575000257,8.317278165438468,7.590582507938443
8910,0.4369549429619111,8.377562889818105,7.940607946856193
8911,0.3409918854197809,8.193626228999005,7.852634343579224
8912,0.4607838899564596,8.15247626225294,7.69169237229648
8913,0.37635914375827556,8.176682726198113,7.800323582439837
8914,0.5074697066716769,8.218149358210574,7.710679651538897
8915,0.3576335250952468,8.244687559230742,7.887054034135495
8916,0.4336615471302611,8.134788409883171,7.70112686275291
8917,0.40134322444157355,8.20217043412963,7.800827209688057
8918,0.5391408411792851,8.227768927620314,7.688628086441029
8919,0.5208729943946316,8.281224488877097,7.760351494482466
8920,0.632998270084554,8.252365639320567,7.619367369236013
8921,0.5753862472181979,8.14189930069893,7.566513053480731
8922,0.2842109505251365,8.022893819117574,7.738682868592437
8923,0.29569979817087616,8.084055800830996,7.7883560026601195
8924,0.28851857411773946,8.01330201533261,7.7247834412148695
8925,0.30621899235293315,8.259200422367307,7.952981430014374
8926,0.45555533732238823,8.277541187772105,7.821985850449717
8927,0.37217143560183685,8.20338528603196,7.831213850430123
8928,0.3997928566534413,8.203651740604876,7.803858883951435
8929,0.1963502662557983,8.15476314869097,7.958412882435171
8930,0.33981096860226856,8.13135780270107,7.791546834098801
8931,0.4831744607740817,8.165080452649232,7.6819059918751496
8932,0.3519779263441204,8.216099850161841,7.864121923817721
8933,0.2712725249321237,8.150034128874097,7.878761603941973
8934,0.5579608945315716,8.212891126818267,7.654930232286695
8935,0.32517011844700244,8.187491519330173,7.862321400883171
8936,0.2758387944722476,8.003520088451152,7.727681293978905
8937,0.44177359152618295,8.27593225976853,7.834158668242346
8938,0.25410067290679067,8.132748792398639,7.878648119491848
8939,0.42935969345678715,8.145324731174593,7.715965037717806
8940,0.5809185106888434,8.018010207686487,7.437091696997643
8941,0.40239661633724116,8.24805166307564,7.8456550467384
8942,0.4988418012629651,8.10273775831651,7.6038959570535445
8943,0.3996734807766556,8.195147784502057,7.795474303725401
8944,0.3853996825875711,8.278551065835408,7.8931513832478375
8945,0.48261800953989725,8.141994004488707,7.659375994948809
8946,0.376408728892043,8.232640681400964,7.856231952508921
8947,0.21090687859670457,8.19038221082688,7.979475332230175
8948,0.3389725769082551,8.213142680773998,7.874170103865743
8949,0.45873783063936796,8.144707131282527,7.685969300643158
8950,0.5430160762046098,8.274289828392217,7.731273752187607
8951,0.4744968925336101,8.201916952516218,7.727420059982608
8952,0.4652446447322988,8.165552407162489,7.70030776243019
8953,0.3502308194256831,8.221100478394202,7.87086965896852
8954,0.24450230777012488,8.202955357696517,7.958453049926392
8955,0.32912645672633156,8.233274447507384,7.904147990781052
8956,0.36137128180332234,8.225829927501806,7.864458645698484
8957,0.48958170030308734,8.141507963559976,7.651926263256888
8958,0.41261300026786407,8.195038417580976,7.782425417313112
8959,0.4532818644046585,8.151555036003092,7.698273171598434
8960,0.3751300841624067,8.138394655552865,7.763264571390459
8961,0.4474877919233658,8.134878373197875,7.687390581274509
8962,0.31821550171812424,8.218443946312656,7.900228444594531
8963,0.0835472793161117,8.20181416892229,8.11826688960618
8964,0.2602360675577162,8.18077773609388,7.920541668536163
8965,0.4797609522840039,8.345002167205898,7.865241214921894
8966,0.28006246393739415,8.153447404096042,7.8733849401586475
8967,0.4061426688137292,8.255804301382868,7.8496616325691395
8968,0.13670427394320803,8.041431828631783,7.904727554688575
8969,0.15764593598586607,8.10691596393833,7.949270027952465
8970,0.2710036895357511,8.171916501342213,7.900912811806462
8971,0.41272855079999504,8.031169170783391,7.618440619983396
8972,0.43270190847608964,8.106767879584284,7.674065971108194
8973,0.40968651857849553,8.283003581968455,7.873317063389959
8974,0.3251163919062072,8.165012905812437,7.83989651390623
8975,0.46932282262008973,8.11353374658211,7.644210923962021
8976,0.5430450876763004,8.49405379634891,7.951008708672609
8977,0.3802922163159998,8.178691639316689,7.7983994230006894
8978,0.31419788772794804,8.0242658139177,7.710067926189751
8979,0.3178071002222382,8.204949425425403,7.887142325203165
8980,0.3559409701220763,8.254740165808677,7.898799195686601
8981,0.25910596014557774,8.095090530669324,7.835984570523746
8982,0.5390971402620811,8.11649278651589,7.577395646253809
8983,0.36712251204752583,8.10261147338936,7.735488961341834
8984,0.28380383721325925,8.220536145830817,7.936732308617557
8985,0.39893154222448224,8.250236775412485,7.851305233188003
8986,0.4803450479156922,8.24261439022823,7.762269342312537
8987,0.41199274088989574,8.122414767854075,7.710422026964179
8988,0.28635838087318566,8.084117367891377,7.797758987018192
8989,0.27649609635116185,8.308523064306566,8.032026967955405
8990,0.3332943855093983,8.178723410067,7.845429024557602
8991,0.32150178678623864,8.345917592840056,8.024415806053817
8992,0.4186340617587728,8.239456808217845,7.820822746459072
8993,0.4514650555553914,8.234313954766096,7.7828488992107046
8994,0.27343728209352397,8.191086223073198,7.9176489409796735
8995,0.4169079860448164,8.320840647635318,7.903932661590502
8996,0.43663071201301146,8.183555614596242,7.746924902583231
8997,0.3068622167075872,8.416038912306304,8.109176695598716
8998,0.28475352124739983,8.192575544262787,7.907822023015387
8999,0.36818623283205737,8.074166983685426,7.705980750853369
9000,0.3727942433918118,8.10700252636543,7.734208282973619
9001,0.40410388517020246,8.31087852412392,7.906774638953718
9002,0.4169661381788313,8.174064623834878,7.757098485656047
9003,0.3441789545569908,8.207726409776974,7.863547455219983
9004,0.24199750660556735,8.163822359820365,7.9218248532147975
9005,0.31423611395904866,8.069854804993966,7.755618691034917
9006,0.20307110083794844,8.08510681672498,7.8820357158870324
9007,0.4858281218169557,8.281974965108054,7.7961468432910985
9008,0.4353430899988039,8.192885000702592,7.757541910703789
9009,0.44856768009363807,8.219155103334963,7.770587423241325
9010,0.5694581461216427,8.20945429971794,7.6399961535962975
9011,0.3257694185893929,8.237075386776304,7.911305968186912
9012,0.31786668274717256,8.086558077397507,7.768691394650334
9013,0.46060481864006925,8.166989133977516,7.706384315337447
9014,0.33058703920676286,8.086934772970436,7.756347733763673
9015,0.3539288236657355,8.231695181238068,7.877766357572333
9016,0.38946756849761266,8.17504359190165,7.785576023404038
9017,0.14088342166224815,8.268127838577959,8.12724441691571
9018,0.33653569029988306,8.270872469263573,7.93433677896369
9019,0.3776513693740313,8.34368353460272,7.966032165228689
9020,0.37521912486679204,8.125084943581683,7.749865818714891
9021,0.40513138423498296,8.097894356550373,7.69276297231539
9022,0.10815918423052193,8.037221654359449,7.929062470128927
9023,0.44663608425055684,8.113962251606102,7.6673261673555455
9024,0.27942247460174513,8.146071205042876,7.866648730441131
9025,0.6117314691005625,8.057924697607744,7.446193228507181
9026,0.43623702432919353,8.261150183075541,7.824913158746348
9027,0.18932487197231818,8.23774054754643,8.048415675574113
9028,0.37011691211183545,8.301160124611297,7.931043212499461
9029,0.5993001630310615,8.206261115932165,7.606960952901103
9030,0.4930640253555444,8.325691781789379,7.832627756433834
9031,0.309487511805405,8.037335185310624,7.727847673505219
9032,0.4243012649583647,8.273448602379572,7.849147337421208
9033,0.2987714777307133,8.068472354056583,7.76970087632587
9034,0.3203192760635795,8.244315293357545,7.923996017293965
9035,0.5756066254538169,8.162025093309353,7.586418467855536
9036,0.3693605521406835,8.21597064456758,7.846610092426896
9037,0.28540889850928264,8.307474882272396,8.022065983763113
9038,0.43366534313921834,8.384034590211733,7.950369247072516
9039,0.2972286042501795,8.092251607200687,7.795023002950508
9040,0.39689307752027075,8.16919423025897,7.7723011527387
9041,0.3429703908051836,8.09631219853017,7.753341807724985
9042,0.4582008398269614,8.206345202761145,7.748144362934184
9043,0.5421126685606305,8.218048030453728,7.675935361893098
9044,0.4749708550446898,8.275928694868181,7.800957839823491
9045,0.47151887444824053,8.02706876438641,7.5555498899381694
9046,0.6103798990438958,8.159984670554001,7.549604771510106
9047,0.34898592793949107,8.225484188951167,7.876498261011676
9048,0.4590005191511057,8.152587107490017,7.693586588338912
9049,0.32660397035091326,8.07346021742441,7.746856247073497
9050,0.20713777567157582,8.046809923250157,7.839672147578581
9051,0.4136818704294273,8.177151868001921,7.763469997572494
9052,0.5784160057767168,8.461242093960612,7.882826088183895
9053,0.3999758384733457,8.16422120434878,7.764245365875434
9054,0.18543566177779452,8.043316794994116,7.857881133216321
9055,0.1467864937528061,8.107610541840897,7.9608240480880905
9056,0.42166171222249654,8.264031672437483,7.842369960214986
9057,0.5111537581747286,8.244133629309612,7.732979871134884
9058,0.48281234392728467,8.11406754146784,7.631255197540555
9059,0.4013345017109623,8.144465553965146,7.743131052254184
9060,0.43180082199554753,8.242419882407864,7.810619060412317
9061,0.2809288243183983,8.16233603245464,7.881407208136242
9062,0.4066568163815017,8.254896806834907,7.848239990453405
9063,0.33589514095601364,8.053215463752178,7.717320322796164
9064,0.4728648840756223,8.14040405231653,7.667539168240908
9065,0.21056686534898308,8.005966375173424,7.795399509824441
9066,0.42281423732542023,8.211704106126998,7.7888898688015775
9067,0.41602708698122276,8.321773029477392,7.905745942496169
9068,0.24306173826241495,8.241219159864169,7.998157421601754
9069,0.2733141345520043,8.321555390704498,8.048241256152494
9070,0.5671200658041167,8.15129848828936,7.584178422485243
9071,0.6149721813606063,8.130169084302683,7.515196902942076
9072,0.3722325497616829,8.123827893943075,7.751595344181392
9073,0.29383101042102217,8.194014808863665,7.900183798442643
9074,0.4509515044822207,8.121846961480868,7.670895456998648
9075,0.20662573947217727,8.086991540765245,7.880365801293068
9076,0.4173011446772265,8.25313500190179,7.8358338572245625
9077,0.45371531104404317,8.183657088815272,7.729941777771229
9078,0.4144955008202837,8.271616083697916,7.8571205828776325
9079,0.4844657788759683,8.306287464523262,7.8218216856472935
9080,0.38101566143949706,8.299630523658582,7.918614862219085
9081,0.09195871387672071,8.243736937098545,8.151778223221823
9082,0.32371534315914813,8.168636271676842,7.844920928517694
9083,0.2761692332714505,8.099911928477226,7.823742695205776
9084,0.45318129273536023,8.251684170767653,7.798502878032293
9085,0.5279876035239883,8.124665094172432,7.596677490648443
9086,0.4577888932958886,8.310761673130346,7.852972779834457
9087,0.4459904094424125,8.23511764984445,7.789127240402037
9088,0.3195786304209411,8.194857496417793,7.875278865996852
9089,0.3898149291829627,8.201480276939112,7.811665347756149
9090,0.3839393437379324,8.153675271065337,7.769735927327405
9091,0.48330247247337205,8.301929125808988,7.818626653335616
9092,0.2917408276886075,8.182459366635229,7.890718538946621
9093,0.49649451747334333,8.337385858124271,7.840891340650928
9094,0.45673698212024477,8.290773336703841,7.8340363545835965
9095,0.4405393594276406,8.136256106304227,7.695716746876586
9096,0.5927888641871247,8.39272925221207,7.799940388024944
9097,-6.625734200226344e-05,8.119932506155049,8.119998763497051
9098,0.4326817144352708,8.25281405527872,7.820132340843449
9099,0.4722221936738734,8.213151850945124,7.74092965727125
9100,0.4266187446570215,8.397198105876786,7.970579361219764
9101,0.36094337006213273,8.248960727574914,7.888017357512782
9102,0.5056599599526318,8.057288252763648,7.551628292811016
9103,0.44420448552163444,8.086951661150186,7.642747175628552
9104,0.4829026233834927,8.314788925445027,7.831886302061535
9105,0.4464609402511155,8.25290319247135,7.8064422522202355
9106,0.5451924437124953,8.217734636953365,7.6725421932408695
9107,0.2945148708974961,8.25530980394031,7.9607949330428145
9108,0.49674502303147955,8.25794353389436,7.761198510862881
9109,0.35843851554308004,8.334342041534738,7.975903525991658
9110,0.3501954997636257,8.312001332266316,7.961805832502691
9111,0.3069058997447714,8.105714546281384,7.798808646536612
9112,0.2397366719295935,8.148957765581459,7.909221093651865
9113,0.3425358811452684,8.226739994395437,7.884204113250169
9114,0.22624009830090577,8.15832624924267,7.932086150941764
9115,0.5585556422771897,8.229523788541627,7.670968146264437
9116,0.38178027064975084,8.323325813030735,7.941545542380984
9117,0.3874130864213633,8.341059641227112,7.953646554805749
9118,0.5583841097329538,8.319322456508926,7.760938346775973
9119,0.3747676947815116,8.025679120341257,7.6509114255597455
9120,0.4146461834131577,8.316598578399141,7.901952394985983
9121,0.5813418054379286,8.017433299881704,7.436091494443775
9122,0.3044340927713831,8.112964839613642,7.808530746842259
9123,0.3844706438401054,8.101746253374912,7.717275609534807
9124,0.2521085887656536,8.069902551889298,7.817793963123644
9125,0.43871596524675377,8.226691742962156,7.787975777715403
9126,0.19007251707839767,8.124673497909697,7.934600980831299
9127,0.3806345903741443,8.080449090443176,7.699814500069032
9128,0.33067007425007455,8.177379891683852,7.846709817433778
9129,0.35609015927726945,8.188567064990519,7.832476905713249
9130,0.4968014901652186,8.232301999159114,7.735500508993896
9131,0.3293277037664361,8.087712313745733,7.758384609979297
9132,0.5090963997110862,8.214590381575304,7.705493981864218
9133,0.21294248903382582,8.198094940748568,7.985152451714742
9134,0.18531632640759674,8.080906862807364,7.895590536399768
9135,0.38230558085068667,8.25973062190193,7.877425041051244
9136,0.4817033052409122,8.121867932875514,7.640164627634602
9137,0.3474046213151514,8.310136330694117,7.962731709378966
9138,0.38366830153390113,8.233943604841356,7.850275303307455
9139,0.5687962691253395,8.127838207076655,7.559041937951315
9140,0.42436121617606254,8.21028082080133,7.785919604625268
9141,0.4176159031928301,8.103769031829696,7.686153128636866
9142,0.6044795110745445,8.400996334929996,7.796516823855452
9143,0.4958317102788838,8.201725109619796,7.705893399340912
9144,0.6151352281649128,8.17653926957322,7.5614040414083075
9145,0.5237422494249518,8.182502727590432,7.65876047816548
9146,0.38262152806358124,8.048226217291512,7.665604689227931
9147,0.3345758177806819,8.102394584687502,7.767818766906821
9148,0.662335287544189,8.33426416050056,7.671928872956371
9149,0.511202231512273,8.244525038755109,7.7333228072428355
9150,0.46825692859917567,8.273894480768138,7.805637552168963
9151,0.37477180892224277,8.116261100457258,7.741489291535015
9152,0.27231144605889934,8.24192745022341,7.96961600416451
9153,0.4233679280902754,8.084640299031127,7.661272370940852
9154,0.200385904852127,8.159875317393055,7.959489412540928
9155,0.41415255066561996,8.167569972923301,7.753417422257681
9156,0.41995094445884673,8.106126123208814,7.686175178749966
9157,0.4385654520930489,8.255102786229719,7.81653733413667
9158,0.4088535195566367,8.171288526166261,7.762435006609625
9159,0.43734425039096825,8.043914307356486,7.606570056965518
9160,0.2031458594458415,8.127675186579632,7.92452932713379
9161,0.3759632261218869,8.121339842584081,7.745376616462194
9162,0.5346529197405728,8.17804061382974,7.643387694089167
9163,0.33017046372737124,8.21533465886097,7.885164195133599
9164,0.448425430941073,8.187312373376782,7.738886942435709
9165,0.2353550044548354,8.270891622709936,8.035536618255101
9166,0.4099050396349992,8.262100758446014,7.852195718811014
9167,0.38040131287363066,8.18983588893996,7.809434576066329
9168,0.4746220106838293,8.218120521641827,7.743498510957998
9169,0.4374321894807419,8.24666556029377,7.809233370813029
9170,0.28662199638612434,8.109452876870924,7.8228308804847995
9171,0.5303162645633541,8.288546044505676,7.758229779942321
9172,0.40014645055468967,8.235909582225549,7.835763131670859
9173,0.5253595823247008,8.21408921331613,7.68872963099143
9174,0.32565806150109744,8.257818658894763,7.932160597393666
9175,0.32103930058707986,8.089255654657292,7.768216354070212
9176,0.4626445991602981,8.396632803668416,7.933988204508117
9177,0.540717972518278,8.151884846751502,7.6111668742332235
9178,0.3980307225961055,8.248348934731988,7.850318212135882
9179,0.2939251018263555,8.126906842029234,7.832981740202879
9180,0.4496926962631475,8.213989368029463,7.764296671766315
9181,0.3641884218510093,8.244791059147946,7.880602637296937
9182,0.3410918268522545,8.136963183058487,7.7958713562062325
9183,0.46255349433788967,8.274606065024948,7.812052570687058
9184,0.2891137497510333,8.26480132551061,7.9756875757595775
9185,0.4491492860131349,8.191039806417985,7.74189052040485
9186,0.35484974999969876,8.166948964692857,7.812099214693158
9187,0.4531216358500129,8.139016230458083,7.68589459460807
9188,0.3514467892437611,8.242826581159722,7.891379791915961
9189,0.5145189169875085,8.240676833824699,7.72615791683719
9190,0.3235994227375103,8.21284953066745,7.889250107929939
9191,0.42062415739643055,8.15858402966194,7.73795987226551
9192,0.5473546360099867,8.211991093238801,7.664636457228815
9193,0.3772138923824908,8.152051252891447,7.774837360508956
9194,0.5278258798602073,8.30704791667174,7.779222036811532
9195,0.49248497948573217,8.178188934389878,7.685703954904146
9196,0.444605856210959,8.120808668126347,7.676202811915388
9197,0.3662184607299565,8.26889492601147,7.902676465281513
9198,0.38869855753853044,8.31313460817634,7.924436050637809
9199,0.3277720780444672,8.159483381639618,7.83171130359515
9200,0.33075315138767436,8.172150995926275,7.841397844538601
9201,0.3700521671758452,8.044886778580493,7.6748346114046475
9202,0.4888243222856049,8.144064111975494,7.655239789689889
9203,0.49954688061773306,8.358719819512084,7.859172938894351
9204,0.4602815429367792,8.201741425565508,7.741459882628729
9205,0.08015947818082914,8.074607577218526,7.9944480990376965
9206,0.3483467491136746,8.078447621015748,7.730100871902073
9207,0.4648167087828412,8.235967703685454,7.771150994902612
9208,0.2620414106251361,8.042031482356162,7.779990071731026
9209,0.4299659515755107,8.139313825391675,7.709347873816164
9210,0.514907930146804,8.187546376045518,7.672638445898714
9211,0.3818783437257951,8.238909234041182,7.857030890315388
9212,0.30524185610234084,8.190741291447011,7.885499435344671
9213,0.4342784592021925,8.258880021426886,7.824601562224694
9214,0.3617964738889152,8.240716750235874,7.878920276346959
9215,0.31206564452846214,8.00676061378858,7.6946949692601185
9216,0.43476172201132196,8.174098025617962,7.73933630360664
9217,0.29267398702229575,8.01369547668526,7.721021489662965
9218,0.2599522287255549,8.088105931915186,7.82815370318963
9219,0.28612615910167016,8.123903731061407,7.837777571959737
9220,0.2557091858658909,8.131417376562077,7.875708190696185
9221,0.45945358681792525,8.171321902860264,7.711868316042338
9222,0.4924793959797585,8.343758064562053,7.851278668582294
9223,0.6696605300164508,8.214375687495332,7.5447151574788816
9224,0.24944104165194536,8.220898101465439,7.971457059813494
9225,0.4395094707427649,8.296383449108085,7.85687397836532
9226,0.34739901749744967,8.318418105153869,7.971019087656419
9227,0.4902914294332039,8.195852569811082,7.7055611403778785
9228,0.43556951270851085,8.237640960216503,7.802071447507991
9229,0.28705552041632854,8.15570509564007,7.868649575223741
9230,0.22335174733618535,8.145802141263289,7.922450393927104
9231,0.47830271955008213,8.350937475244097,7.872634755694015
9232,0.4569987722775746,8.283193621090328,7.8261948488127535
9233,0.4450355137627692,8.051353617209866,7.606318103447097
9234,0.4568682187042533,8.196466243525363,7.73959802482111
9235,0.2146488683200628,8.020229856965083,7.80558098864502
9236,0.4362388420437792,8.214093108401347,7.777854266357568
9237,0.46517326000871956,8.06991814346929,7.60474488346057
9238,0.15680522683381506,8.262190977417202,8.105385750583388
9239,0.4022043814091281,8.191627909980731,7.789423528571603
9240,0.4006172262431849,8.228489911485015,7.8278726852418306
9241,0.41411497247566353,8.259035244732276,7.844920272256613
9242,0.39582358752861213,8.079713347591042,7.68388976006243
9243,0.44311066300893165,8.026840875782165,7.583730212773233
9244,0.5099592605413165,8.323972701420994,7.814013440879677
9245,0.43047125043286544,8.263515522765612,7.833044272332747
9246,0.39549226392955866,8.155658120434882,7.760165856505323
9247,0.43767321949101495,8.217618200833352,7.779944981342337
9248,0.4838066804488449,8.110239934494105,7.62643325404526
9249,0.4068390991354926,8.260199401679852,7.85336030254436
9250,0.2767534835163357,8.109243118761865,7.83248963524553
9251,0.4909841384767024,8.19990540415519,7.708921265678488
9252,0.6022827903990833,8.303442343412948,7.701159553013865
9253,0.44324361149729796,8.225453201071264,7.7822095895739665
9254,0.21696274183230405,8.089117500828591,7.872154758996287
9255,0.47310479165519825,8.255651813867132,7.782547022211934
9256,0.5577113388991948,8.271465601036827,7.713754262137632
9257,0.3539613146170853,8.145644437225846,7.79168312260876
9258,0.5049975769476606,8.158777894708402,7.6537803177607415
9259,0.5492638655811934,8.215575139415602,7.666311273834409
9260,0.3000477885327,8.131456637803215,7.831408849270515
9261,0.5108764316935328,7.960890157123705,7.450013725430172
9262,0.11484289223518827,8.027870745303227,7.913027853068039
9263,0.35133544177599374,8.143311920451005,7.791976478675011
9264,0.43127825348219245,8.225612101975049,7.794333848492856
9265,0.552400202066718,8.207782192649008,7.65538199058229
9266,0.36029942397499154,8.259246746631762,7.89894732265677
9267,0.4055687651809696,8.218480618789554,7.812911853608584
9268,0.17819103020170818,8.21265364931619,8.034462619114482
9269,0.39388775699616313,8.293548827110271,7.899661070114108
9270,0.3835465522530586,8.15708763387244,7.773541081619381
9271,0.20010839195876845,8.150147830183094,7.950039438224326
9272,0.37091967065994935,8.307698737485401,7.936779066825451
9273,0.46767218523255233,8.290127071974501,7.822454886741949
9274,0.5741981570154749,8.239057617703015,7.6648594606875395
9275,0.45689447644161446,8.38087651035353,7.9239820339119165
9276,0.4150461497469399,8.160228018567643,7.745181868820704
9277,0.3361667490803043,8.100597603985516,7.764430854905212
9278,0.3773772088311539,8.110080668104407,7.732703459273253
9279,0.3696869024593232,8.174208700588386,7.804521798129063
9280,0.4186381795608118,8.078310801581956,7.659672622021144
9281,0.3405684936213062,8.190438892014258,7.8498703983929525
9282,0.4960761631328905,8.186615062551436,7.690538899418545
9283,0.4618439489586901,8.21891463259389,7.7570706836352
9284,0.5066358079109495,8.101437794770098,7.594801986859148
9285,0.3147797143454424,8.130983990625591,7.816204276280149
9286,0.3513958201060259,8.171172025622951,7.819776205516925
9287,0.31878831714132405,8.22307954696861,7.904291229827285
9288,0.44032472033741743,8.193206921478074,7.752882201140657
9289,0.4025211764238559,8.171840196682426,7.76931902025857
9290,0.5603285430889947,8.177498630202495,7.6171700871135
9291,0.3694289973751001,8.112475581135156,7.743046583760056
9292,0.4421590212624828,8.317672824218779,7.875513802956296
9293,0.5750671595192535,8.227886728091974,7.6528195685727205
9294,0.4767557934990676,8.232885528083118,7.75612973458405
9295,0.44582933377387574,8.350269313478014,7.904439979704138
9296,0.3885446585255153,8.189529370539699,7.800984712014183
9297,0.45538725509770556,8.2815063062049,7.826119051107194
9298,0.5374539716633997,8.209391177059475,7.671937205396075
9299,0.560926522677732,8.097537653903672,7.536611131225939
9300,0.2283196138672347,8.1750932381173,7.946773624250066
9301,0.25402666832586734,8.297650291621785,8.043623623295918
9302,0.34911162746068025,8.306960185785424,7.957848558324744
9303,0.12534445103003308,8.29953744132619,8.174192990296158
9304,0.43161968679933144,8.052688036862076,7.621068350062744
9305,0.19904106614109204,8.098138979547844,7.899097913406752
9306,0.4848242348121242,8.129062293833814,7.644238059021689
9307,0.3669177705805922,8.203542920917153,7.836625150336561
9308,0.43848188343227923,8.2120092321324,7.773527348700121
9309,0.41956627029302945,8.206390074834216,7.786823804541187
9310,0.45676002873192095,8.153252842469563,7.696492813737642
9311,0.2593095668740688,8.249274932905875,7.989965366031806
9312,0.6121255009721837,8.172728325587354,7.56060282461517
9313,0.34334741904414545,8.193219899469813,7.849872480425668
9314,0.30270004078813695,8.255683855103628,7.952983814315491
9315,0.7491078969197248,8.380538737151225,7.6314308402315
9316,0.4592658304782479,8.237314880398104,7.778049049919856
9317,0.23956836382537552,8.273153483194005,8.03358511936863
9318,0.24819875102601638,8.083625094700382,7.835426343674366
9319,0.28637244419098623,8.219785852324746,7.9334134081337595
9320,0.45930237348569203,8.165244135951996,7.705941762466304
9321,0.5399402469672375,8.237557208351738,7.697616961384501
9322,0.39007235513738825,8.293833469641767,7.903761114504379
9323,0.3183840771031526,8.079081365095414,7.7606972879922616
9324,0.3656213187241064,8.157605566575377,7.79198424785127
9325,0.40303965722256935,8.319072661693006,7.916033004470437
9326,0.35423425351556304,8.013132042756746,7.658897789241183
9327,0.44486798193833343,8.1117782834872,7.6669103015488655
9328,0.3799574800407771,8.208367712071933,7.828410232031156
9329,0.4828952139141808,8.172128341025328,7.689233127111147
9330,0.33070014997148334,8.081863076844614,7.751162926873131
9331,0.3026569273771357,8.220449165713323,7.917792238336187
9332,0.4593460729689959,8.281979172566649,7.8226330995976525
9333,0.3182550374265748,8.195029309192131,7.876774271765557
9334,0.37846467188885347,8.104367622131987,7.725902950243134
9335,0.5370571911900905,8.228228651327985,7.691171460137895
9336,0.45940375365573,8.25133162473208,7.79192787107635
9337,0.35477633333835074,8.178973498657964,7.824197165319613
9338,0.31695089181625613,8.118990722820497,7.802039831004241
9339,0.4056778328610303,8.201229176647852,7.795551343786821
9340,0.4837614287980579,8.187507829837909,7.703746401039851
9341,0.5236908846629921,8.218879451621154,7.695188566958162
9342,0.3221531985483895,8.2049857027658,7.8828325042174106
9343,0.35545689199746205,8.087382469418976,7.7319255774215145
9344,0.3444420733881662,8.205500539984602,7.861058466596435
9345,0.3069745437369784,8.188286318001582,7.881311774264604
9346,0.34662325024139196,8.216024239104703,7.869400988863311
9347,0.3064766712063756,8.001483679493004,7.695007008286629
9348,0.5629704076629786,8.24219213788853,7.679221730225551
9349,0.33785468529010115,8.25203740287,7.914182717579899
9350,0.16680118104835517,8.138958715130743,7.972157534082387
9351,0.728769017758423,8.133043569854742,7.404274552096319
9352,0.3535062139715846,8.26936910747218,7.915862893500595
9353,0.3232723425537378,8.162809841332166,7.839537498778428
9354,0.47761126682754246,8.128142540396906,7.650531273569364
9355,0.4151170087376127,8.067078998594747,7.651961989857134
9356,0.45474494857084335,8.287469134045045,7.832724185474202
9357,0.2755649049620342,8.186669310970037,7.911104406008003
9358,0.3293142310480156,8.223243447182705,7.89392921613469
9359,0.35876964224751107,8.210653818297521,7.85188417605001
9360,0.3752946145072433,8.282584676258839,7.9072900617515955
9361,0.46013109839510014,8.274483849868624,7.814352751473523
9362,0.6070658021081904,8.169186908052376,7.562121105944186
9363,0.17297724195662526,8.211517978560966,8.038540736604341
9364,0.45996639412107,8.332281482516194,7.8723150883951245
9365,0.2311115497585446,8.297376047771966,8.066264498013421
9366,0.5320896204256227,8.177048361625433,7.64495874119981
9367,0.5479925241986074,8.175630355364179,7.627637831165572
9368,0.17546816329906081,8.156217295401204,7.980749132102143
9369,0.3566046011298259,8.145156612895429,7.788552011765603
9370,0.3014618133339388,8.283717207680734,7.9822553943467955
9371,0.5652359077860263,8.13105243865957,7.565816530873543
9372,0.4968381555759836,8.261338243108401,7.764500087532418
9373,0.33919676631108986,8.273930410372145,7.934733644061056
9374,0.37011046607008447,8.270986721643906,7.900876255573822
9375,0.38546898517154105,8.18954743628704,7.804078451115498
9376,0.4761720479607399,8.259275195711524,7.783103147750784
9377,0.5401000291048593,8.340845390153,7.80074536104814
9378,0.4743374770736232,8.162500762690481,7.688163285616858
9379,0.46139161304893,8.360221546319913,7.898829933270983
9380,0.34232130841495334,8.260153107148751,7.917831798733798
9381,0.39518733773598086,8.224783573284256,7.8295962355482756
9382,0.46691118790512653,8.244365279484944,7.777454091579817
9383,0.44443902832724647,8.144782783987038,7.700343755659792
9384,0.3320489189384459,8.164809495622098,7.832760576683652
9385,0.263798965013625,8.121489218778496,7.857690253764871
9386,0.395736183904113,8.198825580112654,7.8030893962085415
9387,0.3494678992374122,8.105457891657991,7.755989992420579
9388,0.2956851653776189,8.138389362692475,7.842704197314856
9389,0.5506475898225114,8.285368349680493,7.734720759857981
9390,0.43518934747795696,8.239430063988017,7.80424071651006
9391,0.6743368930750472,8.2603434423337,7.586006549258652
9392,0.41209724564126504,8.203374453544196,7.791277207902931
9393,0.35744073902617735,8.219448896436548,7.86200815741037
9394,0.39248739957357726,8.213621453092163,7.821134053518586
9395,0.36987111587134813,8.156114836245544,7.7862437203741965
9396,0.5639141939471013,8.229189171360494,7.665274977413392
9397,0.5221746543764092,8.223485057113402,7.701310402736993
9398,0.2107021647824703,8.131804784875465,7.921102620092994
9399,0.6149151235032959,8.294088515455174,7.679173391951878
9400,0.3093091543269154,8.190184549792647,7.880875395465732
9401,0.31199477904223816,8.154363406935419,7.842368627893181
9402,0.2878663656714106,8.220138444565356,7.932272078893945
9403,0.6205776218282211,8.249005236447177,7.628427614618956
9404,0.5811722685824063,8.180240636312584,7.599068367730178
9405,0.49664628959498835,8.137138863525815,7.6404925739308265
9406,0.35407159029198276,8.020485238644143,7.666413648352161
9407,0.299736191292871,8.173509118012964,7.873772926720093
9408,0.4361209419740807,8.080265938240448,7.644144996266367
9409,0.3726710191767624,8.171936985215678,7.7992659660389165
9410,0.4037945359613906,8.277558089847926,7.873763553886535
9411,0.4067063325594446,8.199933924634271,7.793227592074826
9412,0.35721280303406194,8.145078287430946,7.787865484396884
9413,0.5086146381612079,8.17096673657704,7.662352098415831
9414,0.4848228105409349,8.18077611401079,7.695953303469855
9415,0.3391731837115437,8.307313496170153,7.968140312458609
9416,0.3655351676916385,8.276009955796734,7.910474788105096
9417,0.47337870325378334,8.133797772927666,7.660419069673883
9418,0.3811818333884583,8.08593403171212,7.704752198323662
9419,0.4946458854408731,8.347357129632988,7.852711244192115
9420,0.37990498440725334,8.194437360806662,7.814532376399408
9421,0.4576592886468693,8.157039304126295,7.699380015479425
9422,0.3545346344222092,8.322139207657788,7.967604573235579
9423,0.25725805536375657,8.19868425071969,7.941426195355934
9424,0.4712506185152419,8.171134963866312,7.6998843453510695
9425,0.397704749416528,8.076326502649618,7.67862175323309
9426,0.3427456694555109,8.134270942746628,7.791525273291118
9427,0.20212572460274092,8.118126897785988,7.916001173183247
9428,0.2529128419906368,7.979987703499494,7.727074861508857
9429,0.4590666869959577,8.317040771356776,7.857974084360818
9430,0.45434311765522045,8.308093262138906,7.853750144483685
9431,0.20637280638452904,8.02490608226253,7.818533275878002
9432,0.44669220412695587,8.042636881933674,7.595944677806719
9433,0.44589043811026763,8.154449787276434,7.708559349166166
9434,0.45845670606881583,8.290524546165251,7.832067840096435
9435,0.2975900102322889,8.212451924598263,7.914861914365973
9436,0.39449256409050565,8.155283421972426,7.76079085788192
9437,0.2529091291467774,8.128111817272421,7.875202688125643
9438,0.6142942903913223,8.190166802725171,7.575872512333849
9439,0.40456342196446005,7.995150231337467,7.590586809373007
9440,0.2609729815586587,8.224320381602169,7.96334740004351
9441,0.46100220901132216,8.181126864155805,7.720124655144483
9442,0.4125720452755982,8.222375772180976,7.809803726905378
9443,0.43779992756204367,8.294173548096733,7.85637362053469
9444,0.44952574926728195,8.099174781526129,7.649649032258846
9445,0.3041867546846051,8.106175260641926,7.801988505957321
9446,0.444017102906193,8.265734234563794,7.821717131657602
9447,0.3831207540119748,8.108499807949931,7.7253790539379565
9448,0.3880237971304399,8.275698240887492,7.887674443757051
9449,0.36804677497285465,8.116743195778223,7.748696420805369
9450,0.4680685469525374,8.140494681327505,7.672426134374968
9451,0.4312929909953901,8.120566444532177,7.689273453536787
9452,0.44491475555856297,8.160073272535392,7.715158516976829
9453,0.43096062076334263,8.131491220440457,7.700530599677115
9454,0.5662349780969528,8.274724244611328,7.708489266514375
9455,0.4043845145123025,8.269954602450596,7.865570087938294
9456,0.27631205179847684,7.994453195409443,7.718141143610967
9457,0.42971164782685484,8.12918842814078,7.699476780313926
9458,0.4048160285421515,8.235454534801748,7.830638506259597
9459,0.5304022174177411,8.248387370991868,7.717985153574126
9460,0.42948269200843975,8.081813105560183,7.652330413551743
9461,0.41401173165089356,8.217763681528512,7.803751949877618
9462,0.5249266772320129,8.176674612995535,7.651747935763522
9463,0.5362849078291919,8.257672634250897,7.721387726421705
9464,0.5323145138025039,8.285804525473749,7.753490011671245
9465,0.2603796536642945,8.116027509986559,7.855647856322264
9466,0.27009804637536705,8.174953418067972,7.904855371692605
9467,0.3061919476604011,8.087631663286366,7.781439715625965
9468,0.42852192476340384,8.367154251888538,7.938632327125134
9469,0.3263073025081718,8.20906275727659,7.882755454768417
9470,0.5079110945654768,8.115979008550768,7.608067913985291
9471,0.4115902113379375,8.285401425093745,7.873811213755808
9472,0.5104445778366706,8.243419456508144,7.732974878671474
9473,0.4078379417475197,8.187089537966369,7.779251596218849
9474,0.23482880962207606,7.971833376214029,7.737004566591953
9475,0.3911427176042149,8.241553213900444,7.850410496296229
9476,0.253753836083252,8.170816961552658,7.917063125469406
9477,0.3166760766161697,8.214848361361211,7.8981722847450415
9478,0.4428023008194357,8.371363374124202,7.928561073304767
9479,0.5398209903748628,8.122362900887827,7.5825419105129646
9480,0.5311175702494713,8.214659100476824,7.6835415302273535
9481,0.38443378561065833,8.147775479442863,7.763341693832205
9482,0.39404466705927854,8.13587634290221,7.741831675842931
9483,0.2835883050989168,8.260586951250302,7.976998646151385
9484,0.33411811446706347,8.093086930209333,7.75896881574227
9485,0.4002098309854201,8.06681991592255,7.666610084937131
9486,0.3274238949488632,8.192611920390313,7.86518802544145
9487,0.3298646253471619,8.273055551230208,7.943190925883045
9488,0.2681997360428289,8.151287983218891,7.883088247176063
9489,0.4721402118760962,8.255585786801763,7.783445574925667
9490,0.44736690874850465,8.186749025944106,7.739382117195602
9491,0.455983627547724,8.316391434342234,7.860407806794511
9492,0.4900265221120912,8.183939778401069,7.693913256288978
9493,0.27024609859841653,8.248536140237483,7.978290041639067
9494,0.22265316490373707,8.073348576901626,7.850695411997889
9495,0.35668020227700575,8.191227333182807,7.8345471309058015
9496,0.2816775512245562,8.01147930315351,7.729801751928955
9497,0.4592819483373854,8.22313160105697,7.763849652719585
9498,0.475579365529328,8.152058805502168,7.67647943997284
9499,0.32707160095479176,8.217939453875466,7.890867852920675
9500,0.5768608812046865,8.200307089925662,7.623446208720976
9501,0.5036362962053285,8.228783660286561,7.7251473640812325
9502,0.28449135219478816,8.054327172709867,7.769835820515079
9503,0.5001216925083962,8.24657928019116,7.746457587682763
9504,0.46884480471397116,8.212655750756067,7.743810946042096
9505,0.3975920705774009,8.20148701260763,7.8038949420302295
9506,0.38628021568657694,8.110169557969892,7.723889342283314
9507,0.4111216944409628,8.160875127926062,7.749753433485099
9508,0.37192381129916713,8.243206414755948,7.87128260345678
9509,0.3435058412705125,8.05496964400229,7.711463802731777
9510,0.43769935395063636,8.041938077359072,7.604238723408436
9511,0.3962113959868623,8.251870370567216,7.855658974580354
9512,0.3980717479374978,8.28540240077669,7.887330652839192
9513,0.5211106010864037,8.29222990778878,7.771119306702376
9514,0.48767981598677246,8.172098936958273,7.6844191209715005
9515,0.5186127774506712,8.175266833938986,7.656654056488315
9516,0.49267548663485494,8.142296100632963,7.649620613998108
9517,0.47342495996075507,8.190875712158896,7.717450752198141
9518,0.32942951456869396,8.047053167404869,7.717623652836175
9519,0.48765719238910493,8.280723624017226,7.79306643162812
9520,0.5151676382823345,8.06870728743772,7.553539649155385
9521,0.4079513627336503,8.210317515433069,7.802366152699419
9522,0.5282313007469994,8.305588492303013,7.777357191556013
9523,0.4911293815939471,8.215595329751146,7.7244659481571984
9524,0.29044319593266554,8.27574868913926,7.985305493206594
9525,0.4639959314573145,8.177804069086532,7.713808137629218
9526,0.5447288473527667,8.294742478486542,7.7500136311337755
9527,0.3737540738315377,8.278376443463387,7.9046223696318485
9528,0.42676970990482205,8.080096341751782,7.6533266318469595
9529,0.32627270561916105,8.059199557058257,7.732926851439096
9530,0.3270508554018654,8.036272535180379,7.709221679778513
9531,0.3284453495843917,8.21068476409672,7.882239414512329
9532,0.3925940219950443,8.15518084564502,7.762586823649976
9533,0.19114934310452988,8.120429831570483,7.929280488465953
9534,0.3952655010334852,8.115441627897019,7.720176126863533
9535,0.4334328394313869,8.193313848645644,7.759881009214258
9536,0.04177744427629292,8.12435793774646,8.082580493470166
9537,0.42031980442602096,8.248443184310364,7.828123379884343
9538,0.6673907935579853,8.187644586156047,7.520253792598062
9539,0.23727933513431565,8.220205187678676,7.98292585254436
9540,0.425769212779424,8.260609414680912,7.834840201901488
9541,0.4977313793661615,8.194867449984999,7.697136070618837
9542,0.19183210505972037,8.140919810915591,7.94908770585587
9543,0.47945259474486457,8.331436110048694,7.8519835153038295
9544,0.4214098840983854,8.071961013462069,7.650551129363683
9545,0.4563371309117769,8.122097047358931,7.665759916447154
9546,0.183816018257104,8.114718011351938,7.930901993094834
9547,0.3652656818747021,8.198323459852393,7.83305777797769
9548,0.41966723456108007,8.159172893380195,7.739505658819114
9549,0.32752172864622614,8.315854081966403,7.988332353320177
9550,0.33151651289507067,8.210194565923036,7.878678053027965
9551,0.4035304387217209,8.074611610666105,7.671081171944384
9552,0.42136757995303126,8.254138982417123,7.8327714024640915
9553,0.34116981787212886,8.234494412037686,7.8933245941655565
9554,0.3964572125769511,8.18873824749652,7.792281034919569
9555,0.43476977229894204,8.197137536730601,7.762367764431659
9556,0.16264097498257832,8.13963452566341,7.976993550680833
9557,0.29521407706585145,8.074000861998883,7.778786784933032
9558,0.5166266917270592,8.185501653105046,7.668874961377987
9559,0.3862022945530117,8.258025247424968,7.871822952871955
9560,0.648962234720031,8.220519084150915,7.571556849430884
9561,0.32195600597415175,8.257517379111288,7.935561373137136
9562,0.45146078108435256,8.126733472196674,7.675272691112322
9563,0.3398460531057286,8.279874412329804,7.940028359224075
9564,0.2270336014962096,8.204376640569333,7.977343039073123
9565,0.47828078534219687,8.220401632027642,7.742120846685445
9566,0.3930089464765938,8.08595021123251,7.692941264755915
9567,0.4397494982608883,8.098615854465157,7.6588663562042685
9568,0.37284354651884416,8.285103208949657,7.912259662430813
9569,0.3737451731549964,8.044114745995925,7.6703695728409285
9570,0.3235103447704797,8.068690218113693,7.745179873343213
9571,0.608823012109382,8.247074029143844,7.638251017034462
9572,0.44770179487007816,8.19721766488805,7.749515870017972
9573,0.4799361994649439,8.147264367888209,7.667328168423265
9574,0.45304267669189136,8.173325174823868,7.720282498131976
9575,0.6006184131704834,8.377073033606393,7.77645462043591
9576,0.3520666142441044,8.154730924071798,7.802664309827693
9577,0.4122596115503099,8.238319355579183,7.826059744028873
9578,0.5022637172673143,8.152827724785912,7.650564007518597
9579,0.22525386819534757,8.152528169626722,7.927274301431374
9580,0.5580165717860891,8.30813004258287,7.750113470796782
9581,0.6043136609296964,8.140619991135393,7.536306330205697
9582,0.4494894734463791,8.08972822632083,7.640238752874451
9583,0.3949005518462921,8.153569970945997,7.7586694190997045
9584,0.40095145624993395,8.177513911476957,7.776562455227023
9585,0.5165591580181031,8.308053082009188,7.7914939239910845
9586,0.6390063814768822,8.203018196655767,7.564011815178885
9587,0.4448444254614385,8.256560379783835,7.811715954322397
9588,0.5715145329857821,8.213662677091872,7.6421481441060894
9589,0.3738417365720863,8.107898322871666,7.734056586299579
9590,0.5095873208063557,8.123507306306498,7.613919985500143
9591,0.1614885129672648,8.099622745854209,7.938134232886944
9592,0.4316462983399772,8.295277018234716,7.863630719894738
9593,0.46967181788312135,8.309574009579407,7.839902191696286
9594,0.28433016672603934,8.107203156404175,7.822872989678136
9595,0.3741651799891508,8.09683889121071,7.72267371122156
9596,0.4738165038405671,8.162974670580725,7.6891581667401585
9597,0.40771259373741114,8.162252666245443,7.754540072508032
9598,0.500215253207213,8.289059630417704,7.7888443772104905
9599,0.27112494871700726,8.151288439231173,7.880163490514166
9600,0.12623799988801052,8.219896025040683,8.093658025152672
9601,0.28396235182211027,8.144894060343873,7.860931708521763
9602,0.33746673999531124,8.058827484037828,7.721360744042516
9603,0.26937032792860416,8.276725084374924,8.00735475644632
9604,0.408671279305199,8.12962567903633,7.720954399731131
9605,0.4472999346309894,8.10121882092369,7.6539188862927
9606,0.34020065091574764,8.309447576089251,7.969246925173504
9607,0.22836752670448085,8.350246227824657,8.121878701120176
9608,0.45918834704437006,8.0885250833769,7.62933673633253
9609,0.48953507132167984,8.293553631244457,7.804018559922777
9610,0.38261372624945816,8.282819390873529,7.900205664624071
9611,0.39420639330919227,8.128312051257474,7.734105657948282
9612,0.3830720025186068,8.206977470916742,7.823905468398135
9613,0.3039434947619093,8.24078962663845,7.936846131876542
9614,0.35396732709047446,8.300948027708374,7.9469807006179
9615,0.39115326401352773,8.092223543903232,7.701070279889705
9616,0.28871250621331607,8.075900808079759,7.7871883018664425
9617,0.30217605332537917,8.163998628791557,7.861822575466178
9618,0.3106541125032519,8.217537503763106,7.906883391259854
9619,0.26250057765467116,8.275004015155133,8.012503437500461
9620,0.4095815878207192,8.095959448977005,7.686377861156286
9621,0.3997413709044026,8.241519290202856,7.841777919298453
9622,0.2989994298636066,8.229968277773667,7.93096884791006
9623,0.2660859330912439,8.252021315898592,7.985935382807348
9624,0.5056898336553849,8.157574647433671,7.651884813778286
9625,0.4273449908414251,8.354971868022556,7.927626877181131
9626,0.4624536474686351,8.281298859786949,7.818845212318314
9627,0.5060735194058891,8.051492436311708,7.5454189169058195
9628,0.38854662365057663,8.220600565801787,7.8320539421512105
9629,0.34383124559486666,8.138901408147996,7.795070162553129
9630,0.3964968794499817,8.078338585446234,7.681841705996252
9631,0.351972864073213,8.162979891515612,7.811007027442399
9632,0.34486466210722505,8.054741732228997,7.709877070121772
9633,0.4478563277117339,8.335744927904928,7.887888600193194
9634,0.17593701087392127,8.200845138794072,8.02490812792015
9635,0.3481417456594024,8.189706776161104,7.841565030501702
9636,0.25537326685627343,8.23068338842591,7.975310121569636
9637,0.519558228596846,8.201552838181165,7.681994609584319
9638,0.3731469596506549,8.121152275517703,7.748005315867048
9639,0.46126988309229877,8.253020746392407,7.791750863300108
9640,0.45816264659644196,8.283608905123913,7.825446258527471
9641,0.3585113047904753,8.255071182723826,7.896559877933351
9642,0.5438355668644718,8.123904983732473,7.580069416868001
9643,0.4153030774019004,8.066100344457116,7.650797267055215
9644,0.45753974204810943,8.177503181508545,7.719963439460435
9645,0.5853787472095409,8.172147699959933,7.586768952750392
9646,0.28527093373028906,8.00529682968166,7.720025895951371
9647,0.3584024413844387,8.205464830041006,7.847062388656567
9648,0.2783149015042358,8.175289070318081,7.896974168813846
9649,0.2861166611785662,7.927738498671578,7.6416218374930125
9650,0.3144287937968302,8.304482825536041,7.990054031739211
9651,0.4203935074653545,8.266476235849618,7.846082728384263
9652,0.6504262380872686,8.20372834246468,7.553302104377412
9653,0.5356750321094655,8.243955264321128,7.708280232211663
9654,0.4665697503053305,8.209669466175349,7.743099715870018
9655,0.5772634638609485,8.21716009004684,7.639896626185891
9656,0.45288461304745914,8.012526754055125,7.559642141007666
9657,0.40752230610631657,8.14803428063791,7.740511974531594
9658,0.6259027584315049,8.17180406765469,7.5459013092231855
9659,0.550692082140591,8.300498419126846,7.749806336986255
9660,0.36789048805745866,8.213132744912047,7.845242256854588
9661,0.4022303680045239,8.225788578509892,7.823558210505368
9662,0.22796712939150915,8.14692423194097,7.91895710254946
9663,0.24989726425406159,8.059329634183944,7.809432369929882
9664,0.14368132889043006,8.1319651729698,7.988283844079369
9665,0.23741246788221318,7.966642079369824,7.729229611487611
9666,0.5750315025953505,8.325081332330862,7.750049829735512
9667,0.3958234578813904,8.135719240739592,7.739895782858201
9668,0.4403722665802159,8.141817624834445,7.7014453582542295
9669,0.3599278559271413,8.30672292625287,7.946795070325729
9670,0.40914905483096736,8.223723907620244,7.814574852789276
9671,0.37339743847827983,8.232278896451588,7.8588814579733075
9672,0.3016094438105873,8.1146543346604,7.813044890849813
9673,0.45899653443188465,8.20384076859059,7.744844234158705
9674,0.23236476348541768,8.10360125140228,7.871236487916862
9675,0.40567774740377976,8.210493589555421,7.804815842151641
9676,0.17790210245808777,8.121713515092475,7.943811412634387
9677,0.4301897281421506,8.30049261142517,7.87030288328302
9678,0.6112831318903615,8.239499007070778,7.628215875180416
9679,0.3892673950387399,8.209610706928084,7.820343311889344
9680,0.3578641641974862,8.05238255922294,7.694518395025454
9681,0.39610751148646467,8.182285504795688,7.786177993309224
9682,0.2014378502071846,8.176080405824253,7.974642555617068
9683,0.26209533307703464,8.212753534112126,7.9506582010350915
9684,0.29985985518152064,8.106066112023933,7.806206256842413
9685,0.3604170336656324,8.322208625506144,7.961791591840512
9686,0.37971772695142714,8.229561500555258,7.849843773603831
9687,0.46918627719093736,8.205131825938283,7.735945548747345
9688,0.4425968254474825,8.213683515687297,7.771086690239814
9689,0.4051791937362877,8.125141979515941,7.719962785779654
9690,0.5242795120358081,8.215995429604678,7.69171591756887
9691,0.3204412009194031,8.126911946645402,7.806470745725999
9692,0.34706197584684956,8.3153745678854,7.96831259203855
9693,0.3553785127219657,8.075578851464158,7.720200338742193
9694,0.2569696595750536,8.07279477879522,7.815825119220166
9695,0.5943679200052262,8.290753266520314,7.696385346515088
9696,0.34528797838885805,8.237235121457502,7.891947143068644
9697,0.5399472439008364,8.219350599360485,7.679403355459649
9698,0.4818377292197082,8.463945772504994,7.982108043285286
9699,0.46668458253417233,8.203505240369324,7.7368206578351515
9700,0.46452870528604984,8.097533005739313,7.633004300453264
9701,0.4945466340219396,8.150986002000684,7.656439367978744
9702,0.4373684123960212,8.19783636265159,7.760467950255568
9703,0.3405384095974827,8.155466273813785,7.814927864216302
9704,0.39143071998181667,8.241614417088792,7.850183697106975
9705,0.35627556035414315,8.111143476713908,7.754867916359765
9706,0.2939294670792889,8.073611905486075,7.779682438406786
9707,0.6484319186370459,8.273552736054393,7.625120817417347
9708,0.3709703840718698,8.154189134289163,7.783218750217293
9709,0.5040959948188174,8.24326758051855,7.739171585699733
9710,0.2816260713008208,8.180723305489636,7.899097234188815
9711,0.488025304246169,8.174462859562958,7.686437555316789
9712,0.4826892913282685,8.139535200580088,7.656845909251819
9713,0.18259495667024747,8.089466135338933,7.906871178668685
9714,0.4686273566871182,8.154364425000441,7.685737068313323
9715,0.23740505979218987,8.185475864200825,7.948070804408635
9716,0.5166933022397806,8.343084143756368,7.826390841516587
9717,0.3328763617596706,8.16710691203255,7.834230550272879
9718,0.4969012770360097,8.303038447077723,7.806137170041714
9719,0.4497101361010964,8.212441449966084,7.762731313864988
9720,0.6420477405719416,8.145151988119085,7.503104247547144
9721,0.41239882647540277,8.328817983978993,7.916419157503591
9722,0.4376982675963941,8.127282949710482,7.689584682114088
9723,0.41920728498045967,8.235008115374233,7.815800830393774
9724,0.26837147866353755,8.281191394649575,8.012819915986038
9725,0.3730622346795245,8.108427018954192,7.735364784274667
9726,0.4296792073854247,8.167711882342605,7.73803267495718
9727,0.37160072214416473,8.09001717525765,7.718416453113485
9728,0.41479657063410924,8.222244807303177,7.807448236669067
9729,0.2960657724044246,8.097855727801353,7.801789955396928
9730,0.33064282287032687,8.173684696519425,7.843041873649098
9731,0.36334192109674146,8.141002623925862,7.777660702829121
9732,0.2406468574693075,8.203560404836457,7.962913547367149
9733,0.33806421182384666,8.136976502087519,7.798912290263672
9734,0.4264280114278803,8.230561944682144,7.804133933254263
9735,0.2298019061561674,8.154436256952776,7.924634350796609
9736,0.4964309883186211,8.126138335544479,7.629707347225858
9737,0.2276213980015302,8.109030994200385,7.881409596198854
9738,0.30945318421814627,8.348022246312176,8.03856906209403
9739,0.44427110872724074,8.130648570658474,7.686377461931233
9740,0.6140836824562127,8.238851905760802,7.6247682233045895
9741,0.22414334098255792,8.242822856461713,8.018679515479155
9742,0.4922287966797174,8.15029708015004,7.658068283470322
9743,0.556703880433411,8.351028722009776,7.794324841576365
9744,0.47087283092673127,8.24590938998169,7.77503655905496
9745,0.3239115630948274,8.244695831487855,7.920784268393027
9746,0.42664012912094335,8.271274420824831,7.844634291703888
9747,0.2624196834334917,8.214346984786253,7.951927301352762
9748,0.5398732852634829,8.305400843593675,7.765527558330192
9749,0.4465419726600961,8.162325064685938,7.715783092025841
9750,0.3538764675010443,8.160492766539576,7.806616299038532
9751,0.4103468481246901,8.181330129030863,7.770983280906173
9752,0.47826442075417236,8.244650612319026,7.7663861915648535
9753,0.21395644011729803,8.130078459840385,7.916122019723088
9754,0.722256358518668,8.349371807041345,7.6271154485226775
9755,0.3772065331896098,8.074383650877605,7.697177117687995
9756,0.2921992849024384,7.96104087398718,7.6688415890847415
9757,0.24191724708476403,8.156283329792869,7.914366082708105
9758,0.46254416379679236,8.369875773307493,7.907331609510701
9759,0.3164268299680789,8.08610615418953,7.769679324221451
9760,0.406029182090247,8.151802932911227,7.74577375082098
9761,0.49991850072913635,8.23098239744926,7.731063896720124
9762,0.4266721812255797,8.225897646569594,7.799225465344015
9763,0.4940294784037632,8.170034127658917,7.676004649255154
9764,0.45545298877652796,8.255929043046253,7.8004760542697245
9765,0.18501266412608205,8.058398270725325,7.873385606599244
9766,0.257405615293842,8.124625566268186,7.867219950974344
9767,0.5822509769775556,8.153244834493647,7.570993857516091
9768,0.28278183617673003,8.175988036939502,7.893206200762773
9769,0.4964583802947835,8.170289653680838,7.673831273386054
9770,0.3742396824628276,8.190357458943662,7.8161177764808345
9771,0.4027097006964594,8.208623682743136,7.805913982046676
9772,0.29735099571853935,8.187632538924518,7.890281543205979
9773,0.3392229055483977,8.272131549404985,7.932908643856588
9774,0.3226150331107718,8.29365916894331,7.971044135832539
9775,0.542094831194463,8.230876990900944,7.688782159706481
9776,0.49153062010464493,8.314187533548525,7.82265691344388
9777,0.41106149268816744,8.224794668302103,7.813733175613935
9778,0.43945248654911856,8.28419420415998,7.844741717610862
9779,0.47021489368405617,8.301737525655021,7.831522631970965
9780,0.5927228155924638,8.253515809982526,7.660792994390062
9781,0.49505369566619706,8.137484900738112,7.642431205071915
9782,0.4603180397169367,8.288902031369444,7.828583991652508
9783,0.3171502199140241,8.183204219065805,7.866053999151782
9784,0.36784180745618605,8.23555888773752,7.867717080281334
9785,0.30116197547726825,8.192013589328738,7.89085161385147
9786,0.3141865234087372,8.275337642482715,7.961151119073977
9787,0.48466516177887536,8.24825256209544,7.763587400316564
9788,0.26903443896478435,8.17171232830158,7.902677889336795
9789,0.3237171196507303,8.171581952513813,7.847864832863083
9790,0.18960461399936535,8.109215037053753,7.919610423054388
9791,0.5106129239740125,8.117388653056551,7.606775729082539
9792,0.3491771948317892,8.203304150789362,7.8541269559575735
9793,0.5509171433931833,8.167707016469338,7.616789873076154
9794,0.5582379219395062,8.381390538941059,7.823152617001552
9795,0.45755456280209794,8.270061364046327,7.812506801244229
9796,0.46817060081638445,8.174065204113484,7.705894603297099
9797,0.34365472979569767,8.140658962922066,7.797004233126368
9798,0.37204621272076965,8.276790447405268,7.9047442346844985
9799,0.4021936378351262,8.232805920714894,7.830612282879767
9800,0.39394686422758146,7.996066071571106,7.602119207343525
9801,0.5158677175167223,8.142415482683449,7.626547765166726
9802,0.3561193733687029,8.20367095398634,7.847551580617637
9803,0.42053110701336893,8.164891915241615,7.744360808228246
9804,0.3037074765073239,8.110230025583387,7.806522549076064
9805,0.5604302674277996,8.293602385829042,7.733172118401242
9806,0.4316379100612424,8.140086262519757,7.708448352458515
9807,0.4268449357511348,8.165770694607936,7.7389257588568015
9808,0.5865930175829882,8.17538447582617,7.588791458243183
9809,0.42084894225960595,8.046157107300079,7.625308165040473
9810,0.3126096887721627,8.210428588128014,7.897818899355851
9811,0.2821172268661432,8.09989140842265,7.817774181556507
9812,0.19524110899969693,8.106537194435457,7.911296085435761
9813,0.49363736620980114,8.221853278746751,7.7282159125369505
9814,0.20680254621253524,8.124540583918309,7.917738037705774
9815,0.6095589191287604,8.264144588682345,7.654585669553585
9816,0.47246071314733645,8.137917119768076,7.66545640662074
9817,0.30501444895738467,8.215672911929552,7.910658462972167
9818,0.3703965064718342,8.313485336761891,7.943088830290057
9819,0.3024485957201653,8.180043003978756,7.877594408258591
9820,0.37735050775278517,8.195506960379007,7.818156452626221
9821,0.36290118488656625,8.203100257169314,7.840199072282748
9822,0.31974217239599834,8.22870611526206,7.908963942866062
9823,0.41859153500267915,8.152437470005044,7.733845935002365
9824,0.5145105168430115,8.285816880315078,7.771306363472067
9825,0.34618551402795206,8.168667210512512,7.82248169648456
9826,0.5857175746059263,8.16563927543034,7.579921700824414
9827,0.23976886821141033,8.192416879068006,7.952648010856596
9828,0.36367982873704124,8.199902526391268,7.836222697654227
9829,0.29850613091223077,8.096320507966324,7.797814377054093
9830,0.43628249309303657,8.17682220678061,7.740539713687573
9831,0.3476002062147707,8.098876347148849,7.7512761409340785
9832,0.35642467553843743,8.253048849616592,7.896624174078155
9833,0.42542274644355177,8.341340159930093,7.915917413486541
9834,0.4580787117459712,8.267528041080789,7.809449329334818
9835,0.29179873872772594,8.062444888646562,7.770646149918836
9836,0.5344013663642673,8.383091507123638,7.84869014075937
9837,0.44716546117519895,8.108095293365452,7.660929832190252
9838,0.3732740647732725,8.168426654812285,7.795152590039012
9839,0.5826355507094396,8.21646781505153,7.63383226434209
9840,0.36616224565428046,8.211380205235617,7.845217959581337
9841,0.4847834963480583,8.139394940539914,7.654611444191856
9842,0.33075788938294826,8.051459325461707,7.720701436078759
9843,0.32962009820882265,8.195737254490904,7.8661171562820815
9844,0.4400900555229302,8.109194460185138,7.6691044046622086
9845,0.5747023218080917,8.234898642473134,7.660196320665042
9846,0.3640367434867484,8.253284414118442,7.889247670631693
9847,0.3762888487793704,8.112302427646647,7.736013578867277
9848,0.21429661123012753,8.031378656359259,7.817082045129131
9849,0.4035436475409698,8.228660359192972,7.825116711652002
9850,0.4903324828631379,8.22680058060129,7.736468097738152
9851,0.2918529833840614,8.269085371748423,7.977232388364361
9852,0.3332415775329789,8.215483759991606,7.8822421824586275
9853,0.42568882423104026,8.198893931158853,7.773205106927813
9854,0.5968214296477112,8.198454940514425,7.601633510866714
9855,0.3734719115093088,8.211784452827654,7.838312541318345
9856,0.6358262340815124,8.270864964599577,7.6350387305180645
9857,0.3220211634979603,8.164038649275566,7.842017485777606
9858,0.3966316818565388,8.12950335809512,7.732871676238581
9859,0.4484186615464622,8.21502350259967,7.7666048410532085
9860,0.2669192114989824,8.197016987707848,7.930097776208865
9861,0.4691796046715803,8.240717926143327,7.7715383214717475
9862,0.3960782632059505,8.318453541886413,7.922375278680462
9863,0.5818005268870574,8.117356899002107,7.53555637211505
9864,0.38493811611026774,8.147578146501244,7.762640030390976
9865,0.534807570145698,8.30910894058779,7.774301370442091
9866,0.436094067963052,8.284058345176373,7.847964277213321
9867,0.4580421552627661,8.083700522597145,7.6256583673343785
9868,0.3536405996270643,8.161930674066362,7.808290074439298
9869,0.41072918281508086,8.258544250304114,7.847815067489033
9870,0.38054334983618704,8.102981888605658,7.722438538769471
9871,0.4466224069129372,8.31260791041632,7.865985503503383
9872,0.30582022042456103,8.085246036329698,7.779425815905137
9873,0.3019653493601778,8.039680812675167,7.737715463314989
9874,0.24059021906378508,8.082809099205665,7.84221888014188
9875,0.3761117576189858,8.112202115400724,7.7360903577817375
9876,0.4658978688062043,8.319686240228929,7.853788371422725
9877,0.4169515208189782,8.254719924987223,7.837768404168244
9878,0.3002160997917153,8.220065164254006,7.919849064462291
9879,0.2994356728296208,8.197767139597559,7.898331466767939
9880,0.4152588829638433,8.120229130114042,7.704970247150199
9881,0.3783357492759785,8.377087336721244,7.998751587445265
9882,0.39911467851742055,8.23571607023291,7.836601391715488
9883,0.2774933646583906,8.206048270016037,7.928554905357647
9884,0.4377359838559741,8.276119278992399,7.838383295136424
9885,0.30710258933165263,8.147868977056083,7.840766387724431
9886,0.3941814519288524,8.328460889906781,7.934279437977929
9887,0.34970714138520903,8.28347874387757,7.933771602492361
9888,0.42046731061658704,8.459370427931841,8.038903117315254
9889,0.46319646713221535,8.17874178941549,7.715545322283274
9890,0.39927835411380413,8.290651962011143,7.891373607897339
9891,0.4842095666823083,8.16645407468842,7.682244508006113
9892,0.47285195902383637,8.23899794857289,7.766145989549054
9893,0.35391858784683405,8.248919589345814,7.895001001498979
9894,0.4449300987803052,8.481861501059376,8.03693140227907
9895,0.35077280674012656,8.114789761924571,7.764016955184445
9896,0.41848334973850776,8.162309702012733,7.743826352274225
9897,0.5503805780777299,8.284770898348818,7.734390320271087
9898,0.25575019432000834,8.294404544917134,8.038654350597126
9899,0.2963052834993466,8.267171790938464,7.970866507439117
9900,0.4430535296803644,8.353229673187332,7.910176143506968
9901,0.28040174891947506,8.123459007175828,7.843057258256353
9902,0.34822126705994,8.062986620543656,7.714765353483716
9903,0.4670813839263948,8.077347240393255,7.61026585646686
9904,0.26895301213568606,8.048688403880885,7.779735391745199
9905,0.2924698689088252,8.11045105671446,7.817981187805635
9906,0.27891462256050437,8.216305881792865,7.93739125923236
9907,0.2814936873979422,8.107771139694957,7.826277452297015
9908,0.41755350827292487,8.32435665058837,7.906803142315446
9909,0.18943392145759438,8.002104636125889,7.812670714668295
9910,0.38006280914741486,8.161237919316576,7.781175110169162
9911,0.1418694748649607,8.15010682773176,8.008237352866798
9912,0.2643920330470473,8.346446266822396,8.082054233775349
9913,0.34685224138560583,8.261376087828301,7.9145238464426955
9914,0.42025535564388633,8.17602677860485,7.755771422960964
9915,0.28532643226404053,8.240699453941584,7.955373021677543
9916,0.42356026090319693,8.138398868790341,7.7148386078871445
9917,0.35625277361786767,7.939292220035156,7.583039446417288
9918,0.3356479493127232,8.050118354011888,7.714470404699164
9919,0.570136408781874,8.194116596114654,7.62398018733278
9920,0.26062507873967766,8.181684149703795,7.921059070964117
9921,0.4093346940622572,8.211477861934954,7.802143167872697
9922,0.41723662052781735,8.17076592844164,7.753529307913822
9923,0.6566524519189898,8.289842153282907,7.633189701363917
9924,0.3414333780135367,8.186176003851811,7.844742625838275
9925,0.20750097784791485,8.133681026505897,7.926180048657982
9926,0.3444405648980135,8.316772811732404,7.972332246834391
9927,0.6456934953348299,8.245284755197549,7.599591259862719
9928,0.5441772456098041,8.094796898226086,7.550619652616282
9929,0.3152504320668955,8.157549262141158,7.842298830074262
9930,0.5070137538121353,8.253234269048905,7.74622051523677
9931,0.4436845826911279,8.098281365317987,7.65459678262686
9932,0.5811886859643031,8.038066170815387,7.456877484851084
9933,0.39833573381719356,8.093708377331957,7.695372643514764
9934,0.5312241592983784,8.182984114111663,7.651759954813285
9935,0.5936682785583205,8.38666856611713,7.79300028755881
9936,0.5737716081549368,8.401233783242796,7.8274621750878595
9937,0.48166257581883243,8.219507923766487,7.737845347947655
9938,0.5586482453374118,8.230002901688325,7.671354656350913
9939,0.3348912607520631,8.146811884059469,7.811920623307405
9940,0.3496091846365507,8.012937285108254,7.663328100471704
9941,0.3717586365032809,8.156428440979711,7.78466980447643
9942,0.41067503761045265,8.179578737868775,7.768903700258322
9943,0.42443820919037256,8.297397922652912,7.8729597134625395
9944,0.4718731493948472,8.194383986562434,7.722510837167587
9945,0.24134466430980464,8.296966650504139,8.055621986194334
9946,0.5083487292857386,8.391949456013949,7.88360072672821
9947,0.4121739229474619,8.341621673396046,7.929447750448585
9948,0.4372851973925818,8.110413808136814,7.673128610744232
9949,0.36566927512470343,8.255358416166956,7.889689141042253
9950,0.4739052175954314,8.18627931108344,7.712374093488009
9951,0.4269430300879462,8.175917145547144,7.748974115459198
9952,0.5119888965693913,8.173320028384392,7.661331131815
9953,0.40182793968050745,8.059511558727781,7.6576836190472735
9954,0.3604855311500927,8.104643463265965,7.744157932115873
9955,0.4482126577483585,8.12267004336095,7.674457385612591
9956,0.5381063738009619,8.052724241892404,7.514617868091443
9957,0.27309059421146925,8.196381977966594,7.923291383755124
9958,0.22187396422741973,8.207373452434291,7.985499488206871
9959,0.20073000384008532,8.31428825216252,8.113558248322434
9960,0.1032618132298959,8.094765469552339,7.991503656322443
9961,0.3042717037207354,8.298252142553011,7.993980438832276
9962,0.3030479385799235,8.175937851192685,7.872889912612762
9963,0.3949401963072246,8.214109441604394,7.81916924529717
9964,0.3519111638004271,8.08005483956026,7.728143675759833
9965,0.40155669162655705,8.204378681409194,7.802821989782637
9966,0.41214591110907106,8.176840106655161,7.76469419554609
9967,0.31605377088417436,8.035294764865803,7.719240993981629
9968,0.5747395976719676,8.197246775920824,7.622507178248856
9969,0.32806420805670716,8.269077066374647,7.94101285831794
9970,0.47185887862082265,8.265228276424667,7.793369397803844
9971,0.541089884820772,8.317138019931013,7.7760481351102415
9972,0.4067693687316272,8.199317615890909,7.7925482471592815
9973,0.3929258995780311,8.215792114021815,7.822866214443784
9974,0.5592486466939376,8.142727537136135,7.583478890442198
9975,0.564796065596118,8.196837002084504,7.632040936488385
9976,0.3354203784010438,8.253712915156271,7.918292536755227
9977,0.3812684193006091,8.336838925928921,7.955570506628312
9978,0.4072924890724159,8.14745736630693,7.740164877234514
9979,0.4565127072455289,7.995989527486914,7.5394768202413855
9980,0.49411709109219226,8.247118728180597,7.7530016370884045
9981,0.558322269548911,8.268829116372741,7.71050684682383
9982,0.37138412120289865,8.099368014462417,7.727983893259519
9983,0.4603200959814757,8.290024830623965,7.8297047346424895
9984,0.42350571604407933,8.25101913579234,7.827513419748261
9985,0.22611044932676275,8.206406604346881,7.980296155020119
9986,0.29441746478657377,8.057879804411728,7.763462339625154
9987,0.4944262901189999,8.057236987818364,7.562810697699364
9988,0.1819053517485578,8.01052488282341,7.828619531074851
9989,0.4248146760806244,8.156893288762243,7.732078612681619
9990,0.464362981339114,8.280849227520067,7.816486246180952
9991,0.511163108581563,8.267787848106181,7.756624739524618
9992,0.3523566129775353,8.059997333536215,7.707640720558679
9993,0.47491805447429847,8.26478130182036,7.789863247346061
9994,0.33516872017699406,8.037159172046385,7.701990451869391
9995,0.5044591418782743,8.31521497358422,7.810755831705946
9996,0.2473293425339765,8.258477986636736,8.011148644102759
9997,0.5117174765407735,8.319411175983355,7.807693699442581
9998,0.218197059981746,8.170765549585818,7.952568489604072
9999,0.37552622605657726,8.295320291225561,7.919794065168984
10000,0.43264788444331875,8.192076745955204,7.759428861511885
